2026-03-17T12:32:15.180+05:30  INFO 10092 --- [subscriptionManagementBackend] [restartedMain] SubscriptionManagementBackendApplication : Starting SubscriptionManagementBackendApplication using Java 23.0.2 with PID 10092 (C:\GitHub\Pratiti Training\Mini Project\subscriptionManagementBackend\target\classes started by rohan in C:\GitHub\Pratiti Training\Mini Project\subscriptionManagementBackend)
2026-03-17T12:32:15.181+05:30 DEBUG 10092 --- [subscriptionManagementBackend] [restartedMain] SubscriptionManagementBackendApplication : Running with Spring Boot v4.0.3, Spring v7.0.5
2026-03-17T12:32:15.181+05:30  INFO 10092 --- [subscriptionManagementBackend] [restartedMain] SubscriptionManagementBackendApplication : No active profile set, falling back to 1 default profile: "default"
2026-03-17T12:32:15.871+05:30  INFO 10092 --- [subscriptionManagementBackend] [restartedMain] .s.d.r.c.RepositoryConfigurationDelegate : Bootstrapping Spring Data JPA repositories in DEFAULT mode.
2026-03-17T12:32:15.920+05:30  INFO 10092 --- [subscriptionManagementBackend] [restartedMain] .s.d.r.c.RepositoryConfigurationDelegate : Finished Spring Data repository scanning in 44 ms. Found 1 JPA repository interface.
2026-03-17T12:32:16.194+05:30  INFO 10092 --- [subscriptionManagementBackend] [restartedMain] o.s.boot.tomcat.TomcatWebServer          : Tomcat initialized with port 1234 (http)
2026-03-17T12:32:16.199+05:30  INFO 10092 --- [subscriptionManagementBackend] [restartedMain] o.apache.catalina.core.StandardService   : Starting service [Tomcat]
2026-03-17T12:32:16.199+05:30  INFO 10092 --- [subscriptionManagementBackend] [restartedMain] o.apache.catalina.core.StandardEngine    : Starting Servlet engine: [Apache Tomcat/11.0.18]
2026-03-17T12:32:16.265+05:30  INFO 10092 --- [subscriptionManagementBackend] [restartedMain] b.w.c.s.WebApplicationContextInitializer : Root WebApplicationContext: initialization completed in 1072 ms
2026-03-17T12:32:16.380+05:30  INFO 10092 --- [subscriptionManagementBackend] [restartedMain] org.hibernate.orm.jpa                    : HHH008540: Processing PersistenceUnitInfo [name: default]
2026-03-17T12:32:16.463+05:30  INFO 10092 --- [subscriptionManagementBackend] [restartedMain] o.s.o.j.p.SpringPersistenceUnitInfo      : No LoadTimeWeaver setup: ignoring JPA class transformer
2026-03-17T12:32:16.466+05:30  INFO 10092 --- [subscriptionManagementBackend] [restartedMain] com.zaxxer.hikari.HikariDataSource       : HikariPool-18 - Starting...
2026-03-17T12:32:18.193+05:30  INFO 10092 --- [subscriptionManagementBackend] [restartedMain] com.zaxxer.hikari.pool.HikariPool        : HikariPool-18 - Added connection org.postgresql.jdbc.PgConnection@4f4a326d
2026-03-17T12:32:18.193+05:30  INFO 10092 --- [subscriptionManagementBackend] [restartedMain] com.zaxxer.hikari.HikariDataSource       : HikariPool-18 - Start completed.
2026-03-17T12:32:18.500+05:30  WARN 10092 --- [subscriptionManagementBackend] [restartedMain] org.hibernate.orm.deprecation            : HHH90000025: PostgreSQLDialect does not need to be specified explicitly using 'hibernate.dialect' (remove the property setting and it will be selected by default)
2026-03-17T12:32:19.602+05:30  INFO 10092 --- [subscriptionManagementBackend] [restartedMain] org.hibernate.orm.connections.pooling    : HHH10001005: Database info:
	Database JDBC URL [jdbc:postgresql://ep-morning-dawn-a1z18fkr-pooler.ap-southeast-1.aws.neon.tech:5432/neondb?sslmode=require&channel_binding=require]
	Database driver: PostgreSQL JDBC Driver
	Database dialect: PostgreSQLDialect
	Database version: 17.8
	Default catalog/schema: neondb/public
	Autocommit mode: undefined/unknown
	Isolation level: READ_COMMITTED [default READ_COMMITTED]
	JDBC fetch size: none
	Pool: DataSourceConnectionProvider
	Minimum pool size: undefined/unknown
	Maximum pool size: undefined/unknown
2026-03-17T12:32:19.718+05:30  INFO 10092 --- [subscriptionManagementBackend] [restartedMain] org.hibernate.orm.core                   : HHH000489: No JTA platform available (set 'hibernate.transaction.jta.platform' to enable JTA platform integration)
2026-03-17T12:32:20.351+05:30  INFO 10092 --- [subscriptionManagementBackend] [restartedMain] j.LocalContainerEntityManagerFactoryBean : Initialized JPA EntityManagerFactory for persistence unit 'default'
2026-03-17T12:32:20.460+05:30  WARN 10092 --- [subscriptionManagementBackend] [restartedMain] JpaBaseConfiguration$JpaWebConfiguration : spring.jpa.open-in-view is enabled by default. Therefore, database queries may be performed during view rendering. Explicitly configure spring.jpa.open-in-view to disable this warning
2026-03-17T12:32:20.491+05:30  INFO 10092 --- [subscriptionManagementBackend] [restartedMain] o.s.v.b.OptionalValidatorFactoryBean     : Failed to set up a Bean Validation provider: jakarta.validation.NoProviderFoundException: Unable to create a Configuration, because no Jakarta Validation provider could be found. Add a provider like Hibernate Validator (RI) to your classpath.
2026-03-17T12:32:20.880+05:30  INFO 10092 --- [subscriptionManagementBackend] [restartedMain] o.s.b.a.e.web.EndpointLinksResolver      : Exposing 1 endpoint beneath base path '/actuator'
2026-03-17T12:32:20.945+05:30  INFO 10092 --- [subscriptionManagementBackend] [restartedMain] o.s.boot.tomcat.TomcatWebServer          : Tomcat started on port 1234 (http) with context path '/'
2026-03-17T12:32:20.954+05:30  INFO 10092 --- [subscriptionManagementBackend] [restartedMain] SubscriptionManagementBackendApplication : Started SubscriptionManagementBackendApplication in 6.046 seconds (process running for 5896.573)
2026-03-17T12:32:20.964+05:30  INFO 10092 --- [subscriptionManagementBackend] [restartedMain] .ConditionEvaluationDeltaLoggingListener : Condition evaluation delta:


==========================
CONDITION EVALUATION DELTA
==========================


Positive matches:
-----------------

   LogFileWebEndpointAutoConfiguration#logFileWebEndpoint matched:
      - Log File found logging.file.name logs/app.log (LogFileWebEndpointAutoConfiguration.LogFileCondition)
      - @ConditionalOnMissingBean (types: org.springframework.boot.actuate.logging.LogFileWebEndpoint; SearchStrategy: all) did not find any beans (OnBeanCondition)


Negative matches:
-----------------

    None


Exclusions:
-----------

    None


Unconditional classes:
----------------------

    None



2026-03-17T12:33:15.787+05:30  INFO 10092 --- [subscriptionManagementBackend] [File Watcher] rtingClassPathChangeChangedEventListener : Restarting due to 1 class path change (0 additions, 0 deletions, 1 modification)
2026-03-17T12:33:15.789+05:30  INFO 10092 --- [subscriptionManagementBackend] [Thread-67] o.s.boot.tomcat.GracefulShutdown         : Commencing graceful shutdown. Waiting for active requests to complete
2026-03-17T12:33:15.808+05:30  INFO 10092 --- [subscriptionManagementBackend] [tomcat-shutdown] o.s.boot.tomcat.GracefulShutdown         : Graceful shutdown complete
2026-03-17T12:33:15.813+05:30  INFO 10092 --- [subscriptionManagementBackend] [Thread-67] j.LocalContainerEntityManagerFactoryBean : Closing JPA EntityManagerFactory for persistence unit 'default'
2026-03-17T12:33:15.815+05:30  INFO 10092 --- [subscriptionManagementBackend] [Thread-67] com.zaxxer.hikari.HikariDataSource       : HikariPool-18 - Shutdown initiated...
2026-03-17T12:33:17.823+05:30  INFO 10092 --- [subscriptionManagementBackend] [Thread-67] com.zaxxer.hikari.HikariDataSource       : HikariPool-18 - Shutdown completed.
2026-03-17T12:33:17.999+05:30  INFO 10092 --- [subscriptionManagementBackend] [restartedMain] SubscriptionManagementBackendApplication : Starting SubscriptionManagementBackendApplication using Java 23.0.2 with PID 10092 (C:\GitHub\Pratiti Training\Mini Project\subscriptionManagementBackend\target\classes started by rohan in C:\GitHub\Pratiti Training\Mini Project\subscriptionManagementBackend)
2026-03-17T12:33:18.000+05:30 DEBUG 10092 --- [subscriptionManagementBackend] [restartedMain] SubscriptionManagementBackendApplication : Running with Spring Boot v4.0.3, Spring v7.0.5
2026-03-17T12:33:18.000+05:30  INFO 10092 --- [subscriptionManagementBackend] [restartedMain] SubscriptionManagementBackendApplication : No active profile set, falling back to 1 default profile: "default"
2026-03-17T12:33:18.534+05:30  INFO 10092 --- [subscriptionManagementBackend] [restartedMain] .s.d.r.c.RepositoryConfigurationDelegate : Bootstrapping Spring Data JPA repositories in DEFAULT mode.
2026-03-17T12:33:18.554+05:30  INFO 10092 --- [subscriptionManagementBackend] [restartedMain] .s.d.r.c.RepositoryConfigurationDelegate : Finished Spring Data repository scanning in 17 ms. Found 1 JPA repository interface.
2026-03-17T12:33:18.762+05:30  INFO 10092 --- [subscriptionManagementBackend] [restartedMain] o.s.boot.tomcat.TomcatWebServer          : Tomcat initialized with port 1234 (http)
2026-03-17T12:33:18.765+05:30  INFO 10092 --- [subscriptionManagementBackend] [restartedMain] o.apache.catalina.core.StandardService   : Starting service [Tomcat]
2026-03-17T12:33:18.766+05:30  INFO 10092 --- [subscriptionManagementBackend] [restartedMain] o.apache.catalina.core.StandardEngine    : Starting Servlet engine: [Apache Tomcat/11.0.18]
2026-03-17T12:33:18.828+05:30  INFO 10092 --- [subscriptionManagementBackend] [restartedMain] b.w.c.s.WebApplicationContextInitializer : Root WebApplicationContext: initialization completed in 824 ms
2026-03-17T12:33:18.945+05:30  INFO 10092 --- [subscriptionManagementBackend] [restartedMain] org.hibernate.orm.jpa                    : HHH008540: Processing PersistenceUnitInfo [name: default]
2026-03-17T12:33:19.034+05:30  INFO 10092 --- [subscriptionManagementBackend] [restartedMain] o.s.o.j.p.SpringPersistenceUnitInfo      : No LoadTimeWeaver setup: ignoring JPA class transformer
2026-03-17T12:33:19.036+05:30  INFO 10092 --- [subscriptionManagementBackend] [restartedMain] com.zaxxer.hikari.HikariDataSource       : HikariPool-19 - Starting...
2026-03-17T12:33:21.172+05:30  INFO 10092 --- [subscriptionManagementBackend] [restartedMain] com.zaxxer.hikari.pool.HikariPool        : HikariPool-19 - Added connection org.postgresql.jdbc.PgConnection@7ae0d608
2026-03-17T12:33:21.173+05:30  INFO 10092 --- [subscriptionManagementBackend] [restartedMain] com.zaxxer.hikari.HikariDataSource       : HikariPool-19 - Start completed.
2026-03-17T12:33:21.480+05:30  WARN 10092 --- [subscriptionManagementBackend] [restartedMain] org.hibernate.orm.deprecation            : HHH90000025: PostgreSQLDialect does not need to be specified explicitly using 'hibernate.dialect' (remove the property setting and it will be selected by default)
2026-03-17T12:33:22.580+05:30  INFO 10092 --- [subscriptionManagementBackend] [restartedMain] org.hibernate.orm.connections.pooling    : HHH10001005: Database info:
	Database JDBC URL [jdbc:postgresql://ep-morning-dawn-a1z18fkr-pooler.ap-southeast-1.aws.neon.tech:5432/neondb?sslmode=require&channel_binding=require]
	Database driver: PostgreSQL JDBC Driver
	Database dialect: PostgreSQLDialect
	Database version: 17.8
	Default catalog/schema: neondb/public
	Autocommit mode: undefined/unknown
	Isolation level: READ_COMMITTED [default READ_COMMITTED]
	JDBC fetch size: none
	Pool: DataSourceConnectionProvider
	Minimum pool size: undefined/unknown
	Maximum pool size: undefined/unknown
2026-03-17T12:33:22.648+05:30  INFO 10092 --- [subscriptionManagementBackend] [restartedMain] org.hibernate.orm.core                   : HHH000489: No JTA platform available (set 'hibernate.transaction.jta.platform' to enable JTA platform integration)
2026-03-17T12:33:23.328+05:30  INFO 10092 --- [subscriptionManagementBackend] [restartedMain] j.LocalContainerEntityManagerFactoryBean : Initialized JPA EntityManagerFactory for persistence unit 'default'
2026-03-17T12:33:23.419+05:30  WARN 10092 --- [subscriptionManagementBackend] [restartedMain] JpaBaseConfiguration$JpaWebConfiguration : spring.jpa.open-in-view is enabled by default. Therefore, database queries may be performed during view rendering. Explicitly configure spring.jpa.open-in-view to disable this warning
2026-03-17T12:33:23.449+05:30  INFO 10092 --- [subscriptionManagementBackend] [restartedMain] o.s.v.b.OptionalValidatorFactoryBean     : Failed to set up a Bean Validation provider: jakarta.validation.NoProviderFoundException: Unable to create a Configuration, because no Jakarta Validation provider could be found. Add a provider like Hibernate Validator (RI) to your classpath.
2026-03-17T12:33:23.821+05:30  INFO 10092 --- [subscriptionManagementBackend] [restartedMain] o.s.b.a.e.web.EndpointLinksResolver      : Exposing 1 endpoint beneath base path '/actuator'
2026-03-17T12:33:23.871+05:30  INFO 10092 --- [subscriptionManagementBackend] [restartedMain] o.s.boot.tomcat.TomcatWebServer          : Tomcat started on port 1234 (http) with context path '/'
2026-03-17T12:33:23.877+05:30  INFO 10092 --- [subscriptionManagementBackend] [restartedMain] SubscriptionManagementBackendApplication : Started SubscriptionManagementBackendApplication in 5.949 seconds (process running for 5959.496)
2026-03-17T12:33:23.880+05:30  INFO 10092 --- [subscriptionManagementBackend] [restartedMain] .ConditionEvaluationDeltaLoggingListener : Condition evaluation unchanged
2026-03-17T12:34:02.314+05:30  INFO 10092 --- [subscriptionManagementBackend] [File Watcher] rtingClassPathChangeChangedEventListener : Restarting due to 1 class path change (0 additions, 0 deletions, 1 modification)
2026-03-17T12:34:02.316+05:30  INFO 10092 --- [subscriptionManagementBackend] [Thread-71] o.s.boot.tomcat.GracefulShutdown         : Commencing graceful shutdown. Waiting for active requests to complete
2026-03-17T12:34:02.338+05:30  INFO 10092 --- [subscriptionManagementBackend] [tomcat-shutdown] o.s.boot.tomcat.GracefulShutdown         : Graceful shutdown complete
2026-03-17T12:34:02.347+05:30  INFO 10092 --- [subscriptionManagementBackend] [Thread-71] j.LocalContainerEntityManagerFactoryBean : Closing JPA EntityManagerFactory for persistence unit 'default'
2026-03-17T12:34:02.350+05:30  INFO 10092 --- [subscriptionManagementBackend] [Thread-71] com.zaxxer.hikari.HikariDataSource       : HikariPool-19 - Shutdown initiated...
2026-03-17T12:34:04.230+05:30  INFO 10092 --- [subscriptionManagementBackend] [Thread-71] com.zaxxer.hikari.HikariDataSource       : HikariPool-19 - Shutdown completed.
2026-03-17T12:34:04.381+05:30  INFO 10092 --- [subscriptionManagementBackend] [restartedMain] SubscriptionManagementBackendApplication : Starting SubscriptionManagementBackendApplication using Java 23.0.2 with PID 10092 (C:\GitHub\Pratiti Training\Mini Project\subscriptionManagementBackend\target\classes started by rohan in C:\GitHub\Pratiti Training\Mini Project\subscriptionManagementBackend)
2026-03-17T12:34:04.383+05:30 DEBUG 10092 --- [subscriptionManagementBackend] [restartedMain] SubscriptionManagementBackendApplication : Running with Spring Boot v4.0.3, Spring v7.0.5
2026-03-17T12:34:04.383+05:30  INFO 10092 --- [subscriptionManagementBackend] [restartedMain] SubscriptionManagementBackendApplication : No active profile set, falling back to 1 default profile: "default"
2026-03-17T12:34:04.895+05:30  INFO 10092 --- [subscriptionManagementBackend] [restartedMain] .s.d.r.c.RepositoryConfigurationDelegate : Bootstrapping Spring Data JPA repositories in DEFAULT mode.
2026-03-17T12:34:04.919+05:30  INFO 10092 --- [subscriptionManagementBackend] [restartedMain] .s.d.r.c.RepositoryConfigurationDelegate : Finished Spring Data repository scanning in 20 ms. Found 1 JPA repository interface.
2026-03-17T12:34:05.156+05:30  INFO 10092 --- [subscriptionManagementBackend] [restartedMain] o.s.boot.tomcat.TomcatWebServer          : Tomcat initialized with port 1234 (http)
2026-03-17T12:34:05.161+05:30  INFO 10092 --- [subscriptionManagementBackend] [restartedMain] o.apache.catalina.core.StandardService   : Starting service [Tomcat]
2026-03-17T12:34:05.161+05:30  INFO 10092 --- [subscriptionManagementBackend] [restartedMain] o.apache.catalina.core.StandardEngine    : Starting Servlet engine: [Apache Tomcat/11.0.18]
2026-03-17T12:34:05.228+05:30  INFO 10092 --- [subscriptionManagementBackend] [restartedMain] b.w.c.s.WebApplicationContextInitializer : Root WebApplicationContext: initialization completed in 842 ms
2026-03-17T12:34:05.359+05:30  INFO 10092 --- [subscriptionManagementBackend] [restartedMain] org.hibernate.orm.jpa                    : HHH008540: Processing PersistenceUnitInfo [name: default]
2026-03-17T12:34:05.448+05:30  INFO 10092 --- [subscriptionManagementBackend] [restartedMain] o.s.o.j.p.SpringPersistenceUnitInfo      : No LoadTimeWeaver setup: ignoring JPA class transformer
2026-03-17T12:34:05.451+05:30  INFO 10092 --- [subscriptionManagementBackend] [restartedMain] com.zaxxer.hikari.HikariDataSource       : HikariPool-20 - Starting...
2026-03-17T12:34:08.243+05:30  INFO 10092 --- [subscriptionManagementBackend] [restartedMain] com.zaxxer.hikari.pool.HikariPool        : HikariPool-20 - Added connection org.postgresql.jdbc.PgConnection@651b9bc
2026-03-17T12:34:08.243+05:30  INFO 10092 --- [subscriptionManagementBackend] [restartedMain] com.zaxxer.hikari.HikariDataSource       : HikariPool-20 - Start completed.
2026-03-17T12:34:08.432+05:30  WARN 10092 --- [subscriptionManagementBackend] [restartedMain] org.hibernate.orm.deprecation            : HHH90000025: PostgreSQLDialect does not need to be specified explicitly using 'hibernate.dialect' (remove the property setting and it will be selected by default)
2026-03-17T12:34:09.172+05:30  INFO 10092 --- [subscriptionManagementBackend] [restartedMain] org.hibernate.orm.connections.pooling    : HHH10001005: Database info:
	Database JDBC URL [jdbc:postgresql://ep-morning-dawn-a1z18fkr-pooler.ap-southeast-1.aws.neon.tech:5432/neondb?sslmode=require&channel_binding=require]
	Database driver: PostgreSQL JDBC Driver
	Database dialect: PostgreSQLDialect
	Database version: 17.8
	Default catalog/schema: neondb/public
	Autocommit mode: undefined/unknown
	Isolation level: READ_COMMITTED [default READ_COMMITTED]
	JDBC fetch size: none
	Pool: DataSourceConnectionProvider
	Minimum pool size: undefined/unknown
	Maximum pool size: undefined/unknown
2026-03-17T12:34:09.239+05:30  INFO 10092 --- [subscriptionManagementBackend] [restartedMain] org.hibernate.orm.core                   : HHH000489: No JTA platform available (set 'hibernate.transaction.jta.platform' to enable JTA platform integration)
2026-03-17T12:34:09.917+05:30  INFO 10092 --- [subscriptionManagementBackend] [restartedMain] j.LocalContainerEntityManagerFactoryBean : Initialized JPA EntityManagerFactory for persistence unit 'default'
2026-03-17T12:34:10.005+05:30  WARN 10092 --- [subscriptionManagementBackend] [restartedMain] JpaBaseConfiguration$JpaWebConfiguration : spring.jpa.open-in-view is enabled by default. Therefore, database queries may be performed during view rendering. Explicitly configure spring.jpa.open-in-view to disable this warning
2026-03-17T12:34:10.035+05:30  INFO 10092 --- [subscriptionManagementBackend] [restartedMain] o.s.v.b.OptionalValidatorFactoryBean     : Failed to set up a Bean Validation provider: jakarta.validation.NoProviderFoundException: Unable to create a Configuration, because no Jakarta Validation provider could be found. Add a provider like Hibernate Validator (RI) to your classpath.
2026-03-17T12:34:10.405+05:30  INFO 10092 --- [subscriptionManagementBackend] [restartedMain] o.s.b.a.e.web.EndpointLinksResolver      : Exposing 1 endpoint beneath base path '/actuator'
2026-03-17T12:34:10.463+05:30  INFO 10092 --- [subscriptionManagementBackend] [restartedMain] o.s.boot.tomcat.TomcatWebServer          : Tomcat started on port 1234 (http) with context path '/'
2026-03-17T12:34:10.471+05:30  INFO 10092 --- [subscriptionManagementBackend] [restartedMain] SubscriptionManagementBackendApplication : Started SubscriptionManagementBackendApplication in 6.134 seconds (process running for 6006.089)
2026-03-17T12:34:10.474+05:30  INFO 10092 --- [subscriptionManagementBackend] [restartedMain] .ConditionEvaluationDeltaLoggingListener : Condition evaluation unchanged
2026-03-17T12:34:36.522+05:30  INFO 10092 --- [subscriptionManagementBackend] [File Watcher] rtingClassPathChangeChangedEventListener : Restarting due to 1 class path change (0 additions, 0 deletions, 1 modification)
2026-03-17T12:34:36.525+05:30  INFO 10092 --- [subscriptionManagementBackend] [Thread-75] o.s.boot.tomcat.GracefulShutdown         : Commencing graceful shutdown. Waiting for active requests to complete
2026-03-17T12:34:36.541+05:30  INFO 10092 --- [subscriptionManagementBackend] [tomcat-shutdown] o.s.boot.tomcat.GracefulShutdown         : Graceful shutdown complete
2026-03-17T12:34:36.546+05:30  INFO 10092 --- [subscriptionManagementBackend] [Thread-75] j.LocalContainerEntityManagerFactoryBean : Closing JPA EntityManagerFactory for persistence unit 'default'
2026-03-17T12:34:36.548+05:30  INFO 10092 --- [subscriptionManagementBackend] [Thread-75] com.zaxxer.hikari.HikariDataSource       : HikariPool-20 - Shutdown initiated...
2026-03-17T12:34:38.430+05:30  INFO 10092 --- [subscriptionManagementBackend] [Thread-75] com.zaxxer.hikari.HikariDataSource       : HikariPool-20 - Shutdown completed.
2026-03-17T12:34:38.562+05:30  INFO 10092 --- [subscriptionManagementBackend] [restartedMain] SubscriptionManagementBackendApplication : Starting SubscriptionManagementBackendApplication using Java 23.0.2 with PID 10092 (C:\GitHub\Pratiti Training\Mini Project\subscriptionManagementBackend\target\classes started by rohan in C:\GitHub\Pratiti Training\Mini Project\subscriptionManagementBackend)
2026-03-17T12:34:38.563+05:30 DEBUG 10092 --- [subscriptionManagementBackend] [restartedMain] SubscriptionManagementBackendApplication : Running with Spring Boot v4.0.3, Spring v7.0.5
2026-03-17T12:34:38.563+05:30  INFO 10092 --- [subscriptionManagementBackend] [restartedMain] SubscriptionManagementBackendApplication : No active profile set, falling back to 1 default profile: "default"
2026-03-17T12:34:39.082+05:30  INFO 10092 --- [subscriptionManagementBackend] [restartedMain] .s.d.r.c.RepositoryConfigurationDelegate : Bootstrapping Spring Data JPA repositories in DEFAULT mode.
2026-03-17T12:34:39.103+05:30  INFO 10092 --- [subscriptionManagementBackend] [restartedMain] .s.d.r.c.RepositoryConfigurationDelegate : Finished Spring Data repository scanning in 18 ms. Found 1 JPA repository interface.
2026-03-17T12:34:39.299+05:30  INFO 10092 --- [subscriptionManagementBackend] [restartedMain] o.s.boot.tomcat.TomcatWebServer          : Tomcat initialized with port 1234 (http)
2026-03-17T12:34:39.300+05:30  INFO 10092 --- [subscriptionManagementBackend] [restartedMain] o.apache.catalina.core.StandardService   : Starting service [Tomcat]
2026-03-17T12:34:39.300+05:30  INFO 10092 --- [subscriptionManagementBackend] [restartedMain] o.apache.catalina.core.StandardEngine    : Starting Servlet engine: [Apache Tomcat/11.0.18]
2026-03-17T12:34:39.361+05:30  INFO 10092 --- [subscriptionManagementBackend] [restartedMain] b.w.c.s.WebApplicationContextInitializer : Root WebApplicationContext: initialization completed in 795 ms
2026-03-17T12:34:39.453+05:30  INFO 10092 --- [subscriptionManagementBackend] [restartedMain] org.hibernate.orm.jpa                    : HHH008540: Processing PersistenceUnitInfo [name: default]
2026-03-17T12:34:39.519+05:30  INFO 10092 --- [subscriptionManagementBackend] [restartedMain] o.s.o.j.p.SpringPersistenceUnitInfo      : No LoadTimeWeaver setup: ignoring JPA class transformer
2026-03-17T12:34:39.521+05:30  INFO 10092 --- [subscriptionManagementBackend] [restartedMain] com.zaxxer.hikari.HikariDataSource       : HikariPool-21 - Starting...
2026-03-17T12:34:41.703+05:30  INFO 10092 --- [subscriptionManagementBackend] [restartedMain] com.zaxxer.hikari.pool.HikariPool        : HikariPool-21 - Added connection org.postgresql.jdbc.PgConnection@4dcd4828
2026-03-17T12:34:41.704+05:30  INFO 10092 --- [subscriptionManagementBackend] [restartedMain] com.zaxxer.hikari.HikariDataSource       : HikariPool-21 - Start completed.
2026-03-17T12:34:43.200+05:30  WARN 10092 --- [subscriptionManagementBackend] [restartedMain] org.hibernate.orm.deprecation            : HHH90000025: PostgreSQLDialect does not need to be specified explicitly using 'hibernate.dialect' (remove the property setting and it will be selected by default)
2026-03-17T12:34:44.507+05:30  INFO 10092 --- [subscriptionManagementBackend] [restartedMain] org.hibernate.orm.connections.pooling    : HHH10001005: Database info:
	Database JDBC URL [jdbc:postgresql://ep-morning-dawn-a1z18fkr-pooler.ap-southeast-1.aws.neon.tech:5432/neondb?sslmode=require&channel_binding=require]
	Database driver: PostgreSQL JDBC Driver
	Database dialect: PostgreSQLDialect
	Database version: 17.8
	Default catalog/schema: neondb/public
	Autocommit mode: undefined/unknown
	Isolation level: READ_COMMITTED [default READ_COMMITTED]
	JDBC fetch size: none
	Pool: DataSourceConnectionProvider
	Minimum pool size: undefined/unknown
	Maximum pool size: undefined/unknown
2026-03-17T12:34:44.569+05:30  INFO 10092 --- [subscriptionManagementBackend] [restartedMain] org.hibernate.orm.core                   : HHH000489: No JTA platform available (set 'hibernate.transaction.jta.platform' to enable JTA platform integration)
2026-03-17T12:34:45.420+05:30  INFO 10092 --- [subscriptionManagementBackend] [restartedMain] j.LocalContainerEntityManagerFactoryBean : Initialized JPA EntityManagerFactory for persistence unit 'default'
2026-03-17T12:34:45.520+05:30  WARN 10092 --- [subscriptionManagementBackend] [restartedMain] JpaBaseConfiguration$JpaWebConfiguration : spring.jpa.open-in-view is enabled by default. Therefore, database queries may be performed during view rendering. Explicitly configure spring.jpa.open-in-view to disable this warning
2026-03-17T12:34:45.552+05:30  INFO 10092 --- [subscriptionManagementBackend] [restartedMain] o.s.v.b.OptionalValidatorFactoryBean     : Failed to set up a Bean Validation provider: jakarta.validation.NoProviderFoundException: Unable to create a Configuration, because no Jakarta Validation provider could be found. Add a provider like Hibernate Validator (RI) to your classpath.
2026-03-17T12:34:45.854+05:30  INFO 10092 --- [subscriptionManagementBackend] [restartedMain] o.s.b.a.e.web.EndpointLinksResolver      : Exposing 1 endpoint beneath base path '/actuator'
2026-03-17T12:34:45.889+05:30  INFO 10092 --- [subscriptionManagementBackend] [restartedMain] o.s.boot.tomcat.TomcatWebServer          : Tomcat started on port 1234 (http) with context path '/'
2026-03-17T12:34:45.897+05:30  INFO 10092 --- [subscriptionManagementBackend] [restartedMain] SubscriptionManagementBackendApplication : Started SubscriptionManagementBackendApplication in 7.379 seconds (process running for 6041.517)
2026-03-17T12:34:45.901+05:30  INFO 10092 --- [subscriptionManagementBackend] [restartedMain] .ConditionEvaluationDeltaLoggingListener : Condition evaluation unchanged
2026-03-17T12:35:03.756+05:30  INFO 10092 --- [subscriptionManagementBackend] [File Watcher] rtingClassPathChangeChangedEventListener : Restarting due to 1 class path change (0 additions, 0 deletions, 1 modification)
2026-03-17T12:35:03.761+05:30  INFO 10092 --- [subscriptionManagementBackend] [Thread-79] o.s.boot.tomcat.GracefulShutdown         : Commencing graceful shutdown. Waiting for active requests to complete
2026-03-17T12:35:03.798+05:30  INFO 10092 --- [subscriptionManagementBackend] [tomcat-shutdown] o.s.boot.tomcat.GracefulShutdown         : Graceful shutdown complete
2026-03-17T12:35:03.804+05:30  INFO 10092 --- [subscriptionManagementBackend] [Thread-79] j.LocalContainerEntityManagerFactoryBean : Closing JPA EntityManagerFactory for persistence unit 'default'
2026-03-17T12:35:03.805+05:30  INFO 10092 --- [subscriptionManagementBackend] [Thread-79] com.zaxxer.hikari.HikariDataSource       : HikariPool-21 - Shutdown initiated...
2026-03-17T12:35:06.097+05:30  INFO 10092 --- [subscriptionManagementBackend] [Thread-79] com.zaxxer.hikari.HikariDataSource       : HikariPool-21 - Shutdown completed.
2026-03-17T12:35:06.245+05:30  INFO 10092 --- [subscriptionManagementBackend] [restartedMain] SubscriptionManagementBackendApplication : Starting SubscriptionManagementBackendApplication using Java 23.0.2 with PID 10092 (C:\GitHub\Pratiti Training\Mini Project\subscriptionManagementBackend\target\classes started by rohan in C:\GitHub\Pratiti Training\Mini Project\subscriptionManagementBackend)
2026-03-17T12:35:06.246+05:30 DEBUG 10092 --- [subscriptionManagementBackend] [restartedMain] SubscriptionManagementBackendApplication : Running with Spring Boot v4.0.3, Spring v7.0.5
2026-03-17T12:35:06.247+05:30  INFO 10092 --- [subscriptionManagementBackend] [restartedMain] SubscriptionManagementBackendApplication : No active profile set, falling back to 1 default profile: "default"
2026-03-17T12:35:06.722+05:30  INFO 10092 --- [subscriptionManagementBackend] [restartedMain] .s.d.r.c.RepositoryConfigurationDelegate : Bootstrapping Spring Data JPA repositories in DEFAULT mode.
2026-03-17T12:35:06.760+05:30  INFO 10092 --- [subscriptionManagementBackend] [restartedMain] .s.d.r.c.RepositoryConfigurationDelegate : Finished Spring Data repository scanning in 34 ms. Found 1 JPA repository interface.
2026-03-17T12:35:06.937+05:30  INFO 10092 --- [subscriptionManagementBackend] [restartedMain] o.s.boot.tomcat.TomcatWebServer          : Tomcat initialized with port 1234 (http)
2026-03-17T12:35:06.938+05:30  INFO 10092 --- [subscriptionManagementBackend] [restartedMain] o.apache.catalina.core.StandardService   : Starting service [Tomcat]
2026-03-17T12:35:06.938+05:30  INFO 10092 --- [subscriptionManagementBackend] [restartedMain] o.apache.catalina.core.StandardEngine    : Starting Servlet engine: [Apache Tomcat/11.0.18]
2026-03-17T12:35:06.992+05:30  INFO 10092 --- [subscriptionManagementBackend] [restartedMain] b.w.c.s.WebApplicationContextInitializer : Root WebApplicationContext: initialization completed in 737 ms
2026-03-17T12:35:07.087+05:30  INFO 10092 --- [subscriptionManagementBackend] [restartedMain] org.hibernate.orm.jpa                    : HHH008540: Processing PersistenceUnitInfo [name: default]
2026-03-17T12:35:07.154+05:30  INFO 10092 --- [subscriptionManagementBackend] [restartedMain] o.s.o.j.p.SpringPersistenceUnitInfo      : No LoadTimeWeaver setup: ignoring JPA class transformer
2026-03-17T12:35:07.155+05:30  INFO 10092 --- [subscriptionManagementBackend] [restartedMain] com.zaxxer.hikari.HikariDataSource       : HikariPool-22 - Starting...
2026-03-17T12:35:09.249+05:30  INFO 10092 --- [subscriptionManagementBackend] [restartedMain] com.zaxxer.hikari.pool.HikariPool        : HikariPool-22 - Added connection org.postgresql.jdbc.PgConnection@2d012cae
2026-03-17T12:35:09.249+05:30  INFO 10092 --- [subscriptionManagementBackend] [restartedMain] com.zaxxer.hikari.HikariDataSource       : HikariPool-22 - Start completed.
2026-03-17T12:35:09.434+05:30  WARN 10092 --- [subscriptionManagementBackend] [restartedMain] org.hibernate.orm.deprecation            : HHH90000025: PostgreSQLDialect does not need to be specified explicitly using 'hibernate.dialect' (remove the property setting and it will be selected by default)
2026-03-17T12:35:10.179+05:30  INFO 10092 --- [subscriptionManagementBackend] [restartedMain] org.hibernate.orm.connections.pooling    : HHH10001005: Database info:
	Database JDBC URL [jdbc:postgresql://ep-morning-dawn-a1z18fkr-pooler.ap-southeast-1.aws.neon.tech:5432/neondb?sslmode=require&channel_binding=require]
	Database driver: PostgreSQL JDBC Driver
	Database dialect: PostgreSQLDialect
	Database version: 17.8
	Default catalog/schema: neondb/public
	Autocommit mode: undefined/unknown
	Isolation level: READ_COMMITTED [default READ_COMMITTED]
	JDBC fetch size: none
	Pool: DataSourceConnectionProvider
	Minimum pool size: undefined/unknown
	Maximum pool size: undefined/unknown
2026-03-17T12:35:10.265+05:30  INFO 10092 --- [subscriptionManagementBackend] [restartedMain] org.hibernate.orm.core                   : HHH000489: No JTA platform available (set 'hibernate.transaction.jta.platform' to enable JTA platform integration)
2026-03-17T12:35:10.922+05:30  INFO 10092 --- [subscriptionManagementBackend] [restartedMain] j.LocalContainerEntityManagerFactoryBean : Initialized JPA EntityManagerFactory for persistence unit 'default'
2026-03-17T12:35:11.065+05:30  WARN 10092 --- [subscriptionManagementBackend] [restartedMain] JpaBaseConfiguration$JpaWebConfiguration : spring.jpa.open-in-view is enabled by default. Therefore, database queries may be performed during view rendering. Explicitly configure spring.jpa.open-in-view to disable this warning
2026-03-17T12:35:11.109+05:30  INFO 10092 --- [subscriptionManagementBackend] [restartedMain] o.s.v.b.OptionalValidatorFactoryBean     : Failed to set up a Bean Validation provider: jakarta.validation.NoProviderFoundException: Unable to create a Configuration, because no Jakarta Validation provider could be found. Add a provider like Hibernate Validator (RI) to your classpath.
2026-03-17T12:35:11.627+05:30  INFO 10092 --- [subscriptionManagementBackend] [restartedMain] o.s.b.a.e.web.EndpointLinksResolver      : Exposing 1 endpoint beneath base path '/actuator'
2026-03-17T12:35:11.698+05:30  INFO 10092 --- [subscriptionManagementBackend] [restartedMain] o.s.boot.tomcat.TomcatWebServer          : Tomcat started on port 1234 (http) with context path '/'
2026-03-17T12:35:11.711+05:30  INFO 10092 --- [subscriptionManagementBackend] [restartedMain] SubscriptionManagementBackendApplication : Started SubscriptionManagementBackendApplication in 5.531 seconds (process running for 6067.33)
2026-03-17T12:35:11.716+05:30  INFO 10092 --- [subscriptionManagementBackend] [restartedMain] .ConditionEvaluationDeltaLoggingListener : Condition evaluation unchanged
2026-03-17T12:43:55.687+05:30  INFO 10092 --- [subscriptionManagementBackend] [File Watcher] rtingClassPathChangeChangedEventListener : Restarting due to 1 class path change (0 additions, 0 deletions, 1 modification)
2026-03-17T12:43:55.950+05:30  INFO 10092 --- [subscriptionManagementBackend] [Thread-83] o.s.boot.tomcat.GracefulShutdown         : Commencing graceful shutdown. Waiting for active requests to complete
2026-03-17T12:43:56.042+05:30  INFO 10092 --- [subscriptionManagementBackend] [tomcat-shutdown] o.s.boot.tomcat.GracefulShutdown         : Graceful shutdown complete
2026-03-17T12:43:56.411+05:30  INFO 10092 --- [subscriptionManagementBackend] [Thread-83] j.LocalContainerEntityManagerFactoryBean : Closing JPA EntityManagerFactory for persistence unit 'default'
2026-03-17T12:43:56.530+05:30  INFO 10092 --- [subscriptionManagementBackend] [Thread-83] com.zaxxer.hikari.HikariDataSource       : HikariPool-22 - Shutdown initiated...
2026-03-17T12:43:58.534+05:30  INFO 10092 --- [subscriptionManagementBackend] [Thread-83] com.zaxxer.hikari.HikariDataSource       : HikariPool-22 - Shutdown completed.
2026-03-17T12:44:01.166+05:30  INFO 10092 --- [subscriptionManagementBackend] [restartedMain] SubscriptionManagementBackendApplication : Starting SubscriptionManagementBackendApplication using Java 23.0.2 with PID 10092 (C:\GitHub\Pratiti Training\Mini Project\subscriptionManagementBackend\target\classes started by rohan in C:\GitHub\Pratiti Training\Mini Project\subscriptionManagementBackend)
2026-03-17T12:44:01.167+05:30 DEBUG 10092 --- [subscriptionManagementBackend] [restartedMain] SubscriptionManagementBackendApplication : Running with Spring Boot v4.0.3, Spring v7.0.5
2026-03-17T12:44:01.168+05:30  INFO 10092 --- [subscriptionManagementBackend] [restartedMain] SubscriptionManagementBackendApplication : No active profile set, falling back to 1 default profile: "default"
2026-03-17T12:44:03.135+05:30  INFO 10092 --- [subscriptionManagementBackend] [restartedMain] .s.d.r.c.RepositoryConfigurationDelegate : Bootstrapping Spring Data JPA repositories in DEFAULT mode.
2026-03-17T12:44:03.187+05:30  INFO 10092 --- [subscriptionManagementBackend] [restartedMain] .s.d.r.c.RepositoryConfigurationDelegate : Finished Spring Data repository scanning in 47 ms. Found 1 JPA repository interface.
2026-03-17T12:44:03.940+05:30  INFO 10092 --- [subscriptionManagementBackend] [restartedMain] o.s.boot.tomcat.TomcatWebServer          : Tomcat initialized with port 1234 (http)
2026-03-17T12:44:03.948+05:30  INFO 10092 --- [subscriptionManagementBackend] [restartedMain] o.apache.catalina.core.StandardService   : Starting service [Tomcat]
2026-03-17T12:44:03.949+05:30  INFO 10092 --- [subscriptionManagementBackend] [restartedMain] o.apache.catalina.core.StandardEngine    : Starting Servlet engine: [Apache Tomcat/11.0.18]
2026-03-17T12:44:04.023+05:30  INFO 10092 --- [subscriptionManagementBackend] [restartedMain] b.w.c.s.WebApplicationContextInitializer : Root WebApplicationContext: initialization completed in 2792 ms
2026-03-17T12:44:04.186+05:30  INFO 10092 --- [subscriptionManagementBackend] [restartedMain] org.hibernate.orm.jpa                    : HHH008540: Processing PersistenceUnitInfo [name: default]
2026-03-17T12:44:04.300+05:30  INFO 10092 --- [subscriptionManagementBackend] [restartedMain] o.s.o.j.p.SpringPersistenceUnitInfo      : No LoadTimeWeaver setup: ignoring JPA class transformer
2026-03-17T12:44:04.303+05:30  INFO 10092 --- [subscriptionManagementBackend] [restartedMain] com.zaxxer.hikari.HikariDataSource       : HikariPool-23 - Starting...
2026-03-17T12:44:16.727+05:30  WARN 10092 --- [subscriptionManagementBackend] [restartedMain] org.hibernate.orm.jdbc.error             : HHH000247: ErrorCode: 0, SQLState: 08001
2026-03-17T12:44:16.727+05:30  WARN 10092 --- [subscriptionManagementBackend] [restartedMain] org.hibernate.orm.jdbc.error             : The connection attempt failed.
2026-03-17T12:44:16.727+05:30  WARN 10092 --- [subscriptionManagementBackend] [restartedMain] org.hibernate.orm.jdbc                   : HHH100046: Could not obtain connection to query JDBC database metadata

org.hibernate.exception.JDBCConnectionException: Unable to obtain isolated JDBC connection [The connection attempt failed.] [n/a]
	at org.hibernate.exception.internal.SQLStateConversionDelegate.convert(SQLStateConversionDelegate.java:80) ~[hibernate-core-7.2.4.Final.jar:7.2.4.Final]
	at org.hibernate.exception.internal.StandardSQLExceptionConverter.convert(StandardSQLExceptionConverter.java:34) ~[hibernate-core-7.2.4.Final.jar:7.2.4.Final]
	at org.hibernate.engine.jdbc.spi.SqlExceptionHelper.convert(SqlExceptionHelper.java:115) ~[hibernate-core-7.2.4.Final.jar:7.2.4.Final]
	at org.hibernate.engine.jdbc.spi.SqlExceptionHelper.convert(SqlExceptionHelper.java:101) ~[hibernate-core-7.2.4.Final.jar:7.2.4.Final]
	at org.hibernate.resource.transaction.backend.jdbc.internal.JdbcIsolationDelegate.delegateWork(JdbcIsolationDelegate.java:51) ~[hibernate-core-7.2.4.Final.jar:7.2.4.Final]
	at org.hibernate.engine.jdbc.env.internal.JdbcEnvironmentInitiator.getJdbcEnvironmentUsingJdbcMetadata(JdbcEnvironmentInitiator.java:366) ~[hibernate-core-7.2.4.Final.jar:7.2.4.Final]
	at org.hibernate.engine.jdbc.env.internal.JdbcEnvironmentInitiator.getJdbcEnvironment(JdbcEnvironmentInitiator.java:143) ~[hibernate-core-7.2.4.Final.jar:7.2.4.Final]
	at org.hibernate.engine.jdbc.env.internal.JdbcEnvironmentInitiator.initiateService(JdbcEnvironmentInitiator.java:120) ~[hibernate-core-7.2.4.Final.jar:7.2.4.Final]
	at org.hibernate.engine.jdbc.env.internal.JdbcEnvironmentInitiator.initiateService(JdbcEnvironmentInitiator.java:80) ~[hibernate-core-7.2.4.Final.jar:7.2.4.Final]
	at org.hibernate.boot.registry.internal.StandardServiceRegistryImpl.initiateService(StandardServiceRegistryImpl.java:133) ~[hibernate-core-7.2.4.Final.jar:7.2.4.Final]
	at org.hibernate.service.internal.AbstractServiceRegistryImpl.createService(AbstractServiceRegistryImpl.java:260) ~[hibernate-core-7.2.4.Final.jar:7.2.4.Final]
	at org.hibernate.service.internal.AbstractServiceRegistryImpl.initializeService(AbstractServiceRegistryImpl.java:235) ~[hibernate-core-7.2.4.Final.jar:7.2.4.Final]
	at org.hibernate.service.internal.AbstractServiceRegistryImpl.getService(AbstractServiceRegistryImpl.java:212) ~[hibernate-core-7.2.4.Final.jar:7.2.4.Final]
	at org.hibernate.boot.model.relational.Database.<init>(Database.java:44) ~[hibernate-core-7.2.4.Final.jar:7.2.4.Final]
	at org.hibernate.boot.internal.InFlightMetadataCollectorImpl.getDatabase(InFlightMetadataCollectorImpl.java:251) ~[hibernate-core-7.2.4.Final.jar:7.2.4.Final]
	at org.hibernate.boot.internal.InFlightMetadataCollectorImpl.<init>(InFlightMetadataCollectorImpl.java:203) ~[hibernate-core-7.2.4.Final.jar:7.2.4.Final]
	at org.hibernate.boot.model.process.spi.MetadataBuildingProcess.complete(MetadataBuildingProcess.java:170) ~[hibernate-core-7.2.4.Final.jar:7.2.4.Final]
	at org.hibernate.jpa.boot.internal.EntityManagerFactoryBuilderImpl.metadata(EntityManagerFactoryBuilderImpl.java:1392) ~[hibernate-core-7.2.4.Final.jar:7.2.4.Final]
	at org.hibernate.jpa.boot.internal.EntityManagerFactoryBuilderImpl.populateSessionFactoryBuilder(EntityManagerFactoryBuilderImpl.java:1472) ~[hibernate-core-7.2.4.Final.jar:7.2.4.Final]
	at org.hibernate.jpa.boot.internal.EntityManagerFactoryBuilderImpl.build(EntityManagerFactoryBuilderImpl.java:1454) ~[hibernate-core-7.2.4.Final.jar:7.2.4.Final]
	at org.springframework.orm.jpa.vendor.SpringHibernateJpaPersistenceProvider.createContainerEntityManagerFactory(SpringHibernateJpaPersistenceProvider.java:93) ~[spring-orm-7.0.5.jar:7.0.5]
	at org.springframework.orm.jpa.LocalContainerEntityManagerFactoryBean.createNativeEntityManagerFactory(LocalContainerEntityManagerFactoryBean.java:443) ~[spring-orm-7.0.5.jar:7.0.5]
	at org.springframework.orm.jpa.AbstractEntityManagerFactoryBean.buildNativeEntityManagerFactory(AbstractEntityManagerFactoryBean.java:436) ~[spring-orm-7.0.5.jar:7.0.5]
	at org.springframework.orm.jpa.AbstractEntityManagerFactoryBean.afterPropertiesSet(AbstractEntityManagerFactoryBean.java:411) ~[spring-orm-7.0.5.jar:7.0.5]
	at org.springframework.orm.jpa.LocalContainerEntityManagerFactoryBean.afterPropertiesSet(LocalContainerEntityManagerFactoryBean.java:419) ~[spring-orm-7.0.5.jar:7.0.5]
	at org.springframework.beans.factory.support.AbstractAutowireCapableBeanFactory.invokeInitMethods(AbstractAutowireCapableBeanFactory.java:1864) ~[spring-beans-7.0.5.jar:7.0.5]
	at org.springframework.beans.factory.support.AbstractAutowireCapableBeanFactory.initializeBean(AbstractAutowireCapableBeanFactory.java:1813) ~[spring-beans-7.0.5.jar:7.0.5]
	at org.springframework.beans.factory.support.AbstractAutowireCapableBeanFactory.doCreateBean(AbstractAutowireCapableBeanFactory.java:603) ~[spring-beans-7.0.5.jar:7.0.5]
	at org.springframework.beans.factory.support.AbstractAutowireCapableBeanFactory.createBean(AbstractAutowireCapableBeanFactory.java:525) ~[spring-beans-7.0.5.jar:7.0.5]
	at org.springframework.beans.factory.support.AbstractBeanFactory.lambda$doGetBean$0(AbstractBeanFactory.java:333) ~[spring-beans-7.0.5.jar:7.0.5]
	at org.springframework.beans.factory.support.DefaultSingletonBeanRegistry.getSingleton(DefaultSingletonBeanRegistry.java:371) ~[spring-beans-7.0.5.jar:7.0.5]
	at org.springframework.beans.factory.support.AbstractBeanFactory.doGetBean(AbstractBeanFactory.java:331) ~[spring-beans-7.0.5.jar:7.0.5]
	at org.springframework.beans.factory.support.AbstractBeanFactory.getBean(AbstractBeanFactory.java:201) ~[spring-beans-7.0.5.jar:7.0.5]
	at org.springframework.context.support.AbstractApplicationContext.finishBeanFactoryInitialization(AbstractApplicationContext.java:977) ~[spring-context-7.0.5.jar:7.0.5]
	at org.springframework.context.support.AbstractApplicationContext.refresh(AbstractApplicationContext.java:621) ~[spring-context-7.0.5.jar:7.0.5]
	at org.springframework.boot.web.server.servlet.context.ServletWebServerApplicationContext.refresh(ServletWebServerApplicationContext.java:143) ~[spring-boot-web-server-4.0.3.jar:4.0.3]
	at org.springframework.boot.SpringApplication.refresh(SpringApplication.java:756) ~[spring-boot-4.0.3.jar:4.0.3]
	at org.springframework.boot.SpringApplication.refreshContext(SpringApplication.java:445) ~[spring-boot-4.0.3.jar:4.0.3]
	at org.springframework.boot.SpringApplication.run(SpringApplication.java:321) ~[spring-boot-4.0.3.jar:4.0.3]
	at org.springframework.boot.SpringApplication.run(SpringApplication.java:1365) ~[spring-boot-4.0.3.jar:4.0.3]
	at org.springframework.boot.SpringApplication.run(SpringApplication.java:1354) ~[spring-boot-4.0.3.jar:4.0.3]
	at com.rohan.SubscriptionManagementBackendApplication.main(SubscriptionManagementBackendApplication.java:10) ~[classes/:na]
	at java.base/jdk.internal.reflect.DirectMethodHandleAccessor.invoke(DirectMethodHandleAccessor.java:103) ~[na:na]
	at java.base/java.lang.reflect.Method.invoke(Method.java:580) ~[na:na]
	at org.springframework.boot.devtools.restart.RestartLauncher.run(RestartLauncher.java:52) ~[spring-boot-devtools-4.0.3.jar:4.0.3]
Caused by: org.postgresql.util.PSQLException: The connection attempt failed.
	at org.postgresql.core.v3.ConnectionFactoryImpl.openConnectionImpl(ConnectionFactoryImpl.java:385) ~[postgresql-42.7.10.jar:42.7.10]
	at org.postgresql.core.ConnectionFactory.openConnection(ConnectionFactory.java:57) ~[postgresql-42.7.10.jar:42.7.10]
	at org.postgresql.jdbc.PgConnection.<init>(PgConnection.java:290) ~[postgresql-42.7.10.jar:42.7.10]
	at org.postgresql.Driver.makeConnection(Driver.java:448) ~[postgresql-42.7.10.jar:42.7.10]
	at org.postgresql.Driver.connect(Driver.java:298) ~[postgresql-42.7.10.jar:42.7.10]
	at com.zaxxer.hikari.util.DriverDataSource.getConnection(DriverDataSource.java:144) ~[HikariCP-7.0.2.jar:na]
	at com.zaxxer.hikari.pool.PoolBase.newConnection(PoolBase.java:373) ~[HikariCP-7.0.2.jar:na]
	at com.zaxxer.hikari.pool.PoolBase.newPoolEntry(PoolBase.java:210) ~[HikariCP-7.0.2.jar:na]
	at com.zaxxer.hikari.pool.HikariPool.createPoolEntry(HikariPool.java:488) ~[HikariCP-7.0.2.jar:na]
	at com.zaxxer.hikari.pool.HikariPool.checkFailFast(HikariPool.java:576) ~[HikariCP-7.0.2.jar:na]
	at com.zaxxer.hikari.pool.HikariPool.<init>(HikariPool.java:97) ~[HikariCP-7.0.2.jar:na]
	at com.zaxxer.hikari.HikariDataSource.getConnection(HikariDataSource.java:111) ~[HikariCP-7.0.2.jar:na]
	at org.hibernate.engine.jdbc.connections.internal.DataSourceConnectionProvider.getConnection(DataSourceConnectionProvider.java:137) ~[hibernate-core-7.2.4.Final.jar:7.2.4.Final]
	at org.hibernate.engine.jdbc.env.internal.JdbcEnvironmentInitiator$ConnectionProviderJdbcConnectionAccess.obtainConnection(JdbcEnvironmentInitiator.java:508) ~[hibernate-core-7.2.4.Final.jar:7.2.4.Final]
	at org.hibernate.resource.transaction.backend.jdbc.internal.JdbcIsolationDelegate.delegateWork(JdbcIsolationDelegate.java:48) ~[hibernate-core-7.2.4.Final.jar:7.2.4.Final]
	... 40 common frames omitted
Caused by: java.net.UnknownHostException: ep-morning-dawn-a1z18fkr-pooler.ap-southeast-1.aws.neon.tech
	at java.base/sun.nio.ch.NioSocketImpl.connect(NioSocketImpl.java:567) ~[na:na]
	at java.base/java.net.SocksSocketImpl.connect(SocksSocketImpl.java:327) ~[na:na]
	at java.base/java.net.Socket.connect(Socket.java:760) ~[na:na]
	at org.postgresql.core.PGStream.createSocket(PGStream.java:261) ~[postgresql-42.7.10.jar:42.7.10]
	at org.postgresql.core.PGStream.<init>(PGStream.java:122) ~[postgresql-42.7.10.jar:42.7.10]
	at org.postgresql.core.v3.ConnectionFactoryImpl.tryConnect(ConnectionFactoryImpl.java:146) ~[postgresql-42.7.10.jar:42.7.10]
	at org.postgresql.core.v3.ConnectionFactoryImpl.openConnectionImpl(ConnectionFactoryImpl.java:289) ~[postgresql-42.7.10.jar:42.7.10]
	... 54 common frames omitted

2026-03-17T12:44:16.736+05:30  WARN 10092 --- [subscriptionManagementBackend] [restartedMain] org.hibernate.orm.deprecation            : HHH90000025: PostgreSQLDialect does not need to be specified explicitly using 'hibernate.dialect' (remove the property setting and it will be selected by default)
2026-03-17T12:44:16.736+05:30  INFO 10092 --- [subscriptionManagementBackend] [restartedMain] org.hibernate.orm.connections.pooling    : HHH10001005: Database info:
	Database JDBC URL [undefined/unknown]
	Database driver: undefined/unknown
	Database dialect: PostgreSQLDialect
	Database version: 13.0
	Default catalog/schema: unknown/unknown
	Autocommit mode: undefined/unknown
	Isolation level: NONE [default NONE]
	JDBC fetch size: undefined/unknown
	Pool: DataSourceConnectionProvider
	Minimum pool size: undefined/unknown
	Maximum pool size: undefined/unknown
2026-03-17T12:44:16.844+05:30  INFO 10092 --- [subscriptionManagementBackend] [restartedMain] org.hibernate.orm.core                   : HHH000489: No JTA platform available (set 'hibernate.transaction.jta.platform' to enable JTA platform integration)
2026-03-17T12:44:16.848+05:30  INFO 10092 --- [subscriptionManagementBackend] [restartedMain] com.zaxxer.hikari.HikariDataSource       : HikariPool-23 - Starting...
2026-03-17T12:44:17.853+05:30  WARN 10092 --- [subscriptionManagementBackend] [restartedMain] org.hibernate.orm.jdbc.error             : HHH000247: ErrorCode: 0, SQLState: 08001
2026-03-17T12:44:17.853+05:30  WARN 10092 --- [subscriptionManagementBackend] [restartedMain] org.hibernate.orm.jdbc.error             : The connection attempt failed.
2026-03-17T12:44:17.854+05:30 ERROR 10092 --- [subscriptionManagementBackend] [restartedMain] j.LocalContainerEntityManagerFactoryBean : Failed to initialize JPA EntityManagerFactory: Unable to build Hibernate SessionFactory  [persistence unit: default] ; nested exception is org.hibernate.exception.JDBCConnectionException: Unable to open JDBC Connection for DDL execution [The connection attempt failed.] [n/a]
2026-03-17T12:44:17.854+05:30  WARN 10092 --- [subscriptionManagementBackend] [restartedMain] ConfigServletWebServerApplicationContext : Exception encountered during context initialization - cancelling refresh attempt: org.springframework.beans.factory.BeanCreationException: Error creating bean with name 'entityManagerFactory' defined in class path resource [org/springframework/boot/hibernate/autoconfigure/HibernateJpaConfiguration.class]: Unable to build Hibernate SessionFactory  [persistence unit: default] ; nested exception is org.hibernate.exception.JDBCConnectionException: Unable to open JDBC Connection for DDL execution [The connection attempt failed.] [n/a]
2026-03-17T12:44:17.856+05:30  INFO 10092 --- [subscriptionManagementBackend] [restartedMain] o.apache.catalina.core.StandardService   : Stopping service [Tomcat]
2026-03-17T12:44:17.864+05:30  INFO 10092 --- [subscriptionManagementBackend] [restartedMain] .s.b.a.l.ConditionEvaluationReportLogger : 

Error starting ApplicationContext. To display the condition evaluation report re-run your application with 'debug' enabled.
2026-03-17T12:44:17.872+05:30 ERROR 10092 --- [subscriptionManagementBackend] [restartedMain] o.s.boot.SpringApplication               : Application run failed

org.springframework.beans.factory.BeanCreationException: Error creating bean with name 'entityManagerFactory' defined in class path resource [org/springframework/boot/hibernate/autoconfigure/HibernateJpaConfiguration.class]: Unable to build Hibernate SessionFactory  [persistence unit: default] ; nested exception is org.hibernate.exception.JDBCConnectionException: Unable to open JDBC Connection for DDL execution [The connection attempt failed.] [n/a]
	at org.springframework.beans.factory.support.AbstractAutowireCapableBeanFactory.initializeBean(AbstractAutowireCapableBeanFactory.java:1817) ~[spring-beans-7.0.5.jar:7.0.5]
	at org.springframework.beans.factory.support.AbstractAutowireCapableBeanFactory.doCreateBean(AbstractAutowireCapableBeanFactory.java:603) ~[spring-beans-7.0.5.jar:7.0.5]
	at org.springframework.beans.factory.support.AbstractAutowireCapableBeanFactory.createBean(AbstractAutowireCapableBeanFactory.java:525) ~[spring-beans-7.0.5.jar:7.0.5]
	at org.springframework.beans.factory.support.AbstractBeanFactory.lambda$doGetBean$0(AbstractBeanFactory.java:333) ~[spring-beans-7.0.5.jar:7.0.5]
	at org.springframework.beans.factory.support.DefaultSingletonBeanRegistry.getSingleton(DefaultSingletonBeanRegistry.java:371) ~[spring-beans-7.0.5.jar:7.0.5]
	at org.springframework.beans.factory.support.AbstractBeanFactory.doGetBean(AbstractBeanFactory.java:331) ~[spring-beans-7.0.5.jar:7.0.5]
	at org.springframework.beans.factory.support.AbstractBeanFactory.getBean(AbstractBeanFactory.java:201) ~[spring-beans-7.0.5.jar:7.0.5]
	at org.springframework.context.support.AbstractApplicationContext.finishBeanFactoryInitialization(AbstractApplicationContext.java:977) ~[spring-context-7.0.5.jar:7.0.5]
	at org.springframework.context.support.AbstractApplicationContext.refresh(AbstractApplicationContext.java:621) ~[spring-context-7.0.5.jar:7.0.5]
	at org.springframework.boot.web.server.servlet.context.ServletWebServerApplicationContext.refresh(ServletWebServerApplicationContext.java:143) ~[spring-boot-web-server-4.0.3.jar:4.0.3]
	at org.springframework.boot.SpringApplication.refresh(SpringApplication.java:756) ~[spring-boot-4.0.3.jar:4.0.3]
	at org.springframework.boot.SpringApplication.refreshContext(SpringApplication.java:445) ~[spring-boot-4.0.3.jar:4.0.3]
	at org.springframework.boot.SpringApplication.run(SpringApplication.java:321) ~[spring-boot-4.0.3.jar:4.0.3]
	at org.springframework.boot.SpringApplication.run(SpringApplication.java:1365) ~[spring-boot-4.0.3.jar:4.0.3]
	at org.springframework.boot.SpringApplication.run(SpringApplication.java:1354) ~[spring-boot-4.0.3.jar:4.0.3]
	at com.rohan.SubscriptionManagementBackendApplication.main(SubscriptionManagementBackendApplication.java:10) ~[classes/:na]
	at java.base/jdk.internal.reflect.DirectMethodHandleAccessor.invoke(DirectMethodHandleAccessor.java:103) ~[na:na]
	at java.base/java.lang.reflect.Method.invoke(Method.java:580) ~[na:na]
	at org.springframework.boot.devtools.restart.RestartLauncher.run(RestartLauncher.java:52) ~[spring-boot-devtools-4.0.3.jar:4.0.3]
Caused by: jakarta.persistence.PersistenceException: Unable to build Hibernate SessionFactory  [persistence unit: default] ; nested exception is org.hibernate.exception.JDBCConnectionException: Unable to open JDBC Connection for DDL execution [The connection attempt failed.] [n/a]
	at org.springframework.orm.jpa.AbstractEntityManagerFactoryBean.buildNativeEntityManagerFactory(AbstractEntityManagerFactoryBean.java:448) ~[spring-orm-7.0.5.jar:7.0.5]
	at org.springframework.orm.jpa.AbstractEntityManagerFactoryBean.afterPropertiesSet(AbstractEntityManagerFactoryBean.java:411) ~[spring-orm-7.0.5.jar:7.0.5]
	at org.springframework.orm.jpa.LocalContainerEntityManagerFactoryBean.afterPropertiesSet(LocalContainerEntityManagerFactoryBean.java:419) ~[spring-orm-7.0.5.jar:7.0.5]
	at org.springframework.beans.factory.support.AbstractAutowireCapableBeanFactory.invokeInitMethods(AbstractAutowireCapableBeanFactory.java:1864) ~[spring-beans-7.0.5.jar:7.0.5]
	at org.springframework.beans.factory.support.AbstractAutowireCapableBeanFactory.initializeBean(AbstractAutowireCapableBeanFactory.java:1813) ~[spring-beans-7.0.5.jar:7.0.5]
	... 18 common frames omitted
Caused by: org.hibernate.exception.JDBCConnectionException: Unable to open JDBC Connection for DDL execution [The connection attempt failed.] [n/a]
	at org.hibernate.exception.internal.SQLStateConversionDelegate.convert(SQLStateConversionDelegate.java:80) ~[hibernate-core-7.2.4.Final.jar:7.2.4.Final]
	at org.hibernate.exception.internal.StandardSQLExceptionConverter.convert(StandardSQLExceptionConverter.java:34) ~[hibernate-core-7.2.4.Final.jar:7.2.4.Final]
	at org.hibernate.engine.jdbc.spi.SqlExceptionHelper.convert(SqlExceptionHelper.java:115) ~[hibernate-core-7.2.4.Final.jar:7.2.4.Final]
	at org.hibernate.engine.jdbc.spi.SqlExceptionHelper.convert(SqlExceptionHelper.java:101) ~[hibernate-core-7.2.4.Final.jar:7.2.4.Final]
	at org.hibernate.resource.transaction.backend.jdbc.internal.DdlTransactionIsolatorNonJtaImpl.getIsolatedConnection(DdlTransactionIsolatorNonJtaImpl.java:71) ~[hibernate-core-7.2.4.Final.jar:7.2.4.Final]
	at org.hibernate.resource.transaction.backend.jdbc.internal.DdlTransactionIsolatorNonJtaImpl.getIsolatedConnection(DdlTransactionIsolatorNonJtaImpl.java:37) ~[hibernate-core-7.2.4.Final.jar:7.2.4.Final]
	at org.hibernate.tool.schema.internal.exec.ImprovedExtractionContextImpl.getJdbcConnection(ImprovedExtractionContextImpl.java:61) ~[hibernate-core-7.2.4.Final.jar:7.2.4.Final]
	at org.hibernate.tool.schema.extract.spi.ExtractionContext.getQueryResults(ExtractionContext.java:41) ~[hibernate-core-7.2.4.Final.jar:7.2.4.Final]
	at org.hibernate.tool.schema.extract.internal.SequenceInformationExtractorLegacyImpl.extractMetadata(SequenceInformationExtractorLegacyImpl.java:36) ~[hibernate-core-7.2.4.Final.jar:7.2.4.Final]
	at org.hibernate.tool.schema.extract.internal.DatabaseInformationImpl.initializeSequences(DatabaseInformationImpl.java:73) ~[hibernate-core-7.2.4.Final.jar:7.2.4.Final]
	at org.hibernate.tool.schema.extract.internal.DatabaseInformationImpl.<init>(DatabaseInformationImpl.java:63) ~[hibernate-core-7.2.4.Final.jar:7.2.4.Final]
	at org.hibernate.tool.schema.extract.internal.CachingDatabaseInformationImpl.<init>(CachingDatabaseInformationImpl.java:43) ~[hibernate-core-7.2.4.Final.jar:7.2.4.Final]
	at org.hibernate.tool.schema.internal.GroupedSchemaMigratorImpl.buildDatabaseInformation(GroupedSchemaMigratorImpl.java:112) ~[hibernate-core-7.2.4.Final.jar:7.2.4.Final]
	at org.hibernate.tool.schema.internal.AbstractSchemaMigrator.doMigration(AbstractSchemaMigrator.java:83) ~[hibernate-core-7.2.4.Final.jar:7.2.4.Final]
	at org.hibernate.tool.schema.spi.SchemaManagementToolCoordinator.performDatabaseAction(SchemaManagementToolCoordinator.java:269) ~[hibernate-core-7.2.4.Final.jar:7.2.4.Final]
	at org.hibernate.tool.schema.spi.SchemaManagementToolCoordinator.lambda$process$1(SchemaManagementToolCoordinator.java:101) ~[hibernate-core-7.2.4.Final.jar:7.2.4.Final]
	at java.base/java.util.HashMap.forEach(HashMap.java:1430) ~[na:na]
	at org.hibernate.tool.schema.spi.SchemaManagementToolCoordinator.process(SchemaManagementToolCoordinator.java:100) ~[hibernate-core-7.2.4.Final.jar:7.2.4.Final]
	at org.hibernate.boot.internal.SessionFactoryObserverForSchemaExport.sessionFactoryCreated(SessionFactoryObserverForSchemaExport.java:35) ~[hibernate-core-7.2.4.Final.jar:7.2.4.Final]
	at org.hibernate.internal.SessionFactoryObserverChain.sessionFactoryCreated(SessionFactoryObserverChain.java:33) ~[hibernate-core-7.2.4.Final.jar:7.2.4.Final]
	at org.hibernate.internal.SessionFactoryImpl.<init>(SessionFactoryImpl.java:323) ~[hibernate-core-7.2.4.Final.jar:7.2.4.Final]
	at org.hibernate.internal.SessionFactoryRegistry.instantiateSessionFactory(SessionFactoryRegistry.java:64) ~[hibernate-core-7.2.4.Final.jar:7.2.4.Final]
	at org.hibernate.boot.internal.SessionFactoryBuilderImpl.build(SessionFactoryBuilderImpl.java:437) ~[hibernate-core-7.2.4.Final.jar:7.2.4.Final]
	at org.hibernate.jpa.boot.internal.EntityManagerFactoryBuilderImpl.build(EntityManagerFactoryBuilderImpl.java:1456) ~[hibernate-core-7.2.4.Final.jar:7.2.4.Final]
	at org.springframework.orm.jpa.vendor.SpringHibernateJpaPersistenceProvider.createContainerEntityManagerFactory(SpringHibernateJpaPersistenceProvider.java:93) ~[spring-orm-7.0.5.jar:7.0.5]
	at org.springframework.orm.jpa.LocalContainerEntityManagerFactoryBean.createNativeEntityManagerFactory(LocalContainerEntityManagerFactoryBean.java:443) ~[spring-orm-7.0.5.jar:7.0.5]
	at org.springframework.orm.jpa.AbstractEntityManagerFactoryBean.buildNativeEntityManagerFactory(AbstractEntityManagerFactoryBean.java:436) ~[spring-orm-7.0.5.jar:7.0.5]
	... 22 common frames omitted
Caused by: org.postgresql.util.PSQLException: The connection attempt failed.
	at org.postgresql.core.v3.ConnectionFactoryImpl.openConnectionImpl(ConnectionFactoryImpl.java:385) ~[postgresql-42.7.10.jar:42.7.10]
	at org.postgresql.core.ConnectionFactory.openConnection(ConnectionFactory.java:57) ~[postgresql-42.7.10.jar:42.7.10]
	at org.postgresql.jdbc.PgConnection.<init>(PgConnection.java:290) ~[postgresql-42.7.10.jar:42.7.10]
	at org.postgresql.Driver.makeConnection(Driver.java:448) ~[postgresql-42.7.10.jar:42.7.10]
	at org.postgresql.Driver.connect(Driver.java:298) ~[postgresql-42.7.10.jar:42.7.10]
	at com.zaxxer.hikari.util.DriverDataSource.getConnection(DriverDataSource.java:144) ~[HikariCP-7.0.2.jar:na]
	at com.zaxxer.hikari.pool.PoolBase.newConnection(PoolBase.java:373) ~[HikariCP-7.0.2.jar:na]
	at com.zaxxer.hikari.pool.PoolBase.newPoolEntry(PoolBase.java:210) ~[HikariCP-7.0.2.jar:na]
	at com.zaxxer.hikari.pool.HikariPool.createPoolEntry(HikariPool.java:488) ~[HikariCP-7.0.2.jar:na]
	at com.zaxxer.hikari.pool.HikariPool.checkFailFast(HikariPool.java:576) ~[HikariCP-7.0.2.jar:na]
	at com.zaxxer.hikari.pool.HikariPool.<init>(HikariPool.java:97) ~[HikariCP-7.0.2.jar:na]
	at com.zaxxer.hikari.HikariDataSource.getConnection(HikariDataSource.java:111) ~[HikariCP-7.0.2.jar:na]
	at org.hibernate.engine.jdbc.connections.internal.DataSourceConnectionProvider.getConnection(DataSourceConnectionProvider.java:137) ~[hibernate-core-7.2.4.Final.jar:7.2.4.Final]
	at org.hibernate.engine.jdbc.env.internal.JdbcEnvironmentInitiator$ConnectionProviderJdbcConnectionAccess.obtainConnection(JdbcEnvironmentInitiator.java:508) ~[hibernate-core-7.2.4.Final.jar:7.2.4.Final]
	at org.hibernate.resource.transaction.backend.jdbc.internal.DdlTransactionIsolatorNonJtaImpl.getIsolatedConnection(DdlTransactionIsolatorNonJtaImpl.java:44) ~[hibernate-core-7.2.4.Final.jar:7.2.4.Final]
	... 44 common frames omitted
Caused by: java.net.UnknownHostException: ep-morning-dawn-a1z18fkr-pooler.ap-southeast-1.aws.neon.tech
	at java.base/sun.nio.ch.NioSocketImpl.connect(NioSocketImpl.java:567) ~[na:na]
	at java.base/java.net.SocksSocketImpl.connect(SocksSocketImpl.java:327) ~[na:na]
	at java.base/java.net.Socket.connect(Socket.java:760) ~[na:na]
	at org.postgresql.core.PGStream.createSocket(PGStream.java:261) ~[postgresql-42.7.10.jar:42.7.10]
	at org.postgresql.core.PGStream.<init>(PGStream.java:122) ~[postgresql-42.7.10.jar:42.7.10]
	at org.postgresql.core.v3.ConnectionFactoryImpl.tryConnect(ConnectionFactoryImpl.java:146) ~[postgresql-42.7.10.jar:42.7.10]
	at org.postgresql.core.v3.ConnectionFactoryImpl.openConnectionImpl(ConnectionFactoryImpl.java:289) ~[postgresql-42.7.10.jar:42.7.10]
	... 58 common frames omitted

2026-03-17T12:45:30.603+05:30  INFO 16456 --- [subscriptionManagementBackend] [main] SubscriptionManagementBackendApplication : Starting SubscriptionManagementBackendApplication using Java 23.0.2 with PID 16456 (C:\GitHub\Pratiti Training\Mini Project\subscriptionManagementBackend\target\classes started by rohan in C:\GitHub\Pratiti Training\Mini Project\subscriptionManagementBackend)
2026-03-17T12:45:30.610+05:30 DEBUG 16456 --- [subscriptionManagementBackend] [main] SubscriptionManagementBackendApplication : Running with Spring Boot v4.0.3, Spring v7.0.5
2026-03-17T12:45:30.613+05:30  INFO 16456 --- [subscriptionManagementBackend] [main] SubscriptionManagementBackendApplication : No active profile set, falling back to 1 default profile: "default"
2026-03-17T12:45:32.984+05:30  INFO 16456 --- [subscriptionManagementBackend] [main] .s.d.r.c.RepositoryConfigurationDelegate : Bootstrapping Spring Data JPA repositories in DEFAULT mode.
2026-03-17T12:45:33.095+05:30  INFO 16456 --- [subscriptionManagementBackend] [main] .s.d.r.c.RepositoryConfigurationDelegate : Finished Spring Data repository scanning in 91 ms. Found 1 JPA repository interface.
2026-03-17T12:45:49.909+05:30  INFO 10092 --- [subscriptionManagementBackend] [restartedMain] SubscriptionManagementBackendApplication : Starting SubscriptionManagementBackendApplication using Java 23.0.2 with PID 10092 (C:\GitHub\Pratiti Training\Mini Project\subscriptionManagementBackend\target\classes started by rohan in C:\GitHub\Pratiti Training\Mini Project\subscriptionManagementBackend)
2026-03-17T12:45:49.914+05:30 DEBUG 10092 --- [subscriptionManagementBackend] [restartedMain] SubscriptionManagementBackendApplication : Running with Spring Boot v4.0.3, Spring v7.0.5
2026-03-17T12:45:49.915+05:30  INFO 10092 --- [subscriptionManagementBackend] [restartedMain] SubscriptionManagementBackendApplication : No active profile set, falling back to 1 default profile: "default"
2026-03-17T12:45:51.015+05:30  INFO 10092 --- [subscriptionManagementBackend] [restartedMain] .s.d.r.c.RepositoryConfigurationDelegate : Bootstrapping Spring Data JPA repositories in DEFAULT mode.
2026-03-17T12:45:51.128+05:30  INFO 10092 --- [subscriptionManagementBackend] [restartedMain] .s.d.r.c.RepositoryConfigurationDelegate : Finished Spring Data repository scanning in 105 ms. Found 1 JPA repository interface.
2026-03-17T12:45:51.499+05:30  INFO 10092 --- [subscriptionManagementBackend] [restartedMain] o.s.boot.tomcat.TomcatWebServer          : Tomcat initialized with port 1234 (http)
2026-03-17T12:45:51.508+05:30  INFO 10092 --- [subscriptionManagementBackend] [restartedMain] o.apache.catalina.core.StandardService   : Starting service [Tomcat]
2026-03-17T12:45:51.509+05:30  INFO 10092 --- [subscriptionManagementBackend] [restartedMain] o.apache.catalina.core.StandardEngine    : Starting Servlet engine: [Apache Tomcat/11.0.18]
2026-03-17T12:45:51.576+05:30  INFO 10092 --- [subscriptionManagementBackend] [restartedMain] b.w.c.s.WebApplicationContextInitializer : Root WebApplicationContext: initialization completed in 1629 ms
2026-03-17T12:45:51.721+05:30  INFO 10092 --- [subscriptionManagementBackend] [restartedMain] org.hibernate.orm.jpa                    : HHH008540: Processing PersistenceUnitInfo [name: default]
2026-03-17T12:45:52.215+05:30  INFO 10092 --- [subscriptionManagementBackend] [restartedMain] o.s.o.j.p.SpringPersistenceUnitInfo      : No LoadTimeWeaver setup: ignoring JPA class transformer
2026-03-17T12:45:52.228+05:30  INFO 10092 --- [subscriptionManagementBackend] [restartedMain] com.zaxxer.hikari.HikariDataSource       : HikariPool-24 - Starting...
2026-03-17T12:45:54.530+05:30  INFO 10092 --- [subscriptionManagementBackend] [restartedMain] com.zaxxer.hikari.pool.HikariPool        : HikariPool-24 - Added connection org.postgresql.jdbc.PgConnection@5c837db4
2026-03-17T12:45:54.531+05:30  INFO 10092 --- [subscriptionManagementBackend] [restartedMain] com.zaxxer.hikari.HikariDataSource       : HikariPool-24 - Start completed.
2026-03-17T12:45:54.716+05:30  WARN 10092 --- [subscriptionManagementBackend] [restartedMain] org.hibernate.orm.deprecation            : HHH90000025: PostgreSQLDialect does not need to be specified explicitly using 'hibernate.dialect' (remove the property setting and it will be selected by default)
2026-03-17T12:45:55.458+05:30  INFO 10092 --- [subscriptionManagementBackend] [restartedMain] org.hibernate.orm.connections.pooling    : HHH10001005: Database info:
	Database JDBC URL [jdbc:postgresql://ep-morning-dawn-a1z18fkr-pooler.ap-southeast-1.aws.neon.tech:5432/neondb?sslmode=require&channel_binding=require]
	Database driver: PostgreSQL JDBC Driver
	Database dialect: PostgreSQLDialect
	Database version: 17.8
	Default catalog/schema: neondb/public
	Autocommit mode: undefined/unknown
	Isolation level: READ_COMMITTED [default READ_COMMITTED]
	JDBC fetch size: none
	Pool: DataSourceConnectionProvider
	Minimum pool size: undefined/unknown
	Maximum pool size: undefined/unknown
2026-03-17T12:45:55.540+05:30  INFO 10092 --- [subscriptionManagementBackend] [restartedMain] org.hibernate.orm.core                   : HHH000489: No JTA platform available (set 'hibernate.transaction.jta.platform' to enable JTA platform integration)
2026-03-17T12:45:56.205+05:30  INFO 10092 --- [subscriptionManagementBackend] [restartedMain] j.LocalContainerEntityManagerFactoryBean : Initialized JPA EntityManagerFactory for persistence unit 'default'
2026-03-17T12:45:56.420+05:30  WARN 10092 --- [subscriptionManagementBackend] [restartedMain] JpaBaseConfiguration$JpaWebConfiguration : spring.jpa.open-in-view is enabled by default. Therefore, database queries may be performed during view rendering. Explicitly configure spring.jpa.open-in-view to disable this warning
2026-03-17T12:45:56.472+05:30  INFO 10092 --- [subscriptionManagementBackend] [restartedMain] o.s.v.b.OptionalValidatorFactoryBean     : Failed to set up a Bean Validation provider: jakarta.validation.NoProviderFoundException: Unable to create a Configuration, because no Jakarta Validation provider could be found. Add a provider like Hibernate Validator (RI) to your classpath.
2026-03-17T12:45:57.001+05:30  INFO 10092 --- [subscriptionManagementBackend] [restartedMain] o.s.b.a.e.web.EndpointLinksResolver      : Exposing 1 endpoint beneath base path '/actuator'
2026-03-17T12:45:57.054+05:30  INFO 10092 --- [subscriptionManagementBackend] [restartedMain] o.s.boot.tomcat.TomcatWebServer          : Tomcat started on port 1234 (http) with context path '/'
2026-03-17T12:45:57.061+05:30  INFO 10092 --- [subscriptionManagementBackend] [restartedMain] SubscriptionManagementBackendApplication : Started SubscriptionManagementBackendApplication in 7.563 seconds (process running for 6712.681)
2026-03-17T12:45:57.065+05:30  INFO 10092 --- [subscriptionManagementBackend] [restartedMain] .ConditionEvaluationDeltaLoggingListener : Condition evaluation unchanged
2026-03-17T12:53:59.233+05:30  INFO 10092 --- [subscriptionManagementBackend] [File Watcher] rtingClassPathChangeChangedEventListener : Restarting due to 3 class path changes (1 addition, 0 deletions, 2 modifications)
2026-03-17T12:53:59.561+05:30  INFO 10092 --- [subscriptionManagementBackend] [Thread-87] o.s.boot.tomcat.GracefulShutdown         : Commencing graceful shutdown. Waiting for active requests to complete
2026-03-17T12:53:59.672+05:30  INFO 10092 --- [subscriptionManagementBackend] [tomcat-shutdown] o.s.boot.tomcat.GracefulShutdown         : Graceful shutdown complete
2026-03-17T12:53:59.991+05:30  INFO 10092 --- [subscriptionManagementBackend] [Thread-87] j.LocalContainerEntityManagerFactoryBean : Closing JPA EntityManagerFactory for persistence unit 'default'
2026-03-17T12:54:00.135+05:30  INFO 10092 --- [subscriptionManagementBackend] [Thread-87] com.zaxxer.hikari.HikariDataSource       : HikariPool-24 - Shutdown initiated...
2026-03-17T12:54:02.309+05:30  INFO 10092 --- [subscriptionManagementBackend] [Thread-87] com.zaxxer.hikari.HikariDataSource       : HikariPool-24 - Shutdown completed.
2026-03-17T12:54:04.845+05:30  INFO 10092 --- [subscriptionManagementBackend] [restartedMain] SubscriptionManagementBackendApplication : Starting SubscriptionManagementBackendApplication using Java 23.0.2 with PID 10092 (C:\GitHub\Pratiti Training\Mini Project\subscriptionManagementBackend\target\classes started by rohan in C:\GitHub\Pratiti Training\Mini Project\subscriptionManagementBackend)
2026-03-17T12:54:04.846+05:30 DEBUG 10092 --- [subscriptionManagementBackend] [restartedMain] SubscriptionManagementBackendApplication : Running with Spring Boot v4.0.3, Spring v7.0.5
2026-03-17T12:54:04.846+05:30  INFO 10092 --- [subscriptionManagementBackend] [restartedMain] SubscriptionManagementBackendApplication : No active profile set, falling back to 1 default profile: "default"
2026-03-17T12:54:06.106+05:30  INFO 10092 --- [subscriptionManagementBackend] [restartedMain] .s.d.r.c.RepositoryConfigurationDelegate : Bootstrapping Spring Data JPA repositories in DEFAULT mode.
2026-03-17T12:54:06.177+05:30  INFO 10092 --- [subscriptionManagementBackend] [restartedMain] .s.d.r.c.RepositoryConfigurationDelegate : Finished Spring Data repository scanning in 64 ms. Found 1 JPA repository interface.
2026-03-17T12:54:06.670+05:30  INFO 10092 --- [subscriptionManagementBackend] [restartedMain] o.s.boot.tomcat.TomcatWebServer          : Tomcat initialized with port 1234 (http)
2026-03-17T12:54:06.681+05:30  INFO 10092 --- [subscriptionManagementBackend] [restartedMain] o.apache.catalina.core.StandardService   : Starting service [Tomcat]
2026-03-17T12:54:06.681+05:30  INFO 10092 --- [subscriptionManagementBackend] [restartedMain] o.apache.catalina.core.StandardEngine    : Starting Servlet engine: [Apache Tomcat/11.0.18]
2026-03-17T12:54:06.766+05:30  INFO 10092 --- [subscriptionManagementBackend] [restartedMain] b.w.c.s.WebApplicationContextInitializer : Root WebApplicationContext: initialization completed in 1894 ms
2026-03-17T12:54:06.994+05:30  INFO 10092 --- [subscriptionManagementBackend] [restartedMain] org.hibernate.orm.jpa                    : HHH008540: Processing PersistenceUnitInfo [name: default]
2026-03-17T12:54:07.116+05:30  INFO 10092 --- [subscriptionManagementBackend] [restartedMain] o.s.o.j.p.SpringPersistenceUnitInfo      : No LoadTimeWeaver setup: ignoring JPA class transformer
2026-03-17T12:54:07.120+05:30  INFO 10092 --- [subscriptionManagementBackend] [restartedMain] com.zaxxer.hikari.HikariDataSource       : HikariPool-25 - Starting...
2026-03-17T12:54:09.717+05:30  INFO 10092 --- [subscriptionManagementBackend] [restartedMain] com.zaxxer.hikari.pool.HikariPool        : HikariPool-25 - Added connection org.postgresql.jdbc.PgConnection@4ea5fcc
2026-03-17T12:54:09.718+05:30  INFO 10092 --- [subscriptionManagementBackend] [restartedMain] com.zaxxer.hikari.HikariDataSource       : HikariPool-25 - Start completed.
2026-03-17T12:54:09.940+05:30  WARN 10092 --- [subscriptionManagementBackend] [restartedMain] org.hibernate.orm.deprecation            : HHH90000025: PostgreSQLDialect does not need to be specified explicitly using 'hibernate.dialect' (remove the property setting and it will be selected by default)
2026-03-17T12:54:10.834+05:30  INFO 10092 --- [subscriptionManagementBackend] [restartedMain] org.hibernate.orm.connections.pooling    : HHH10001005: Database info:
	Database JDBC URL [jdbc:postgresql://ep-morning-dawn-a1z18fkr-pooler.ap-southeast-1.aws.neon.tech:5432/neondb?sslmode=require&channel_binding=require]
	Database driver: PostgreSQL JDBC Driver
	Database dialect: PostgreSQLDialect
	Database version: 17.8
	Default catalog/schema: neondb/public
	Autocommit mode: undefined/unknown
	Isolation level: READ_COMMITTED [default READ_COMMITTED]
	JDBC fetch size: none
	Pool: DataSourceConnectionProvider
	Minimum pool size: undefined/unknown
	Maximum pool size: undefined/unknown
2026-03-17T12:54:10.929+05:30  INFO 10092 --- [subscriptionManagementBackend] [restartedMain] org.hibernate.orm.core                   : HHH000489: No JTA platform available (set 'hibernate.transaction.jta.platform' to enable JTA platform integration)
2026-03-17T12:54:11.580+05:30  INFO 10092 --- [subscriptionManagementBackend] [restartedMain] j.LocalContainerEntityManagerFactoryBean : Initialized JPA EntityManagerFactory for persistence unit 'default'
2026-03-17T12:54:11.783+05:30  WARN 10092 --- [subscriptionManagementBackend] [restartedMain] JpaBaseConfiguration$JpaWebConfiguration : spring.jpa.open-in-view is enabled by default. Therefore, database queries may be performed during view rendering. Explicitly configure spring.jpa.open-in-view to disable this warning
2026-03-17T12:54:11.824+05:30  INFO 10092 --- [subscriptionManagementBackend] [restartedMain] o.s.v.b.OptionalValidatorFactoryBean     : Failed to set up a Bean Validation provider: jakarta.validation.NoProviderFoundException: Unable to create a Configuration, because no Jakarta Validation provider could be found. Add a provider like Hibernate Validator (RI) to your classpath.
2026-03-17T12:54:12.471+05:30  INFO 10092 --- [subscriptionManagementBackend] [restartedMain] o.s.b.a.e.web.EndpointLinksResolver      : Exposing 1 endpoint beneath base path '/actuator'
2026-03-17T12:54:12.523+05:30  INFO 10092 --- [subscriptionManagementBackend] [restartedMain] o.s.boot.tomcat.TomcatWebServer          : Tomcat started on port 1234 (http) with context path '/'
2026-03-17T12:54:12.532+05:30  INFO 10092 --- [subscriptionManagementBackend] [restartedMain] SubscriptionManagementBackendApplication : Started SubscriptionManagementBackendApplication in 8.035 seconds (process running for 7208.152)
2026-03-17T12:54:12.536+05:30  INFO 10092 --- [subscriptionManagementBackend] [restartedMain] .ConditionEvaluationDeltaLoggingListener : Condition evaluation unchanged
2026-03-17T13:01:19.606+05:30  INFO 10092 --- [subscriptionManagementBackend] [File Watcher] rtingClassPathChangeChangedEventListener : Restarting due to 1 class path change (1 addition, 0 deletions, 0 modifications)
2026-03-17T13:01:19.859+05:30  INFO 10092 --- [subscriptionManagementBackend] [Thread-94] o.s.boot.tomcat.GracefulShutdown         : Commencing graceful shutdown. Waiting for active requests to complete
2026-03-17T13:01:19.934+05:30  INFO 10092 --- [subscriptionManagementBackend] [tomcat-shutdown] o.s.boot.tomcat.GracefulShutdown         : Graceful shutdown complete
2026-03-17T13:01:20.106+05:30  INFO 10092 --- [subscriptionManagementBackend] [Thread-94] j.LocalContainerEntityManagerFactoryBean : Closing JPA EntityManagerFactory for persistence unit 'default'
2026-03-17T13:01:20.289+05:30  INFO 10092 --- [subscriptionManagementBackend] [Thread-94] com.zaxxer.hikari.HikariDataSource       : HikariPool-25 - Shutdown initiated...
2026-03-17T13:01:22.312+05:30  INFO 10092 --- [subscriptionManagementBackend] [Thread-94] com.zaxxer.hikari.HikariDataSource       : HikariPool-25 - Shutdown completed.
2026-03-17T13:01:24.980+05:30  INFO 10092 --- [subscriptionManagementBackend] [restartedMain] SubscriptionManagementBackendApplication : Starting SubscriptionManagementBackendApplication using Java 23.0.2 with PID 10092 (C:\GitHub\Pratiti Training\Mini Project\subscriptionManagementBackend\target\classes started by rohan in C:\GitHub\Pratiti Training\Mini Project\subscriptionManagementBackend)
2026-03-17T13:01:24.981+05:30 DEBUG 10092 --- [subscriptionManagementBackend] [restartedMain] SubscriptionManagementBackendApplication : Running with Spring Boot v4.0.3, Spring v7.0.5
2026-03-17T13:01:24.981+05:30  INFO 10092 --- [subscriptionManagementBackend] [restartedMain] SubscriptionManagementBackendApplication : No active profile set, falling back to 1 default profile: "default"
2026-03-17T13:01:26.632+05:30  INFO 10092 --- [subscriptionManagementBackend] [restartedMain] .s.d.r.c.RepositoryConfigurationDelegate : Bootstrapping Spring Data JPA repositories in DEFAULT mode.
2026-03-17T13:01:26.699+05:30  INFO 10092 --- [subscriptionManagementBackend] [restartedMain] .s.d.r.c.RepositoryConfigurationDelegate : Finished Spring Data repository scanning in 58 ms. Found 1 JPA repository interface.
2026-03-17T13:01:27.131+05:30  INFO 10092 --- [subscriptionManagementBackend] [restartedMain] o.s.boot.tomcat.TomcatWebServer          : Tomcat initialized with port 1234 (http)
2026-03-17T13:01:27.139+05:30  INFO 10092 --- [subscriptionManagementBackend] [restartedMain] o.apache.catalina.core.StandardService   : Starting service [Tomcat]
2026-03-17T13:01:27.140+05:30  INFO 10092 --- [subscriptionManagementBackend] [restartedMain] o.apache.catalina.core.StandardEngine    : Starting Servlet engine: [Apache Tomcat/11.0.18]
2026-03-17T13:01:27.248+05:30  INFO 10092 --- [subscriptionManagementBackend] [restartedMain] b.w.c.s.WebApplicationContextInitializer : Root WebApplicationContext: initialization completed in 2253 ms
2026-03-17T13:01:27.460+05:30  INFO 10092 --- [subscriptionManagementBackend] [restartedMain] org.hibernate.orm.jpa                    : HHH008540: Processing PersistenceUnitInfo [name: default]
2026-03-17T13:01:27.580+05:30  INFO 10092 --- [subscriptionManagementBackend] [restartedMain] o.s.o.j.p.SpringPersistenceUnitInfo      : No LoadTimeWeaver setup: ignoring JPA class transformer
2026-03-17T13:01:27.584+05:30  INFO 10092 --- [subscriptionManagementBackend] [restartedMain] com.zaxxer.hikari.HikariDataSource       : HikariPool-26 - Starting...
2026-03-17T13:01:29.738+05:30  INFO 10092 --- [subscriptionManagementBackend] [restartedMain] com.zaxxer.hikari.pool.HikariPool        : HikariPool-26 - Added connection org.postgresql.jdbc.PgConnection@36f81fc5
2026-03-17T13:01:29.739+05:30  INFO 10092 --- [subscriptionManagementBackend] [restartedMain] com.zaxxer.hikari.HikariDataSource       : HikariPool-26 - Start completed.
2026-03-17T13:01:29.924+05:30  WARN 10092 --- [subscriptionManagementBackend] [restartedMain] org.hibernate.orm.deprecation            : HHH90000025: PostgreSQLDialect does not need to be specified explicitly using 'hibernate.dialect' (remove the property setting and it will be selected by default)
2026-03-17T13:01:31.029+05:30  INFO 10092 --- [subscriptionManagementBackend] [restartedMain] org.hibernate.orm.connections.pooling    : HHH10001005: Database info:
	Database JDBC URL [jdbc:postgresql://ep-morning-dawn-a1z18fkr-pooler.ap-southeast-1.aws.neon.tech:5432/neondb?sslmode=require&channel_binding=require]
	Database driver: PostgreSQL JDBC Driver
	Database dialect: PostgreSQLDialect
	Database version: 17.8
	Default catalog/schema: neondb/public
	Autocommit mode: undefined/unknown
	Isolation level: READ_COMMITTED [default READ_COMMITTED]
	JDBC fetch size: none
	Pool: DataSourceConnectionProvider
	Minimum pool size: undefined/unknown
	Maximum pool size: undefined/unknown
2026-03-17T13:01:31.170+05:30  INFO 10092 --- [subscriptionManagementBackend] [restartedMain] org.hibernate.orm.core                   : HHH000489: No JTA platform available (set 'hibernate.transaction.jta.platform' to enable JTA platform integration)
2026-03-17T13:01:32.118+05:30  INFO 10092 --- [subscriptionManagementBackend] [restartedMain] j.LocalContainerEntityManagerFactoryBean : Initialized JPA EntityManagerFactory for persistence unit 'default'
2026-03-17T13:01:32.279+05:30  WARN 10092 --- [subscriptionManagementBackend] [restartedMain] JpaBaseConfiguration$JpaWebConfiguration : spring.jpa.open-in-view is enabled by default. Therefore, database queries may be performed during view rendering. Explicitly configure spring.jpa.open-in-view to disable this warning
2026-03-17T13:01:32.321+05:30  INFO 10092 --- [subscriptionManagementBackend] [restartedMain] o.s.v.b.OptionalValidatorFactoryBean     : Failed to set up a Bean Validation provider: jakarta.validation.NoProviderFoundException: Unable to create a Configuration, because no Jakarta Validation provider could be found. Add a provider like Hibernate Validator (RI) to your classpath.
2026-03-17T13:01:33.012+05:30  INFO 10092 --- [subscriptionManagementBackend] [restartedMain] o.s.b.a.e.web.EndpointLinksResolver      : Exposing 1 endpoint beneath base path '/actuator'
2026-03-17T13:01:33.078+05:30  INFO 10092 --- [subscriptionManagementBackend] [restartedMain] o.s.boot.tomcat.TomcatWebServer          : Tomcat started on port 1234 (http) with context path '/'
2026-03-17T13:01:33.100+05:30  INFO 10092 --- [subscriptionManagementBackend] [restartedMain] SubscriptionManagementBackendApplication : Started SubscriptionManagementBackendApplication in 8.553 seconds (process running for 7648.72)
2026-03-17T13:01:33.105+05:30  INFO 10092 --- [subscriptionManagementBackend] [restartedMain] .ConditionEvaluationDeltaLoggingListener : Condition evaluation unchanged
2026-03-17T13:03:53.716+05:30  INFO 10092 --- [subscriptionManagementBackend] [File Watcher] rtingClassPathChangeChangedEventListener : Restarting due to 3 class path changes (0 additions, 0 deletions, 3 modifications)
2026-03-17T13:03:53.747+05:30  INFO 10092 --- [subscriptionManagementBackend] [Thread-98] o.s.boot.tomcat.GracefulShutdown         : Commencing graceful shutdown. Waiting for active requests to complete
2026-03-17T13:03:53.786+05:30  INFO 10092 --- [subscriptionManagementBackend] [tomcat-shutdown] o.s.boot.tomcat.GracefulShutdown         : Graceful shutdown complete
2026-03-17T13:03:53.855+05:30  INFO 10092 --- [subscriptionManagementBackend] [Thread-98] j.LocalContainerEntityManagerFactoryBean : Closing JPA EntityManagerFactory for persistence unit 'default'
2026-03-17T13:03:53.890+05:30  INFO 10092 --- [subscriptionManagementBackend] [Thread-98] com.zaxxer.hikari.HikariDataSource       : HikariPool-26 - Shutdown initiated...
2026-03-17T13:03:55.964+05:30  INFO 10092 --- [subscriptionManagementBackend] [Thread-98] com.zaxxer.hikari.HikariDataSource       : HikariPool-26 - Shutdown completed.
2026-03-17T13:03:56.888+05:30  INFO 10092 --- [subscriptionManagementBackend] [restartedMain] SubscriptionManagementBackendApplication : Starting SubscriptionManagementBackendApplication using Java 23.0.2 with PID 10092 (C:\GitHub\Pratiti Training\Mini Project\subscriptionManagementBackend\target\classes started by rohan in C:\GitHub\Pratiti Training\Mini Project\subscriptionManagementBackend)
2026-03-17T13:03:56.890+05:30 DEBUG 10092 --- [subscriptionManagementBackend] [restartedMain] SubscriptionManagementBackendApplication : Running with Spring Boot v4.0.3, Spring v7.0.5
2026-03-17T13:03:56.891+05:30  INFO 10092 --- [subscriptionManagementBackend] [restartedMain] SubscriptionManagementBackendApplication : No active profile set, falling back to 1 default profile: "default"
2026-03-17T13:04:00.214+05:30  INFO 10092 --- [subscriptionManagementBackend] [restartedMain] .s.d.r.c.RepositoryConfigurationDelegate : Bootstrapping Spring Data JPA repositories in DEFAULT mode.
2026-03-17T13:04:00.319+05:30  INFO 10092 --- [subscriptionManagementBackend] [restartedMain] .s.d.r.c.RepositoryConfigurationDelegate : Finished Spring Data repository scanning in 87 ms. Found 1 JPA repository interface.
2026-03-17T13:04:00.803+05:30  INFO 10092 --- [subscriptionManagementBackend] [restartedMain] o.s.boot.tomcat.TomcatWebServer          : Tomcat initialized with port 1234 (http)
2026-03-17T13:04:00.812+05:30  INFO 10092 --- [subscriptionManagementBackend] [restartedMain] o.apache.catalina.core.StandardService   : Starting service [Tomcat]
2026-03-17T13:04:00.812+05:30  INFO 10092 --- [subscriptionManagementBackend] [restartedMain] o.apache.catalina.core.StandardEngine    : Starting Servlet engine: [Apache Tomcat/11.0.18]
2026-03-17T13:04:00.916+05:30  INFO 10092 --- [subscriptionManagementBackend] [restartedMain] b.w.c.s.WebApplicationContextInitializer : Root WebApplicationContext: initialization completed in 3985 ms
2026-03-17T13:04:01.236+05:30  INFO 10092 --- [subscriptionManagementBackend] [restartedMain] org.hibernate.orm.jpa                    : HHH008540: Processing PersistenceUnitInfo [name: default]
2026-03-17T13:04:01.394+05:30  INFO 10092 --- [subscriptionManagementBackend] [restartedMain] o.s.o.j.p.SpringPersistenceUnitInfo      : No LoadTimeWeaver setup: ignoring JPA class transformer
2026-03-17T13:04:01.398+05:30  INFO 10092 --- [subscriptionManagementBackend] [restartedMain] com.zaxxer.hikari.HikariDataSource       : HikariPool-27 - Starting...
2026-03-17T13:04:03.328+05:30  INFO 10092 --- [subscriptionManagementBackend] [restartedMain] com.zaxxer.hikari.pool.HikariPool        : HikariPool-27 - Added connection org.postgresql.jdbc.PgConnection@1469c778
2026-03-17T13:04:03.329+05:30  INFO 10092 --- [subscriptionManagementBackend] [restartedMain] com.zaxxer.hikari.HikariDataSource       : HikariPool-27 - Start completed.
2026-03-17T13:04:03.515+05:30  WARN 10092 --- [subscriptionManagementBackend] [restartedMain] org.hibernate.orm.deprecation            : HHH90000025: PostgreSQLDialect does not need to be specified explicitly using 'hibernate.dialect' (remove the property setting and it will be selected by default)
2026-03-17T13:04:04.256+05:30  INFO 10092 --- [subscriptionManagementBackend] [restartedMain] org.hibernate.orm.connections.pooling    : HHH10001005: Database info:
	Database JDBC URL [jdbc:postgresql://ep-morning-dawn-a1z18fkr-pooler.ap-southeast-1.aws.neon.tech:5432/neondb?sslmode=require&channel_binding=require]
	Database driver: PostgreSQL JDBC Driver
	Database dialect: PostgreSQLDialect
	Database version: 17.8
	Default catalog/schema: neondb/public
	Autocommit mode: undefined/unknown
	Isolation level: READ_COMMITTED [default READ_COMMITTED]
	JDBC fetch size: none
	Pool: DataSourceConnectionProvider
	Minimum pool size: undefined/unknown
	Maximum pool size: undefined/unknown
2026-03-17T13:04:04.447+05:30  INFO 10092 --- [subscriptionManagementBackend] [restartedMain] org.hibernate.orm.core                   : HHH000489: No JTA platform available (set 'hibernate.transaction.jta.platform' to enable JTA platform integration)
2026-03-17T13:04:05.000+05:30  INFO 10092 --- [subscriptionManagementBackend] [restartedMain] j.LocalContainerEntityManagerFactoryBean : Initialized JPA EntityManagerFactory for persistence unit 'default'
2026-03-17T13:04:05.145+05:30  WARN 10092 --- [subscriptionManagementBackend] [restartedMain] JpaBaseConfiguration$JpaWebConfiguration : spring.jpa.open-in-view is enabled by default. Therefore, database queries may be performed during view rendering. Explicitly configure spring.jpa.open-in-view to disable this warning
2026-03-17T13:04:05.191+05:30  INFO 10092 --- [subscriptionManagementBackend] [restartedMain] o.s.v.b.OptionalValidatorFactoryBean     : Failed to set up a Bean Validation provider: jakarta.validation.NoProviderFoundException: Unable to create a Configuration, because no Jakarta Validation provider could be found. Add a provider like Hibernate Validator (RI) to your classpath.
2026-03-17T13:04:05.622+05:30  INFO 10092 --- [subscriptionManagementBackend] [restartedMain] o.s.b.a.e.web.EndpointLinksResolver      : Exposing 1 endpoint beneath base path '/actuator'
2026-03-17T13:04:05.678+05:30  INFO 10092 --- [subscriptionManagementBackend] [restartedMain] o.s.boot.tomcat.TomcatWebServer          : Tomcat started on port 1234 (http) with context path '/'
2026-03-17T13:04:05.686+05:30  INFO 10092 --- [subscriptionManagementBackend] [restartedMain] SubscriptionManagementBackendApplication : Started SubscriptionManagementBackendApplication in 9.136 seconds (process running for 7801.305)
2026-03-17T13:04:05.688+05:30  INFO 10092 --- [subscriptionManagementBackend] [restartedMain] .ConditionEvaluationDeltaLoggingListener : Condition evaluation unchanged
2026-03-17T13:04:43.074+05:30  INFO 10092 --- [subscriptionManagementBackend] [File Watcher] rtingClassPathChangeChangedEventListener : Restarting due to 1 class path change (0 additions, 0 deletions, 1 modification)
2026-03-17T13:04:43.077+05:30  INFO 10092 --- [subscriptionManagementBackend] [Thread-102] o.s.boot.tomcat.GracefulShutdown         : Commencing graceful shutdown. Waiting for active requests to complete
2026-03-17T13:04:43.099+05:30  INFO 10092 --- [subscriptionManagementBackend] [tomcat-shutdown] o.s.boot.tomcat.GracefulShutdown         : Graceful shutdown complete
2026-03-17T13:04:43.106+05:30  INFO 10092 --- [subscriptionManagementBackend] [Thread-102] j.LocalContainerEntityManagerFactoryBean : Closing JPA EntityManagerFactory for persistence unit 'default'
2026-03-17T13:04:43.107+05:30  INFO 10092 --- [subscriptionManagementBackend] [Thread-102] com.zaxxer.hikari.HikariDataSource       : HikariPool-27 - Shutdown initiated...
2026-03-17T13:04:45.455+05:30  INFO 10092 --- [subscriptionManagementBackend] [Thread-102] com.zaxxer.hikari.HikariDataSource       : HikariPool-27 - Shutdown completed.
2026-03-17T13:04:45.595+05:30  INFO 10092 --- [subscriptionManagementBackend] [restartedMain] SubscriptionManagementBackendApplication : Starting SubscriptionManagementBackendApplication using Java 23.0.2 with PID 10092 (C:\GitHub\Pratiti Training\Mini Project\subscriptionManagementBackend\target\classes started by rohan in C:\GitHub\Pratiti Training\Mini Project\subscriptionManagementBackend)
2026-03-17T13:04:45.595+05:30 DEBUG 10092 --- [subscriptionManagementBackend] [restartedMain] SubscriptionManagementBackendApplication : Running with Spring Boot v4.0.3, Spring v7.0.5
2026-03-17T13:04:45.595+05:30  INFO 10092 --- [subscriptionManagementBackend] [restartedMain] SubscriptionManagementBackendApplication : No active profile set, falling back to 1 default profile: "default"
2026-03-17T13:04:45.906+05:30  WARN 10092 --- [subscriptionManagementBackend] [restartedMain] ConfigServletWebServerApplicationContext : Exception encountered during context initialization - cancelling refresh attempt: java.lang.IllegalStateException: Error processing condition on org.springframework.boot.autoconfigure.context.PropertyPlaceholderAutoConfiguration.propertySourcesPlaceholderConfigurer
2026-03-17T13:04:45.915+05:30  INFO 10092 --- [subscriptionManagementBackend] [restartedMain] .s.b.a.l.ConditionEvaluationReportLogger : 

Error starting ApplicationContext. To display the condition evaluation report re-run your application with 'debug' enabled.
2026-03-17T13:04:45.922+05:30 ERROR 10092 --- [subscriptionManagementBackend] [restartedMain] o.s.boot.SpringApplication               : Application run failed

java.lang.IllegalStateException: Error processing condition on org.springframework.boot.autoconfigure.context.PropertyPlaceholderAutoConfiguration.propertySourcesPlaceholderConfigurer
	at org.springframework.boot.autoconfigure.condition.SpringBootCondition.matches(SpringBootCondition.java:60) ~[spring-boot-autoconfigure-4.0.3.jar:4.0.3]
	at org.springframework.context.annotation.ConditionEvaluator.shouldSkip(ConditionEvaluator.java:100) ~[spring-context-7.0.5.jar:7.0.5]
	at org.springframework.context.annotation.ConfigurationClassBeanDefinitionReader.loadBeanDefinitionsForBeanMethod(ConfigurationClassBeanDefinitionReader.java:196) ~[spring-context-7.0.5.jar:7.0.5]
	at org.springframework.context.annotation.ConfigurationClassBeanDefinitionReader.loadBeanDefinitionsForConfigurationClass(ConfigurationClassBeanDefinitionReader.java:148) ~[spring-context-7.0.5.jar:7.0.5]
	at org.springframework.context.annotation.ConfigurationClassBeanDefinitionReader.loadBeanDefinitions(ConfigurationClassBeanDefinitionReader.java:124) ~[spring-context-7.0.5.jar:7.0.5]
	at org.springframework.context.annotation.ConfigurationClassPostProcessor.processConfigBeanDefinitions(ConfigurationClassPostProcessor.java:458) ~[spring-context-7.0.5.jar:7.0.5]
	at org.springframework.context.annotation.ConfigurationClassPostProcessor.postProcessBeanDefinitionRegistry(ConfigurationClassPostProcessor.java:310) ~[spring-context-7.0.5.jar:7.0.5]
	at org.springframework.context.support.PostProcessorRegistrationDelegate.invokeBeanDefinitionRegistryPostProcessors(PostProcessorRegistrationDelegate.java:349) ~[spring-context-7.0.5.jar:7.0.5]
	at org.springframework.context.support.PostProcessorRegistrationDelegate.invokeBeanFactoryPostProcessors(PostProcessorRegistrationDelegate.java:118) ~[spring-context-7.0.5.jar:7.0.5]
	at org.springframework.context.support.AbstractApplicationContext.invokeBeanFactoryPostProcessors(AbstractApplicationContext.java:795) ~[spring-context-7.0.5.jar:7.0.5]
	at org.springframework.context.support.AbstractApplicationContext.refresh(AbstractApplicationContext.java:603) ~[spring-context-7.0.5.jar:7.0.5]
	at org.springframework.boot.web.server.servlet.context.ServletWebServerApplicationContext.refresh(ServletWebServerApplicationContext.java:143) ~[spring-boot-web-server-4.0.3.jar:4.0.3]
	at org.springframework.boot.SpringApplication.refresh(SpringApplication.java:756) ~[spring-boot-4.0.3.jar:4.0.3]
	at org.springframework.boot.SpringApplication.refreshContext(SpringApplication.java:445) ~[spring-boot-4.0.3.jar:4.0.3]
	at org.springframework.boot.SpringApplication.run(SpringApplication.java:321) ~[spring-boot-4.0.3.jar:4.0.3]
	at org.springframework.boot.SpringApplication.run(SpringApplication.java:1365) ~[spring-boot-4.0.3.jar:4.0.3]
	at org.springframework.boot.SpringApplication.run(SpringApplication.java:1354) ~[spring-boot-4.0.3.jar:4.0.3]
	at com.rohan.SubscriptionManagementBackendApplication.main(SubscriptionManagementBackendApplication.java:10) ~[classes/:na]
	at java.base/jdk.internal.reflect.DirectMethodHandleAccessor.invoke(DirectMethodHandleAccessor.java:103) ~[na:na]
	at java.base/java.lang.reflect.Method.invoke(Method.java:580) ~[na:na]
	at org.springframework.boot.devtools.restart.RestartLauncher.run(RestartLauncher.java:52) ~[spring-boot-devtools-4.0.3.jar:4.0.3]
Caused by: java.lang.IllegalStateException: Failed to introspect Class [com.rohan.config.AppConfig] from ClassLoader [org.springframework.boot.devtools.restart.classloader.RestartClassLoader@30559df3]
	at org.springframework.util.ReflectionUtils.getDeclaredMethods(ReflectionUtils.java:483) ~[spring-core-7.0.5.jar:7.0.5]
	at org.springframework.util.ReflectionUtils.doWithMethods(ReflectionUtils.java:360) ~[spring-core-7.0.5.jar:7.0.5]
	at org.springframework.util.ReflectionUtils.getUniqueDeclaredMethods(ReflectionUtils.java:417) ~[spring-core-7.0.5.jar:7.0.5]
	at org.springframework.beans.factory.support.AbstractAutowireCapableBeanFactory.lambda$getTypeForFactoryMethod$0(AbstractAutowireCapableBeanFactory.java:750) ~[spring-beans-7.0.5.jar:7.0.5]
	at java.base/java.util.concurrent.ConcurrentHashMap.computeIfAbsent(ConcurrentHashMap.java:1713) ~[na:na]
	at org.springframework.beans.factory.support.AbstractAutowireCapableBeanFactory.getTypeForFactoryMethod(AbstractAutowireCapableBeanFactory.java:749) ~[spring-beans-7.0.5.jar:7.0.5]
	at org.springframework.beans.factory.support.AbstractAutowireCapableBeanFactory.determineTargetType(AbstractAutowireCapableBeanFactory.java:683) ~[spring-beans-7.0.5.jar:7.0.5]
	at org.springframework.beans.factory.support.AbstractAutowireCapableBeanFactory.predictBeanType(AbstractAutowireCapableBeanFactory.java:655) ~[spring-beans-7.0.5.jar:7.0.5]
	at org.springframework.beans.factory.support.AbstractBeanFactory.isFactoryBean(AbstractBeanFactory.java:1699) ~[spring-beans-7.0.5.jar:7.0.5]
	at org.springframework.beans.factory.support.DefaultListableBeanFactory.doGetBeanNamesForType(DefaultListableBeanFactory.java:632) ~[spring-beans-7.0.5.jar:7.0.5]
	at org.springframework.beans.factory.support.DefaultListableBeanFactory.getBeanNamesForType(DefaultListableBeanFactory.java:604) ~[spring-beans-7.0.5.jar:7.0.5]
	at org.springframework.beans.factory.support.DefaultListableBeanFactory.getBeanNamesForType(DefaultListableBeanFactory.java:589) ~[spring-beans-7.0.5.jar:7.0.5]
	at org.springframework.boot.autoconfigure.condition.OnBeanCondition.collectBeanDefinitionsForType(OnBeanCondition.java:334) ~[spring-boot-autoconfigure-4.0.3.jar:4.0.3]
	at org.springframework.boot.autoconfigure.condition.OnBeanCondition.getBeanDefinitionsForType(OnBeanCondition.java:323) ~[spring-boot-autoconfigure-4.0.3.jar:4.0.3]
	at org.springframework.boot.autoconfigure.condition.OnBeanCondition.getMatchingBeans(OnBeanCondition.java:221) ~[spring-boot-autoconfigure-4.0.3.jar:4.0.3]
	at org.springframework.boot.autoconfigure.condition.OnBeanCondition.evaluateConditionalOnMissingBean(OnBeanCondition.java:204) ~[spring-boot-autoconfigure-4.0.3.jar:4.0.3]
	at org.springframework.boot.autoconfigure.condition.OnBeanCondition.getMatchOutcome(OnBeanCondition.java:149) ~[spring-boot-autoconfigure-4.0.3.jar:4.0.3]
	at org.springframework.boot.autoconfigure.condition.SpringBootCondition.matches(SpringBootCondition.java:47) ~[spring-boot-autoconfigure-4.0.3.jar:4.0.3]
	... 20 common frames omitted
Caused by: java.lang.NoClassDefFoundError: org/springframework/security/crypto/password/PasswordEncoder
	at java.base/java.lang.Class.getDeclaredMethods0(Native Method) ~[na:na]
	at java.base/java.lang.Class.privateGetDeclaredMethods(Class.java:3650) ~[na:na]
	at java.base/java.lang.Class.getDeclaredMethods(Class.java:2735) ~[na:na]
	at org.springframework.util.ReflectionUtils.getDeclaredMethods(ReflectionUtils.java:465) ~[spring-core-7.0.5.jar:7.0.5]
	... 37 common frames omitted
Caused by: java.lang.ClassNotFoundException: org.springframework.security.crypto.password.PasswordEncoder
	at java.base/jdk.internal.loader.BuiltinClassLoader.loadClass(BuiltinClassLoader.java:641) ~[na:na]
	at java.base/jdk.internal.loader.ClassLoaders$AppClassLoader.loadClass(ClassLoaders.java:188) ~[na:na]
	at java.base/java.lang.ClassLoader.loadClass(ClassLoader.java:528) ~[na:na]
	at java.base/java.lang.Class.forName0(Native Method) ~[na:na]
	at java.base/java.lang.Class.forName(Class.java:578) ~[na:na]
	at java.base/java.lang.Class.forName(Class.java:557) ~[na:na]
	at org.springframework.boot.devtools.restart.classloader.RestartClassLoader.loadClass(RestartClassLoader.java:123) ~[spring-boot-devtools-4.0.3.jar:4.0.3]
	at java.base/java.lang.ClassLoader.loadClass(ClassLoader.java:528) ~[na:na]
	... 41 common frames omitted

2026-03-17T13:17:04.583+05:30  INFO 10092 --- [subscriptionManagementBackend] [restartedMain] SubscriptionManagementBackendApplication : Starting SubscriptionManagementBackendApplication using Java 23.0.2 with PID 10092 (C:\GitHub\Pratiti Training\Mini Project\subscriptionManagementBackend\target\classes started by rohan in C:\GitHub\Pratiti Training\Mini Project\subscriptionManagementBackend)
2026-03-17T13:17:04.591+05:30 DEBUG 10092 --- [subscriptionManagementBackend] [restartedMain] SubscriptionManagementBackendApplication : Running with Spring Boot v4.0.3, Spring v7.0.5
2026-03-17T13:17:04.592+05:30  INFO 10092 --- [subscriptionManagementBackend] [restartedMain] SubscriptionManagementBackendApplication : No active profile set, falling back to 1 default profile: "default"
2026-03-17T13:17:06.089+05:30  WARN 10092 --- [subscriptionManagementBackend] [restartedMain] ConfigServletWebServerApplicationContext : Exception encountered during context initialization - cancelling refresh attempt: java.lang.IllegalStateException: Error processing condition on org.springframework.boot.autoconfigure.context.PropertyPlaceholderAutoConfiguration.propertySourcesPlaceholderConfigurer
2026-03-17T13:17:06.942+05:30  INFO 10092 --- [subscriptionManagementBackend] [restartedMain] .s.b.a.l.ConditionEvaluationReportLogger : 

Error starting ApplicationContext. To display the condition evaluation report re-run your application with 'debug' enabled.
2026-03-17T13:17:07.253+05:30 ERROR 10092 --- [subscriptionManagementBackend] [restartedMain] o.s.boot.SpringApplication               : Application run failed

java.lang.IllegalStateException: Error processing condition on org.springframework.boot.autoconfigure.context.PropertyPlaceholderAutoConfiguration.propertySourcesPlaceholderConfigurer
	at org.springframework.boot.autoconfigure.condition.SpringBootCondition.matches(SpringBootCondition.java:60) ~[spring-boot-autoconfigure-4.0.3.jar:4.0.3]
	at org.springframework.context.annotation.ConditionEvaluator.shouldSkip(ConditionEvaluator.java:100) ~[spring-context-7.0.5.jar:7.0.5]
	at org.springframework.context.annotation.ConfigurationClassBeanDefinitionReader.loadBeanDefinitionsForBeanMethod(ConfigurationClassBeanDefinitionReader.java:196) ~[spring-context-7.0.5.jar:7.0.5]
	at org.springframework.context.annotation.ConfigurationClassBeanDefinitionReader.loadBeanDefinitionsForConfigurationClass(ConfigurationClassBeanDefinitionReader.java:148) ~[spring-context-7.0.5.jar:7.0.5]
	at org.springframework.context.annotation.ConfigurationClassBeanDefinitionReader.loadBeanDefinitions(ConfigurationClassBeanDefinitionReader.java:124) ~[spring-context-7.0.5.jar:7.0.5]
	at org.springframework.context.annotation.ConfigurationClassPostProcessor.processConfigBeanDefinitions(ConfigurationClassPostProcessor.java:458) ~[spring-context-7.0.5.jar:7.0.5]
	at org.springframework.context.annotation.ConfigurationClassPostProcessor.postProcessBeanDefinitionRegistry(ConfigurationClassPostProcessor.java:310) ~[spring-context-7.0.5.jar:7.0.5]
	at org.springframework.context.support.PostProcessorRegistrationDelegate.invokeBeanDefinitionRegistryPostProcessors(PostProcessorRegistrationDelegate.java:349) ~[spring-context-7.0.5.jar:7.0.5]
	at org.springframework.context.support.PostProcessorRegistrationDelegate.invokeBeanFactoryPostProcessors(PostProcessorRegistrationDelegate.java:118) ~[spring-context-7.0.5.jar:7.0.5]
	at org.springframework.context.support.AbstractApplicationContext.invokeBeanFactoryPostProcessors(AbstractApplicationContext.java:795) ~[spring-context-7.0.5.jar:7.0.5]
	at org.springframework.context.support.AbstractApplicationContext.refresh(AbstractApplicationContext.java:603) ~[spring-context-7.0.5.jar:7.0.5]
	at org.springframework.boot.web.server.servlet.context.ServletWebServerApplicationContext.refresh(ServletWebServerApplicationContext.java:143) ~[spring-boot-web-server-4.0.3.jar:4.0.3]
	at org.springframework.boot.SpringApplication.refresh(SpringApplication.java:756) ~[spring-boot-4.0.3.jar:4.0.3]
	at org.springframework.boot.SpringApplication.refreshContext(SpringApplication.java:445) ~[spring-boot-4.0.3.jar:4.0.3]
	at org.springframework.boot.SpringApplication.run(SpringApplication.java:321) ~[spring-boot-4.0.3.jar:4.0.3]
	at org.springframework.boot.SpringApplication.run(SpringApplication.java:1365) ~[spring-boot-4.0.3.jar:4.0.3]
	at org.springframework.boot.SpringApplication.run(SpringApplication.java:1354) ~[spring-boot-4.0.3.jar:4.0.3]
	at com.rohan.SubscriptionManagementBackendApplication.main(SubscriptionManagementBackendApplication.java:10) ~[classes/:na]
	at java.base/jdk.internal.reflect.DirectMethodHandleAccessor.invoke(DirectMethodHandleAccessor.java:103) ~[na:na]
	at java.base/java.lang.reflect.Method.invoke(Method.java:580) ~[na:na]
	at org.springframework.boot.devtools.restart.RestartLauncher.run(RestartLauncher.java:52) ~[spring-boot-devtools-4.0.3.jar:4.0.3]
Caused by: java.lang.IllegalStateException: Failed to introspect Class [com.rohan.config.AppConfig] from ClassLoader [org.springframework.boot.devtools.restart.classloader.RestartClassLoader@3c15e19a]
	at org.springframework.util.ReflectionUtils.getDeclaredMethods(ReflectionUtils.java:483) ~[spring-core-7.0.5.jar:7.0.5]
	at org.springframework.util.ReflectionUtils.doWithMethods(ReflectionUtils.java:360) ~[spring-core-7.0.5.jar:7.0.5]
	at org.springframework.util.ReflectionUtils.getUniqueDeclaredMethods(ReflectionUtils.java:417) ~[spring-core-7.0.5.jar:7.0.5]
	at org.springframework.beans.factory.support.AbstractAutowireCapableBeanFactory.lambda$getTypeForFactoryMethod$0(AbstractAutowireCapableBeanFactory.java:750) ~[spring-beans-7.0.5.jar:7.0.5]
	at java.base/java.util.concurrent.ConcurrentHashMap.computeIfAbsent(ConcurrentHashMap.java:1713) ~[na:na]
	at org.springframework.beans.factory.support.AbstractAutowireCapableBeanFactory.getTypeForFactoryMethod(AbstractAutowireCapableBeanFactory.java:749) ~[spring-beans-7.0.5.jar:7.0.5]
	at org.springframework.beans.factory.support.AbstractAutowireCapableBeanFactory.determineTargetType(AbstractAutowireCapableBeanFactory.java:683) ~[spring-beans-7.0.5.jar:7.0.5]
	at org.springframework.beans.factory.support.AbstractAutowireCapableBeanFactory.predictBeanType(AbstractAutowireCapableBeanFactory.java:655) ~[spring-beans-7.0.5.jar:7.0.5]
	at org.springframework.beans.factory.support.AbstractBeanFactory.isFactoryBean(AbstractBeanFactory.java:1699) ~[spring-beans-7.0.5.jar:7.0.5]
	at org.springframework.beans.factory.support.DefaultListableBeanFactory.doGetBeanNamesForType(DefaultListableBeanFactory.java:632) ~[spring-beans-7.0.5.jar:7.0.5]
	at org.springframework.beans.factory.support.DefaultListableBeanFactory.getBeanNamesForType(DefaultListableBeanFactory.java:604) ~[spring-beans-7.0.5.jar:7.0.5]
	at org.springframework.beans.factory.support.DefaultListableBeanFactory.getBeanNamesForType(DefaultListableBeanFactory.java:589) ~[spring-beans-7.0.5.jar:7.0.5]
	at org.springframework.boot.autoconfigure.condition.OnBeanCondition.collectBeanDefinitionsForType(OnBeanCondition.java:334) ~[spring-boot-autoconfigure-4.0.3.jar:4.0.3]
	at org.springframework.boot.autoconfigure.condition.OnBeanCondition.getBeanDefinitionsForType(OnBeanCondition.java:323) ~[spring-boot-autoconfigure-4.0.3.jar:4.0.3]
	at org.springframework.boot.autoconfigure.condition.OnBeanCondition.getMatchingBeans(OnBeanCondition.java:221) ~[spring-boot-autoconfigure-4.0.3.jar:4.0.3]
	at org.springframework.boot.autoconfigure.condition.OnBeanCondition.evaluateConditionalOnMissingBean(OnBeanCondition.java:204) ~[spring-boot-autoconfigure-4.0.3.jar:4.0.3]
	at org.springframework.boot.autoconfigure.condition.OnBeanCondition.getMatchOutcome(OnBeanCondition.java:149) ~[spring-boot-autoconfigure-4.0.3.jar:4.0.3]
	at org.springframework.boot.autoconfigure.condition.SpringBootCondition.matches(SpringBootCondition.java:47) ~[spring-boot-autoconfigure-4.0.3.jar:4.0.3]
	... 20 common frames omitted
Caused by: java.lang.NoClassDefFoundError: org/springframework/security/crypto/password/PasswordEncoder
	at java.base/java.lang.Class.getDeclaredMethods0(Native Method) ~[na:na]
	at java.base/java.lang.Class.privateGetDeclaredMethods(Class.java:3650) ~[na:na]
	at java.base/java.lang.Class.getDeclaredMethods(Class.java:2735) ~[na:na]
	at org.springframework.util.ReflectionUtils.getDeclaredMethods(ReflectionUtils.java:465) ~[spring-core-7.0.5.jar:7.0.5]
	... 37 common frames omitted
Caused by: java.lang.ClassNotFoundException: org.springframework.security.crypto.password.PasswordEncoder
	at java.base/jdk.internal.loader.BuiltinClassLoader.loadClass(BuiltinClassLoader.java:641) ~[na:na]
	at java.base/jdk.internal.loader.ClassLoaders$AppClassLoader.loadClass(ClassLoaders.java:188) ~[na:na]
	at java.base/java.lang.ClassLoader.loadClass(ClassLoader.java:528) ~[na:na]
	at java.base/java.lang.Class.forName0(Native Method) ~[na:na]
	at java.base/java.lang.Class.forName(Class.java:578) ~[na:na]
	at java.base/java.lang.Class.forName(Class.java:557) ~[na:na]
	at org.springframework.boot.devtools.restart.classloader.RestartClassLoader.loadClass(RestartClassLoader.java:123) ~[spring-boot-devtools-4.0.3.jar:4.0.3]
	at java.base/java.lang.ClassLoader.loadClass(ClassLoader.java:528) ~[na:na]
	... 41 common frames omitted

2026-03-17T15:14:32.797+05:30  INFO 10092 --- [subscriptionManagementBackend] [restartedMain] SubscriptionManagementBackendApplication : Starting SubscriptionManagementBackendApplication using Java 23.0.2 with PID 10092 (C:\GitHub\Pratiti Training\Mini Project\subscriptionManagementBackend\target\classes started by rohan in C:\GitHub\Pratiti Training\Mini Project\subscriptionManagementBackend)
2026-03-17T15:14:32.802+05:30 DEBUG 10092 --- [subscriptionManagementBackend] [restartedMain] SubscriptionManagementBackendApplication : Running with Spring Boot v4.0.3, Spring v7.0.5
2026-03-17T15:14:32.802+05:30  INFO 10092 --- [subscriptionManagementBackend] [restartedMain] SubscriptionManagementBackendApplication : No active profile set, falling back to 1 default profile: "default"
2026-03-17T15:14:35.296+05:30  WARN 10092 --- [subscriptionManagementBackend] [restartedMain] ConfigServletWebServerApplicationContext : Exception encountered during context initialization - cancelling refresh attempt: java.lang.IllegalStateException: Error processing condition on org.springframework.boot.autoconfigure.context.PropertyPlaceholderAutoConfiguration.propertySourcesPlaceholderConfigurer
2026-03-17T15:14:35.330+05:30  INFO 10092 --- [subscriptionManagementBackend] [restartedMain] .s.b.a.l.ConditionEvaluationReportLogger : 

Error starting ApplicationContext. To display the condition evaluation report re-run your application with 'debug' enabled.
2026-03-17T15:14:35.349+05:30 ERROR 10092 --- [subscriptionManagementBackend] [restartedMain] o.s.boot.SpringApplication               : Application run failed

java.lang.IllegalStateException: Error processing condition on org.springframework.boot.autoconfigure.context.PropertyPlaceholderAutoConfiguration.propertySourcesPlaceholderConfigurer
	at org.springframework.boot.autoconfigure.condition.SpringBootCondition.matches(SpringBootCondition.java:60) ~[spring-boot-autoconfigure-4.0.3.jar:4.0.3]
	at org.springframework.context.annotation.ConditionEvaluator.shouldSkip(ConditionEvaluator.java:100) ~[spring-context-7.0.5.jar:7.0.5]
	at org.springframework.context.annotation.ConfigurationClassBeanDefinitionReader.loadBeanDefinitionsForBeanMethod(ConfigurationClassBeanDefinitionReader.java:196) ~[spring-context-7.0.5.jar:7.0.5]
	at org.springframework.context.annotation.ConfigurationClassBeanDefinitionReader.loadBeanDefinitionsForConfigurationClass(ConfigurationClassBeanDefinitionReader.java:148) ~[spring-context-7.0.5.jar:7.0.5]
	at org.springframework.context.annotation.ConfigurationClassBeanDefinitionReader.loadBeanDefinitions(ConfigurationClassBeanDefinitionReader.java:124) ~[spring-context-7.0.5.jar:7.0.5]
	at org.springframework.context.annotation.ConfigurationClassPostProcessor.processConfigBeanDefinitions(ConfigurationClassPostProcessor.java:458) ~[spring-context-7.0.5.jar:7.0.5]
	at org.springframework.context.annotation.ConfigurationClassPostProcessor.postProcessBeanDefinitionRegistry(ConfigurationClassPostProcessor.java:310) ~[spring-context-7.0.5.jar:7.0.5]
	at org.springframework.context.support.PostProcessorRegistrationDelegate.invokeBeanDefinitionRegistryPostProcessors(PostProcessorRegistrationDelegate.java:349) ~[spring-context-7.0.5.jar:7.0.5]
	at org.springframework.context.support.PostProcessorRegistrationDelegate.invokeBeanFactoryPostProcessors(PostProcessorRegistrationDelegate.java:118) ~[spring-context-7.0.5.jar:7.0.5]
	at org.springframework.context.support.AbstractApplicationContext.invokeBeanFactoryPostProcessors(AbstractApplicationContext.java:795) ~[spring-context-7.0.5.jar:7.0.5]
	at org.springframework.context.support.AbstractApplicationContext.refresh(AbstractApplicationContext.java:603) ~[spring-context-7.0.5.jar:7.0.5]
	at org.springframework.boot.web.server.servlet.context.ServletWebServerApplicationContext.refresh(ServletWebServerApplicationContext.java:143) ~[spring-boot-web-server-4.0.3.jar:4.0.3]
	at org.springframework.boot.SpringApplication.refresh(SpringApplication.java:756) ~[spring-boot-4.0.3.jar:4.0.3]
	at org.springframework.boot.SpringApplication.refreshContext(SpringApplication.java:445) ~[spring-boot-4.0.3.jar:4.0.3]
	at org.springframework.boot.SpringApplication.run(SpringApplication.java:321) ~[spring-boot-4.0.3.jar:4.0.3]
	at org.springframework.boot.SpringApplication.run(SpringApplication.java:1365) ~[spring-boot-4.0.3.jar:4.0.3]
	at org.springframework.boot.SpringApplication.run(SpringApplication.java:1354) ~[spring-boot-4.0.3.jar:4.0.3]
	at com.rohan.SubscriptionManagementBackendApplication.main(SubscriptionManagementBackendApplication.java:10) ~[classes/:na]
	at java.base/jdk.internal.reflect.DirectMethodHandleAccessor.invoke(DirectMethodHandleAccessor.java:103) ~[na:na]
	at java.base/java.lang.reflect.Method.invoke(Method.java:580) ~[na:na]
	at org.springframework.boot.devtools.restart.RestartLauncher.run(RestartLauncher.java:52) ~[spring-boot-devtools-4.0.3.jar:4.0.3]
Caused by: java.lang.IllegalStateException: Failed to introspect Class [com.rohan.config.AppConfig] from ClassLoader [org.springframework.boot.devtools.restart.classloader.RestartClassLoader@3ae9b65e]
	at org.springframework.util.ReflectionUtils.getDeclaredMethods(ReflectionUtils.java:483) ~[spring-core-7.0.5.jar:7.0.5]
	at org.springframework.util.ReflectionUtils.doWithMethods(ReflectionUtils.java:360) ~[spring-core-7.0.5.jar:7.0.5]
	at org.springframework.util.ReflectionUtils.getUniqueDeclaredMethods(ReflectionUtils.java:417) ~[spring-core-7.0.5.jar:7.0.5]
	at org.springframework.beans.factory.support.AbstractAutowireCapableBeanFactory.lambda$getTypeForFactoryMethod$0(AbstractAutowireCapableBeanFactory.java:750) ~[spring-beans-7.0.5.jar:7.0.5]
	at java.base/java.util.concurrent.ConcurrentHashMap.computeIfAbsent(ConcurrentHashMap.java:1713) ~[na:na]
	at org.springframework.beans.factory.support.AbstractAutowireCapableBeanFactory.getTypeForFactoryMethod(AbstractAutowireCapableBeanFactory.java:749) ~[spring-beans-7.0.5.jar:7.0.5]
	at org.springframework.beans.factory.support.AbstractAutowireCapableBeanFactory.determineTargetType(AbstractAutowireCapableBeanFactory.java:683) ~[spring-beans-7.0.5.jar:7.0.5]
	at org.springframework.beans.factory.support.AbstractAutowireCapableBeanFactory.predictBeanType(AbstractAutowireCapableBeanFactory.java:655) ~[spring-beans-7.0.5.jar:7.0.5]
	at org.springframework.beans.factory.support.AbstractBeanFactory.isFactoryBean(AbstractBeanFactory.java:1699) ~[spring-beans-7.0.5.jar:7.0.5]
	at org.springframework.beans.factory.support.DefaultListableBeanFactory.doGetBeanNamesForType(DefaultListableBeanFactory.java:632) ~[spring-beans-7.0.5.jar:7.0.5]
	at org.springframework.beans.factory.support.DefaultListableBeanFactory.getBeanNamesForType(DefaultListableBeanFactory.java:604) ~[spring-beans-7.0.5.jar:7.0.5]
	at org.springframework.beans.factory.support.DefaultListableBeanFactory.getBeanNamesForType(DefaultListableBeanFactory.java:589) ~[spring-beans-7.0.5.jar:7.0.5]
	at org.springframework.boot.autoconfigure.condition.OnBeanCondition.collectBeanDefinitionsForType(OnBeanCondition.java:334) ~[spring-boot-autoconfigure-4.0.3.jar:4.0.3]
	at org.springframework.boot.autoconfigure.condition.OnBeanCondition.getBeanDefinitionsForType(OnBeanCondition.java:323) ~[spring-boot-autoconfigure-4.0.3.jar:4.0.3]
	at org.springframework.boot.autoconfigure.condition.OnBeanCondition.getMatchingBeans(OnBeanCondition.java:221) ~[spring-boot-autoconfigure-4.0.3.jar:4.0.3]
	at org.springframework.boot.autoconfigure.condition.OnBeanCondition.evaluateConditionalOnMissingBean(OnBeanCondition.java:204) ~[spring-boot-autoconfigure-4.0.3.jar:4.0.3]
	at org.springframework.boot.autoconfigure.condition.OnBeanCondition.getMatchOutcome(OnBeanCondition.java:149) ~[spring-boot-autoconfigure-4.0.3.jar:4.0.3]
	at org.springframework.boot.autoconfigure.condition.SpringBootCondition.matches(SpringBootCondition.java:47) ~[spring-boot-autoconfigure-4.0.3.jar:4.0.3]
	... 20 common frames omitted
Caused by: java.lang.NoClassDefFoundError: org/springframework/security/crypto/password/PasswordEncoder
	at java.base/java.lang.Class.getDeclaredMethods0(Native Method) ~[na:na]
	at java.base/java.lang.Class.privateGetDeclaredMethods(Class.java:3650) ~[na:na]
	at java.base/java.lang.Class.getDeclaredMethods(Class.java:2735) ~[na:na]
	at org.springframework.util.ReflectionUtils.getDeclaredMethods(ReflectionUtils.java:465) ~[spring-core-7.0.5.jar:7.0.5]
	... 37 common frames omitted
Caused by: java.lang.ClassNotFoundException: org.springframework.security.crypto.password.PasswordEncoder
	at java.base/jdk.internal.loader.BuiltinClassLoader.loadClass(BuiltinClassLoader.java:641) ~[na:na]
	at java.base/jdk.internal.loader.ClassLoaders$AppClassLoader.loadClass(ClassLoaders.java:188) ~[na:na]
	at java.base/java.lang.ClassLoader.loadClass(ClassLoader.java:528) ~[na:na]
	at java.base/java.lang.Class.forName0(Native Method) ~[na:na]
	at java.base/java.lang.Class.forName(Class.java:578) ~[na:na]
	at java.base/java.lang.Class.forName(Class.java:557) ~[na:na]
	at org.springframework.boot.devtools.restart.classloader.RestartClassLoader.loadClass(RestartClassLoader.java:123) ~[spring-boot-devtools-4.0.3.jar:4.0.3]
	at java.base/java.lang.ClassLoader.loadClass(ClassLoader.java:528) ~[na:na]
	... 41 common frames omitted

2026-03-17T15:14:40.248+05:30  INFO 10092 --- [subscriptionManagementBackend] [restartedMain] SubscriptionManagementBackendApplication : Starting SubscriptionManagementBackendApplication using Java 23.0.2 with PID 10092 (C:\GitHub\Pratiti Training\Mini Project\subscriptionManagementBackend\target\classes started by rohan in C:\GitHub\Pratiti Training\Mini Project\subscriptionManagementBackend)
2026-03-17T15:14:40.248+05:30 DEBUG 10092 --- [subscriptionManagementBackend] [restartedMain] SubscriptionManagementBackendApplication : Running with Spring Boot v4.0.3, Spring v7.0.5
2026-03-17T15:14:40.248+05:30  INFO 10092 --- [subscriptionManagementBackend] [restartedMain] SubscriptionManagementBackendApplication : No active profile set, falling back to 1 default profile: "default"
2026-03-17T15:14:41.012+05:30  WARN 10092 --- [subscriptionManagementBackend] [restartedMain] ConfigServletWebServerApplicationContext : Exception encountered during context initialization - cancelling refresh attempt: java.lang.IllegalStateException: Error processing condition on org.springframework.boot.autoconfigure.context.PropertyPlaceholderAutoConfiguration.propertySourcesPlaceholderConfigurer
2026-03-17T15:14:41.014+05:30  INFO 10092 --- [subscriptionManagementBackend] [restartedMain] .s.b.a.l.ConditionEvaluationReportLogger : 

Error starting ApplicationContext. To display the condition evaluation report re-run your application with 'debug' enabled.
2026-03-17T15:14:41.022+05:30 ERROR 10092 --- [subscriptionManagementBackend] [restartedMain] o.s.boot.SpringApplication               : Application run failed

java.lang.IllegalStateException: Error processing condition on org.springframework.boot.autoconfigure.context.PropertyPlaceholderAutoConfiguration.propertySourcesPlaceholderConfigurer
	at org.springframework.boot.autoconfigure.condition.SpringBootCondition.matches(SpringBootCondition.java:60) ~[spring-boot-autoconfigure-4.0.3.jar:4.0.3]
	at org.springframework.context.annotation.ConditionEvaluator.shouldSkip(ConditionEvaluator.java:100) ~[spring-context-7.0.5.jar:7.0.5]
	at org.springframework.context.annotation.ConfigurationClassBeanDefinitionReader.loadBeanDefinitionsForBeanMethod(ConfigurationClassBeanDefinitionReader.java:196) ~[spring-context-7.0.5.jar:7.0.5]
	at org.springframework.context.annotation.ConfigurationClassBeanDefinitionReader.loadBeanDefinitionsForConfigurationClass(ConfigurationClassBeanDefinitionReader.java:148) ~[spring-context-7.0.5.jar:7.0.5]
	at org.springframework.context.annotation.ConfigurationClassBeanDefinitionReader.loadBeanDefinitions(ConfigurationClassBeanDefinitionReader.java:124) ~[spring-context-7.0.5.jar:7.0.5]
	at org.springframework.context.annotation.ConfigurationClassPostProcessor.processConfigBeanDefinitions(ConfigurationClassPostProcessor.java:458) ~[spring-context-7.0.5.jar:7.0.5]
	at org.springframework.context.annotation.ConfigurationClassPostProcessor.postProcessBeanDefinitionRegistry(ConfigurationClassPostProcessor.java:310) ~[spring-context-7.0.5.jar:7.0.5]
	at org.springframework.context.support.PostProcessorRegistrationDelegate.invokeBeanDefinitionRegistryPostProcessors(PostProcessorRegistrationDelegate.java:349) ~[spring-context-7.0.5.jar:7.0.5]
	at org.springframework.context.support.PostProcessorRegistrationDelegate.invokeBeanFactoryPostProcessors(PostProcessorRegistrationDelegate.java:118) ~[spring-context-7.0.5.jar:7.0.5]
	at org.springframework.context.support.AbstractApplicationContext.invokeBeanFactoryPostProcessors(AbstractApplicationContext.java:795) ~[spring-context-7.0.5.jar:7.0.5]
	at org.springframework.context.support.AbstractApplicationContext.refresh(AbstractApplicationContext.java:603) ~[spring-context-7.0.5.jar:7.0.5]
	at org.springframework.boot.web.server.servlet.context.ServletWebServerApplicationContext.refresh(ServletWebServerApplicationContext.java:143) ~[spring-boot-web-server-4.0.3.jar:4.0.3]
	at org.springframework.boot.SpringApplication.refresh(SpringApplication.java:756) ~[spring-boot-4.0.3.jar:4.0.3]
	at org.springframework.boot.SpringApplication.refreshContext(SpringApplication.java:445) ~[spring-boot-4.0.3.jar:4.0.3]
	at org.springframework.boot.SpringApplication.run(SpringApplication.java:321) ~[spring-boot-4.0.3.jar:4.0.3]
	at org.springframework.boot.SpringApplication.run(SpringApplication.java:1365) ~[spring-boot-4.0.3.jar:4.0.3]
	at org.springframework.boot.SpringApplication.run(SpringApplication.java:1354) ~[spring-boot-4.0.3.jar:4.0.3]
	at com.rohan.SubscriptionManagementBackendApplication.main(SubscriptionManagementBackendApplication.java:10) ~[classes/:na]
	at java.base/jdk.internal.reflect.DirectMethodHandleAccessor.invoke(DirectMethodHandleAccessor.java:103) ~[na:na]
	at java.base/java.lang.reflect.Method.invoke(Method.java:580) ~[na:na]
	at org.springframework.boot.devtools.restart.RestartLauncher.run(RestartLauncher.java:52) ~[spring-boot-devtools-4.0.3.jar:4.0.3]
Caused by: java.lang.IllegalStateException: Failed to introspect Class [com.rohan.config.AppConfig] from ClassLoader [org.springframework.boot.devtools.restart.classloader.RestartClassLoader@3777bdff]
	at org.springframework.util.ReflectionUtils.getDeclaredMethods(ReflectionUtils.java:483) ~[spring-core-7.0.5.jar:7.0.5]
	at org.springframework.util.ReflectionUtils.doWithMethods(ReflectionUtils.java:360) ~[spring-core-7.0.5.jar:7.0.5]
	at org.springframework.util.ReflectionUtils.getUniqueDeclaredMethods(ReflectionUtils.java:417) ~[spring-core-7.0.5.jar:7.0.5]
	at org.springframework.beans.factory.support.AbstractAutowireCapableBeanFactory.lambda$getTypeForFactoryMethod$0(AbstractAutowireCapableBeanFactory.java:750) ~[spring-beans-7.0.5.jar:7.0.5]
	at java.base/java.util.concurrent.ConcurrentHashMap.computeIfAbsent(ConcurrentHashMap.java:1713) ~[na:na]
	at org.springframework.beans.factory.support.AbstractAutowireCapableBeanFactory.getTypeForFactoryMethod(AbstractAutowireCapableBeanFactory.java:749) ~[spring-beans-7.0.5.jar:7.0.5]
	at org.springframework.beans.factory.support.AbstractAutowireCapableBeanFactory.determineTargetType(AbstractAutowireCapableBeanFactory.java:683) ~[spring-beans-7.0.5.jar:7.0.5]
	at org.springframework.beans.factory.support.AbstractAutowireCapableBeanFactory.predictBeanType(AbstractAutowireCapableBeanFactory.java:655) ~[spring-beans-7.0.5.jar:7.0.5]
	at org.springframework.beans.factory.support.AbstractBeanFactory.isFactoryBean(AbstractBeanFactory.java:1699) ~[spring-beans-7.0.5.jar:7.0.5]
	at org.springframework.beans.factory.support.DefaultListableBeanFactory.doGetBeanNamesForType(DefaultListableBeanFactory.java:632) ~[spring-beans-7.0.5.jar:7.0.5]
	at org.springframework.beans.factory.support.DefaultListableBeanFactory.getBeanNamesForType(DefaultListableBeanFactory.java:604) ~[spring-beans-7.0.5.jar:7.0.5]
	at org.springframework.beans.factory.support.DefaultListableBeanFactory.getBeanNamesForType(DefaultListableBeanFactory.java:589) ~[spring-beans-7.0.5.jar:7.0.5]
	at org.springframework.boot.autoconfigure.condition.OnBeanCondition.collectBeanDefinitionsForType(OnBeanCondition.java:334) ~[spring-boot-autoconfigure-4.0.3.jar:4.0.3]
	at org.springframework.boot.autoconfigure.condition.OnBeanCondition.getBeanDefinitionsForType(OnBeanCondition.java:323) ~[spring-boot-autoconfigure-4.0.3.jar:4.0.3]
	at org.springframework.boot.autoconfigure.condition.OnBeanCondition.getMatchingBeans(OnBeanCondition.java:221) ~[spring-boot-autoconfigure-4.0.3.jar:4.0.3]
	at org.springframework.boot.autoconfigure.condition.OnBeanCondition.evaluateConditionalOnMissingBean(OnBeanCondition.java:204) ~[spring-boot-autoconfigure-4.0.3.jar:4.0.3]
	at org.springframework.boot.autoconfigure.condition.OnBeanCondition.getMatchOutcome(OnBeanCondition.java:149) ~[spring-boot-autoconfigure-4.0.3.jar:4.0.3]
	at org.springframework.boot.autoconfigure.condition.SpringBootCondition.matches(SpringBootCondition.java:47) ~[spring-boot-autoconfigure-4.0.3.jar:4.0.3]
	... 20 common frames omitted
Caused by: java.lang.NoClassDefFoundError: org/springframework/security/crypto/password/PasswordEncoder
	at java.base/java.lang.Class.getDeclaredMethods0(Native Method) ~[na:na]
	at java.base/java.lang.Class.privateGetDeclaredMethods(Class.java:3650) ~[na:na]
	at java.base/java.lang.Class.getDeclaredMethods(Class.java:2735) ~[na:na]
	at org.springframework.util.ReflectionUtils.getDeclaredMethods(ReflectionUtils.java:465) ~[spring-core-7.0.5.jar:7.0.5]
	... 37 common frames omitted
Caused by: java.lang.ClassNotFoundException: org.springframework.security.crypto.password.PasswordEncoder
	at java.base/jdk.internal.loader.BuiltinClassLoader.loadClass(BuiltinClassLoader.java:641) ~[na:na]
	at java.base/jdk.internal.loader.ClassLoaders$AppClassLoader.loadClass(ClassLoaders.java:188) ~[na:na]
	at java.base/java.lang.ClassLoader.loadClass(ClassLoader.java:528) ~[na:na]
	at java.base/java.lang.Class.forName0(Native Method) ~[na:na]
	at java.base/java.lang.Class.forName(Class.java:578) ~[na:na]
	at java.base/java.lang.Class.forName(Class.java:557) ~[na:na]
	at org.springframework.boot.devtools.restart.classloader.RestartClassLoader.loadClass(RestartClassLoader.java:123) ~[spring-boot-devtools-4.0.3.jar:4.0.3]
	at java.base/java.lang.ClassLoader.loadClass(ClassLoader.java:528) ~[na:na]
	... 41 common frames omitted

2026-03-17T15:15:50.483+05:30  INFO 10092 --- [subscriptionManagementBackend] [restartedMain] SubscriptionManagementBackendApplication : Starting SubscriptionManagementBackendApplication using Java 23.0.2 with PID 10092 (C:\GitHub\Pratiti Training\Mini Project\subscriptionManagementBackend\target\classes started by rohan in C:\GitHub\Pratiti Training\Mini Project\subscriptionManagementBackend)
2026-03-17T15:15:50.484+05:30 DEBUG 10092 --- [subscriptionManagementBackend] [restartedMain] SubscriptionManagementBackendApplication : Running with Spring Boot v4.0.3, Spring v7.0.5
2026-03-17T15:15:50.485+05:30  INFO 10092 --- [subscriptionManagementBackend] [restartedMain] SubscriptionManagementBackendApplication : No active profile set, falling back to 1 default profile: "default"
2026-03-17T15:15:52.086+05:30  WARN 10092 --- [subscriptionManagementBackend] [restartedMain] ConfigServletWebServerApplicationContext : Exception encountered during context initialization - cancelling refresh attempt: java.lang.IllegalStateException: Error processing condition on org.springframework.boot.autoconfigure.context.PropertyPlaceholderAutoConfiguration.propertySourcesPlaceholderConfigurer
2026-03-17T15:15:52.095+05:30  INFO 10092 --- [subscriptionManagementBackend] [restartedMain] .s.b.a.l.ConditionEvaluationReportLogger : 

Error starting ApplicationContext. To display the condition evaluation report re-run your application with 'debug' enabled.
2026-03-17T15:15:52.133+05:30 ERROR 10092 --- [subscriptionManagementBackend] [restartedMain] o.s.boot.SpringApplication               : Application run failed

java.lang.IllegalStateException: Error processing condition on org.springframework.boot.autoconfigure.context.PropertyPlaceholderAutoConfiguration.propertySourcesPlaceholderConfigurer
	at org.springframework.boot.autoconfigure.condition.SpringBootCondition.matches(SpringBootCondition.java:60) ~[spring-boot-autoconfigure-4.0.3.jar:4.0.3]
	at org.springframework.context.annotation.ConditionEvaluator.shouldSkip(ConditionEvaluator.java:100) ~[spring-context-7.0.5.jar:7.0.5]
	at org.springframework.context.annotation.ConfigurationClassBeanDefinitionReader.loadBeanDefinitionsForBeanMethod(ConfigurationClassBeanDefinitionReader.java:196) ~[spring-context-7.0.5.jar:7.0.5]
	at org.springframework.context.annotation.ConfigurationClassBeanDefinitionReader.loadBeanDefinitionsForConfigurationClass(ConfigurationClassBeanDefinitionReader.java:148) ~[spring-context-7.0.5.jar:7.0.5]
	at org.springframework.context.annotation.ConfigurationClassBeanDefinitionReader.loadBeanDefinitions(ConfigurationClassBeanDefinitionReader.java:124) ~[spring-context-7.0.5.jar:7.0.5]
	at org.springframework.context.annotation.ConfigurationClassPostProcessor.processConfigBeanDefinitions(ConfigurationClassPostProcessor.java:458) ~[spring-context-7.0.5.jar:7.0.5]
	at org.springframework.context.annotation.ConfigurationClassPostProcessor.postProcessBeanDefinitionRegistry(ConfigurationClassPostProcessor.java:310) ~[spring-context-7.0.5.jar:7.0.5]
	at org.springframework.context.support.PostProcessorRegistrationDelegate.invokeBeanDefinitionRegistryPostProcessors(PostProcessorRegistrationDelegate.java:349) ~[spring-context-7.0.5.jar:7.0.5]
	at org.springframework.context.support.PostProcessorRegistrationDelegate.invokeBeanFactoryPostProcessors(PostProcessorRegistrationDelegate.java:118) ~[spring-context-7.0.5.jar:7.0.5]
	at org.springframework.context.support.AbstractApplicationContext.invokeBeanFactoryPostProcessors(AbstractApplicationContext.java:795) ~[spring-context-7.0.5.jar:7.0.5]
	at org.springframework.context.support.AbstractApplicationContext.refresh(AbstractApplicationContext.java:603) ~[spring-context-7.0.5.jar:7.0.5]
	at org.springframework.boot.web.server.servlet.context.ServletWebServerApplicationContext.refresh(ServletWebServerApplicationContext.java:143) ~[spring-boot-web-server-4.0.3.jar:4.0.3]
	at org.springframework.boot.SpringApplication.refresh(SpringApplication.java:756) ~[spring-boot-4.0.3.jar:4.0.3]
	at org.springframework.boot.SpringApplication.refreshContext(SpringApplication.java:445) ~[spring-boot-4.0.3.jar:4.0.3]
	at org.springframework.boot.SpringApplication.run(SpringApplication.java:321) ~[spring-boot-4.0.3.jar:4.0.3]
	at org.springframework.boot.SpringApplication.run(SpringApplication.java:1365) ~[spring-boot-4.0.3.jar:4.0.3]
	at org.springframework.boot.SpringApplication.run(SpringApplication.java:1354) ~[spring-boot-4.0.3.jar:4.0.3]
	at com.rohan.SubscriptionManagementBackendApplication.main(SubscriptionManagementBackendApplication.java:10) ~[classes/:na]
	at java.base/jdk.internal.reflect.DirectMethodHandleAccessor.invoke(DirectMethodHandleAccessor.java:103) ~[na:na]
	at java.base/java.lang.reflect.Method.invoke(Method.java:580) ~[na:na]
	at org.springframework.boot.devtools.restart.RestartLauncher.run(RestartLauncher.java:52) ~[spring-boot-devtools-4.0.3.jar:4.0.3]
Caused by: java.lang.IllegalStateException: Failed to introspect Class [com.rohan.config.AppConfig] from ClassLoader [org.springframework.boot.devtools.restart.classloader.RestartClassLoader@2b5114e7]
	at org.springframework.util.ReflectionUtils.getDeclaredMethods(ReflectionUtils.java:483) ~[spring-core-7.0.5.jar:7.0.5]
	at org.springframework.util.ReflectionUtils.doWithMethods(ReflectionUtils.java:360) ~[spring-core-7.0.5.jar:7.0.5]
	at org.springframework.util.ReflectionUtils.getUniqueDeclaredMethods(ReflectionUtils.java:417) ~[spring-core-7.0.5.jar:7.0.5]
	at org.springframework.beans.factory.support.AbstractAutowireCapableBeanFactory.lambda$getTypeForFactoryMethod$0(AbstractAutowireCapableBeanFactory.java:750) ~[spring-beans-7.0.5.jar:7.0.5]
	at java.base/java.util.concurrent.ConcurrentHashMap.computeIfAbsent(ConcurrentHashMap.java:1713) ~[na:na]
	at org.springframework.beans.factory.support.AbstractAutowireCapableBeanFactory.getTypeForFactoryMethod(AbstractAutowireCapableBeanFactory.java:749) ~[spring-beans-7.0.5.jar:7.0.5]
	at org.springframework.beans.factory.support.AbstractAutowireCapableBeanFactory.determineTargetType(AbstractAutowireCapableBeanFactory.java:683) ~[spring-beans-7.0.5.jar:7.0.5]
	at org.springframework.beans.factory.support.AbstractAutowireCapableBeanFactory.predictBeanType(AbstractAutowireCapableBeanFactory.java:655) ~[spring-beans-7.0.5.jar:7.0.5]
	at org.springframework.beans.factory.support.AbstractBeanFactory.isFactoryBean(AbstractBeanFactory.java:1699) ~[spring-beans-7.0.5.jar:7.0.5]
	at org.springframework.beans.factory.support.DefaultListableBeanFactory.doGetBeanNamesForType(DefaultListableBeanFactory.java:632) ~[spring-beans-7.0.5.jar:7.0.5]
	at org.springframework.beans.factory.support.DefaultListableBeanFactory.getBeanNamesForType(DefaultListableBeanFactory.java:604) ~[spring-beans-7.0.5.jar:7.0.5]
	at org.springframework.beans.factory.support.DefaultListableBeanFactory.getBeanNamesForType(DefaultListableBeanFactory.java:589) ~[spring-beans-7.0.5.jar:7.0.5]
	at org.springframework.boot.autoconfigure.condition.OnBeanCondition.collectBeanDefinitionsForType(OnBeanCondition.java:334) ~[spring-boot-autoconfigure-4.0.3.jar:4.0.3]
	at org.springframework.boot.autoconfigure.condition.OnBeanCondition.getBeanDefinitionsForType(OnBeanCondition.java:323) ~[spring-boot-autoconfigure-4.0.3.jar:4.0.3]
	at org.springframework.boot.autoconfigure.condition.OnBeanCondition.getMatchingBeans(OnBeanCondition.java:221) ~[spring-boot-autoconfigure-4.0.3.jar:4.0.3]
	at org.springframework.boot.autoconfigure.condition.OnBeanCondition.evaluateConditionalOnMissingBean(OnBeanCondition.java:204) ~[spring-boot-autoconfigure-4.0.3.jar:4.0.3]
	at org.springframework.boot.autoconfigure.condition.OnBeanCondition.getMatchOutcome(OnBeanCondition.java:149) ~[spring-boot-autoconfigure-4.0.3.jar:4.0.3]
	at org.springframework.boot.autoconfigure.condition.SpringBootCondition.matches(SpringBootCondition.java:47) ~[spring-boot-autoconfigure-4.0.3.jar:4.0.3]
	... 20 common frames omitted
Caused by: java.lang.NoClassDefFoundError: org/springframework/security/crypto/password/PasswordEncoder
	at java.base/java.lang.Class.getDeclaredMethods0(Native Method) ~[na:na]
	at java.base/java.lang.Class.privateGetDeclaredMethods(Class.java:3650) ~[na:na]
	at java.base/java.lang.Class.getDeclaredMethods(Class.java:2735) ~[na:na]
	at org.springframework.util.ReflectionUtils.getDeclaredMethods(ReflectionUtils.java:465) ~[spring-core-7.0.5.jar:7.0.5]
	... 37 common frames omitted
Caused by: java.lang.ClassNotFoundException: org.springframework.security.crypto.password.PasswordEncoder
	at java.base/jdk.internal.loader.BuiltinClassLoader.loadClass(BuiltinClassLoader.java:641) ~[na:na]
	at java.base/jdk.internal.loader.ClassLoaders$AppClassLoader.loadClass(ClassLoaders.java:188) ~[na:na]
	at java.base/java.lang.ClassLoader.loadClass(ClassLoader.java:528) ~[na:na]
	at java.base/java.lang.Class.forName0(Native Method) ~[na:na]
	at java.base/java.lang.Class.forName(Class.java:578) ~[na:na]
	at java.base/java.lang.Class.forName(Class.java:557) ~[na:na]
	at org.springframework.boot.devtools.restart.classloader.RestartClassLoader.loadClass(RestartClassLoader.java:123) ~[spring-boot-devtools-4.0.3.jar:4.0.3]
	at java.base/java.lang.ClassLoader.loadClass(ClassLoader.java:528) ~[na:na]
	... 41 common frames omitted

2026-03-17T15:15:55.781+05:30  INFO 10092 --- [subscriptionManagementBackend] [restartedMain] SubscriptionManagementBackendApplication : Starting SubscriptionManagementBackendApplication using Java 23.0.2 with PID 10092 (C:\GitHub\Pratiti Training\Mini Project\subscriptionManagementBackend\target\classes started by rohan in C:\GitHub\Pratiti Training\Mini Project\subscriptionManagementBackend)
2026-03-17T15:15:55.781+05:30 DEBUG 10092 --- [subscriptionManagementBackend] [restartedMain] SubscriptionManagementBackendApplication : Running with Spring Boot v4.0.3, Spring v7.0.5
2026-03-17T15:15:55.782+05:30  INFO 10092 --- [subscriptionManagementBackend] [restartedMain] SubscriptionManagementBackendApplication : No active profile set, falling back to 1 default profile: "default"
2026-03-17T15:15:56.198+05:30  WARN 10092 --- [subscriptionManagementBackend] [restartedMain] ConfigServletWebServerApplicationContext : Exception encountered during context initialization - cancelling refresh attempt: java.lang.IllegalStateException: Error processing condition on org.springframework.boot.autoconfigure.context.PropertyPlaceholderAutoConfiguration.propertySourcesPlaceholderConfigurer
2026-03-17T15:15:56.199+05:30  INFO 10092 --- [subscriptionManagementBackend] [restartedMain] .s.b.a.l.ConditionEvaluationReportLogger : 

Error starting ApplicationContext. To display the condition evaluation report re-run your application with 'debug' enabled.
2026-03-17T15:15:56.205+05:30 ERROR 10092 --- [subscriptionManagementBackend] [restartedMain] o.s.boot.SpringApplication               : Application run failed

java.lang.IllegalStateException: Error processing condition on org.springframework.boot.autoconfigure.context.PropertyPlaceholderAutoConfiguration.propertySourcesPlaceholderConfigurer
	at org.springframework.boot.autoconfigure.condition.SpringBootCondition.matches(SpringBootCondition.java:60) ~[spring-boot-autoconfigure-4.0.3.jar:4.0.3]
	at org.springframework.context.annotation.ConditionEvaluator.shouldSkip(ConditionEvaluator.java:100) ~[spring-context-7.0.5.jar:7.0.5]
	at org.springframework.context.annotation.ConfigurationClassBeanDefinitionReader.loadBeanDefinitionsForBeanMethod(ConfigurationClassBeanDefinitionReader.java:196) ~[spring-context-7.0.5.jar:7.0.5]
	at org.springframework.context.annotation.ConfigurationClassBeanDefinitionReader.loadBeanDefinitionsForConfigurationClass(ConfigurationClassBeanDefinitionReader.java:148) ~[spring-context-7.0.5.jar:7.0.5]
	at org.springframework.context.annotation.ConfigurationClassBeanDefinitionReader.loadBeanDefinitions(ConfigurationClassBeanDefinitionReader.java:124) ~[spring-context-7.0.5.jar:7.0.5]
	at org.springframework.context.annotation.ConfigurationClassPostProcessor.processConfigBeanDefinitions(ConfigurationClassPostProcessor.java:458) ~[spring-context-7.0.5.jar:7.0.5]
	at org.springframework.context.annotation.ConfigurationClassPostProcessor.postProcessBeanDefinitionRegistry(ConfigurationClassPostProcessor.java:310) ~[spring-context-7.0.5.jar:7.0.5]
	at org.springframework.context.support.PostProcessorRegistrationDelegate.invokeBeanDefinitionRegistryPostProcessors(PostProcessorRegistrationDelegate.java:349) ~[spring-context-7.0.5.jar:7.0.5]
	at org.springframework.context.support.PostProcessorRegistrationDelegate.invokeBeanFactoryPostProcessors(PostProcessorRegistrationDelegate.java:118) ~[spring-context-7.0.5.jar:7.0.5]
	at org.springframework.context.support.AbstractApplicationContext.invokeBeanFactoryPostProcessors(AbstractApplicationContext.java:795) ~[spring-context-7.0.5.jar:7.0.5]
	at org.springframework.context.support.AbstractApplicationContext.refresh(AbstractApplicationContext.java:603) ~[spring-context-7.0.5.jar:7.0.5]
	at org.springframework.boot.web.server.servlet.context.ServletWebServerApplicationContext.refresh(ServletWebServerApplicationContext.java:143) ~[spring-boot-web-server-4.0.3.jar:4.0.3]
	at org.springframework.boot.SpringApplication.refresh(SpringApplication.java:756) ~[spring-boot-4.0.3.jar:4.0.3]
	at org.springframework.boot.SpringApplication.refreshContext(SpringApplication.java:445) ~[spring-boot-4.0.3.jar:4.0.3]
	at org.springframework.boot.SpringApplication.run(SpringApplication.java:321) ~[spring-boot-4.0.3.jar:4.0.3]
	at org.springframework.boot.SpringApplication.run(SpringApplication.java:1365) ~[spring-boot-4.0.3.jar:4.0.3]
	at org.springframework.boot.SpringApplication.run(SpringApplication.java:1354) ~[spring-boot-4.0.3.jar:4.0.3]
	at com.rohan.SubscriptionManagementBackendApplication.main(SubscriptionManagementBackendApplication.java:10) ~[classes/:na]
	at java.base/jdk.internal.reflect.DirectMethodHandleAccessor.invoke(DirectMethodHandleAccessor.java:103) ~[na:na]
	at java.base/java.lang.reflect.Method.invoke(Method.java:580) ~[na:na]
	at org.springframework.boot.devtools.restart.RestartLauncher.run(RestartLauncher.java:52) ~[spring-boot-devtools-4.0.3.jar:4.0.3]
Caused by: java.lang.IllegalStateException: Failed to introspect Class [com.rohan.config.AppConfig] from ClassLoader [org.springframework.boot.devtools.restart.classloader.RestartClassLoader@385b3926]
	at org.springframework.util.ReflectionUtils.getDeclaredMethods(ReflectionUtils.java:483) ~[spring-core-7.0.5.jar:7.0.5]
	at org.springframework.util.ReflectionUtils.doWithMethods(ReflectionUtils.java:360) ~[spring-core-7.0.5.jar:7.0.5]
	at org.springframework.util.ReflectionUtils.getUniqueDeclaredMethods(ReflectionUtils.java:417) ~[spring-core-7.0.5.jar:7.0.5]
	at org.springframework.beans.factory.support.AbstractAutowireCapableBeanFactory.lambda$getTypeForFactoryMethod$0(AbstractAutowireCapableBeanFactory.java:750) ~[spring-beans-7.0.5.jar:7.0.5]
	at java.base/java.util.concurrent.ConcurrentHashMap.computeIfAbsent(ConcurrentHashMap.java:1713) ~[na:na]
	at org.springframework.beans.factory.support.AbstractAutowireCapableBeanFactory.getTypeForFactoryMethod(AbstractAutowireCapableBeanFactory.java:749) ~[spring-beans-7.0.5.jar:7.0.5]
	at org.springframework.beans.factory.support.AbstractAutowireCapableBeanFactory.determineTargetType(AbstractAutowireCapableBeanFactory.java:683) ~[spring-beans-7.0.5.jar:7.0.5]
	at org.springframework.beans.factory.support.AbstractAutowireCapableBeanFactory.predictBeanType(AbstractAutowireCapableBeanFactory.java:655) ~[spring-beans-7.0.5.jar:7.0.5]
	at org.springframework.beans.factory.support.AbstractBeanFactory.isFactoryBean(AbstractBeanFactory.java:1699) ~[spring-beans-7.0.5.jar:7.0.5]
	at org.springframework.beans.factory.support.DefaultListableBeanFactory.doGetBeanNamesForType(DefaultListableBeanFactory.java:632) ~[spring-beans-7.0.5.jar:7.0.5]
	at org.springframework.beans.factory.support.DefaultListableBeanFactory.getBeanNamesForType(DefaultListableBeanFactory.java:604) ~[spring-beans-7.0.5.jar:7.0.5]
	at org.springframework.beans.factory.support.DefaultListableBeanFactory.getBeanNamesForType(DefaultListableBeanFactory.java:589) ~[spring-beans-7.0.5.jar:7.0.5]
	at org.springframework.boot.autoconfigure.condition.OnBeanCondition.collectBeanDefinitionsForType(OnBeanCondition.java:334) ~[spring-boot-autoconfigure-4.0.3.jar:4.0.3]
	at org.springframework.boot.autoconfigure.condition.OnBeanCondition.getBeanDefinitionsForType(OnBeanCondition.java:323) ~[spring-boot-autoconfigure-4.0.3.jar:4.0.3]
	at org.springframework.boot.autoconfigure.condition.OnBeanCondition.getMatchingBeans(OnBeanCondition.java:221) ~[spring-boot-autoconfigure-4.0.3.jar:4.0.3]
	at org.springframework.boot.autoconfigure.condition.OnBeanCondition.evaluateConditionalOnMissingBean(OnBeanCondition.java:204) ~[spring-boot-autoconfigure-4.0.3.jar:4.0.3]
	at org.springframework.boot.autoconfigure.condition.OnBeanCondition.getMatchOutcome(OnBeanCondition.java:149) ~[spring-boot-autoconfigure-4.0.3.jar:4.0.3]
	at org.springframework.boot.autoconfigure.condition.SpringBootCondition.matches(SpringBootCondition.java:47) ~[spring-boot-autoconfigure-4.0.3.jar:4.0.3]
	... 20 common frames omitted
Caused by: java.lang.NoClassDefFoundError: org/springframework/security/crypto/password/PasswordEncoder
	at java.base/java.lang.Class.getDeclaredMethods0(Native Method) ~[na:na]
	at java.base/java.lang.Class.privateGetDeclaredMethods(Class.java:3650) ~[na:na]
	at java.base/java.lang.Class.getDeclaredMethods(Class.java:2735) ~[na:na]
	at org.springframework.util.ReflectionUtils.getDeclaredMethods(ReflectionUtils.java:465) ~[spring-core-7.0.5.jar:7.0.5]
	... 37 common frames omitted
Caused by: java.lang.ClassNotFoundException: org.springframework.security.crypto.password.PasswordEncoder
	at java.base/jdk.internal.loader.BuiltinClassLoader.loadClass(BuiltinClassLoader.java:641) ~[na:na]
	at java.base/jdk.internal.loader.ClassLoaders$AppClassLoader.loadClass(ClassLoaders.java:188) ~[na:na]
	at java.base/java.lang.ClassLoader.loadClass(ClassLoader.java:528) ~[na:na]
	at java.base/java.lang.Class.forName0(Native Method) ~[na:na]
	at java.base/java.lang.Class.forName(Class.java:578) ~[na:na]
	at java.base/java.lang.Class.forName(Class.java:557) ~[na:na]
	at org.springframework.boot.devtools.restart.classloader.RestartClassLoader.loadClass(RestartClassLoader.java:123) ~[spring-boot-devtools-4.0.3.jar:4.0.3]
	at java.base/java.lang.ClassLoader.loadClass(ClassLoader.java:528) ~[na:na]
	... 41 common frames omitted

2026-03-17T15:16:36.697+05:30  INFO 10092 --- [subscriptionManagementBackend] [restartedMain] SubscriptionManagementBackendApplication : Starting SubscriptionManagementBackendApplication using Java 23.0.2 with PID 10092 (C:\GitHub\Pratiti Training\Mini Project\subscriptionManagementBackend\target\classes started by rohan in C:\GitHub\Pratiti Training\Mini Project\subscriptionManagementBackend)
2026-03-17T15:16:36.697+05:30 DEBUG 10092 --- [subscriptionManagementBackend] [restartedMain] SubscriptionManagementBackendApplication : Running with Spring Boot v4.0.3, Spring v7.0.5
2026-03-17T15:16:36.697+05:30  INFO 10092 --- [subscriptionManagementBackend] [restartedMain] SubscriptionManagementBackendApplication : No active profile set, falling back to 1 default profile: "default"
2026-03-17T15:16:37.344+05:30  WARN 10092 --- [subscriptionManagementBackend] [restartedMain] ConfigServletWebServerApplicationContext : Exception encountered during context initialization - cancelling refresh attempt: java.lang.IllegalStateException: Error processing condition on org.springframework.boot.autoconfigure.context.PropertyPlaceholderAutoConfiguration.propertySourcesPlaceholderConfigurer
2026-03-17T15:16:37.346+05:30  INFO 10092 --- [subscriptionManagementBackend] [restartedMain] .s.b.a.l.ConditionEvaluationReportLogger : 

Error starting ApplicationContext. To display the condition evaluation report re-run your application with 'debug' enabled.
2026-03-17T15:16:37.353+05:30 ERROR 10092 --- [subscriptionManagementBackend] [restartedMain] o.s.boot.SpringApplication               : Application run failed

java.lang.IllegalStateException: Error processing condition on org.springframework.boot.autoconfigure.context.PropertyPlaceholderAutoConfiguration.propertySourcesPlaceholderConfigurer
	at org.springframework.boot.autoconfigure.condition.SpringBootCondition.matches(SpringBootCondition.java:60) ~[spring-boot-autoconfigure-4.0.3.jar:4.0.3]
	at org.springframework.context.annotation.ConditionEvaluator.shouldSkip(ConditionEvaluator.java:100) ~[spring-context-7.0.5.jar:7.0.5]
	at org.springframework.context.annotation.ConfigurationClassBeanDefinitionReader.loadBeanDefinitionsForBeanMethod(ConfigurationClassBeanDefinitionReader.java:196) ~[spring-context-7.0.5.jar:7.0.5]
	at org.springframework.context.annotation.ConfigurationClassBeanDefinitionReader.loadBeanDefinitionsForConfigurationClass(ConfigurationClassBeanDefinitionReader.java:148) ~[spring-context-7.0.5.jar:7.0.5]
	at org.springframework.context.annotation.ConfigurationClassBeanDefinitionReader.loadBeanDefinitions(ConfigurationClassBeanDefinitionReader.java:124) ~[spring-context-7.0.5.jar:7.0.5]
	at org.springframework.context.annotation.ConfigurationClassPostProcessor.processConfigBeanDefinitions(ConfigurationClassPostProcessor.java:458) ~[spring-context-7.0.5.jar:7.0.5]
	at org.springframework.context.annotation.ConfigurationClassPostProcessor.postProcessBeanDefinitionRegistry(ConfigurationClassPostProcessor.java:310) ~[spring-context-7.0.5.jar:7.0.5]
	at org.springframework.context.support.PostProcessorRegistrationDelegate.invokeBeanDefinitionRegistryPostProcessors(PostProcessorRegistrationDelegate.java:349) ~[spring-context-7.0.5.jar:7.0.5]
	at org.springframework.context.support.PostProcessorRegistrationDelegate.invokeBeanFactoryPostProcessors(PostProcessorRegistrationDelegate.java:118) ~[spring-context-7.0.5.jar:7.0.5]
	at org.springframework.context.support.AbstractApplicationContext.invokeBeanFactoryPostProcessors(AbstractApplicationContext.java:795) ~[spring-context-7.0.5.jar:7.0.5]
	at org.springframework.context.support.AbstractApplicationContext.refresh(AbstractApplicationContext.java:603) ~[spring-context-7.0.5.jar:7.0.5]
	at org.springframework.boot.web.server.servlet.context.ServletWebServerApplicationContext.refresh(ServletWebServerApplicationContext.java:143) ~[spring-boot-web-server-4.0.3.jar:4.0.3]
	at org.springframework.boot.SpringApplication.refresh(SpringApplication.java:756) ~[spring-boot-4.0.3.jar:4.0.3]
	at org.springframework.boot.SpringApplication.refreshContext(SpringApplication.java:445) ~[spring-boot-4.0.3.jar:4.0.3]
	at org.springframework.boot.SpringApplication.run(SpringApplication.java:321) ~[spring-boot-4.0.3.jar:4.0.3]
	at org.springframework.boot.SpringApplication.run(SpringApplication.java:1365) ~[spring-boot-4.0.3.jar:4.0.3]
	at org.springframework.boot.SpringApplication.run(SpringApplication.java:1354) ~[spring-boot-4.0.3.jar:4.0.3]
	at com.rohan.SubscriptionManagementBackendApplication.main(SubscriptionManagementBackendApplication.java:10) ~[classes/:na]
	at java.base/jdk.internal.reflect.DirectMethodHandleAccessor.invoke(DirectMethodHandleAccessor.java:103) ~[na:na]
	at java.base/java.lang.reflect.Method.invoke(Method.java:580) ~[na:na]
	at org.springframework.boot.devtools.restart.RestartLauncher.run(RestartLauncher.java:52) ~[spring-boot-devtools-4.0.3.jar:4.0.3]
Caused by: java.lang.IllegalStateException: Failed to introspect Class [com.rohan.config.AppConfig] from ClassLoader [org.springframework.boot.devtools.restart.classloader.RestartClassLoader@4f772335]
	at org.springframework.util.ReflectionUtils.getDeclaredMethods(ReflectionUtils.java:483) ~[spring-core-7.0.5.jar:7.0.5]
	at org.springframework.util.ReflectionUtils.doWithMethods(ReflectionUtils.java:360) ~[spring-core-7.0.5.jar:7.0.5]
	at org.springframework.util.ReflectionUtils.getUniqueDeclaredMethods(ReflectionUtils.java:417) ~[spring-core-7.0.5.jar:7.0.5]
	at org.springframework.beans.factory.support.AbstractAutowireCapableBeanFactory.lambda$getTypeForFactoryMethod$0(AbstractAutowireCapableBeanFactory.java:750) ~[spring-beans-7.0.5.jar:7.0.5]
	at java.base/java.util.concurrent.ConcurrentHashMap.computeIfAbsent(ConcurrentHashMap.java:1713) ~[na:na]
	at org.springframework.beans.factory.support.AbstractAutowireCapableBeanFactory.getTypeForFactoryMethod(AbstractAutowireCapableBeanFactory.java:749) ~[spring-beans-7.0.5.jar:7.0.5]
	at org.springframework.beans.factory.support.AbstractAutowireCapableBeanFactory.determineTargetType(AbstractAutowireCapableBeanFactory.java:683) ~[spring-beans-7.0.5.jar:7.0.5]
	at org.springframework.beans.factory.support.AbstractAutowireCapableBeanFactory.predictBeanType(AbstractAutowireCapableBeanFactory.java:655) ~[spring-beans-7.0.5.jar:7.0.5]
	at org.springframework.beans.factory.support.AbstractBeanFactory.isFactoryBean(AbstractBeanFactory.java:1699) ~[spring-beans-7.0.5.jar:7.0.5]
	at org.springframework.beans.factory.support.DefaultListableBeanFactory.doGetBeanNamesForType(DefaultListableBeanFactory.java:632) ~[spring-beans-7.0.5.jar:7.0.5]
	at org.springframework.beans.factory.support.DefaultListableBeanFactory.getBeanNamesForType(DefaultListableBeanFactory.java:604) ~[spring-beans-7.0.5.jar:7.0.5]
	at org.springframework.beans.factory.support.DefaultListableBeanFactory.getBeanNamesForType(DefaultListableBeanFactory.java:589) ~[spring-beans-7.0.5.jar:7.0.5]
	at org.springframework.boot.autoconfigure.condition.OnBeanCondition.collectBeanDefinitionsForType(OnBeanCondition.java:334) ~[spring-boot-autoconfigure-4.0.3.jar:4.0.3]
	at org.springframework.boot.autoconfigure.condition.OnBeanCondition.getBeanDefinitionsForType(OnBeanCondition.java:323) ~[spring-boot-autoconfigure-4.0.3.jar:4.0.3]
	at org.springframework.boot.autoconfigure.condition.OnBeanCondition.getMatchingBeans(OnBeanCondition.java:221) ~[spring-boot-autoconfigure-4.0.3.jar:4.0.3]
	at org.springframework.boot.autoconfigure.condition.OnBeanCondition.evaluateConditionalOnMissingBean(OnBeanCondition.java:204) ~[spring-boot-autoconfigure-4.0.3.jar:4.0.3]
	at org.springframework.boot.autoconfigure.condition.OnBeanCondition.getMatchOutcome(OnBeanCondition.java:149) ~[spring-boot-autoconfigure-4.0.3.jar:4.0.3]
	at org.springframework.boot.autoconfigure.condition.SpringBootCondition.matches(SpringBootCondition.java:47) ~[spring-boot-autoconfigure-4.0.3.jar:4.0.3]
	... 20 common frames omitted
Caused by: java.lang.NoClassDefFoundError: org/springframework/security/crypto/password/PasswordEncoder
	at java.base/java.lang.Class.getDeclaredMethods0(Native Method) ~[na:na]
	at java.base/java.lang.Class.privateGetDeclaredMethods(Class.java:3650) ~[na:na]
	at java.base/java.lang.Class.getDeclaredMethods(Class.java:2735) ~[na:na]
	at org.springframework.util.ReflectionUtils.getDeclaredMethods(ReflectionUtils.java:465) ~[spring-core-7.0.5.jar:7.0.5]
	... 37 common frames omitted
Caused by: java.lang.ClassNotFoundException: org.springframework.security.crypto.password.PasswordEncoder
	at java.base/jdk.internal.loader.BuiltinClassLoader.loadClass(BuiltinClassLoader.java:641) ~[na:na]
	at java.base/jdk.internal.loader.ClassLoaders$AppClassLoader.loadClass(ClassLoaders.java:188) ~[na:na]
	at java.base/java.lang.ClassLoader.loadClass(ClassLoader.java:528) ~[na:na]
	at java.base/java.lang.Class.forName0(Native Method) ~[na:na]
	at java.base/java.lang.Class.forName(Class.java:578) ~[na:na]
	at java.base/java.lang.Class.forName(Class.java:557) ~[na:na]
	at org.springframework.boot.devtools.restart.classloader.RestartClassLoader.loadClass(RestartClassLoader.java:123) ~[spring-boot-devtools-4.0.3.jar:4.0.3]
	at java.base/java.lang.ClassLoader.loadClass(ClassLoader.java:528) ~[na:na]
	... 41 common frames omitted

2026-03-17T15:27:45.483+05:30  INFO 10092 --- [subscriptionManagementBackend] [restartedMain] SubscriptionManagementBackendApplication : Starting SubscriptionManagementBackendApplication using Java 23.0.2 with PID 10092 (C:\GitHub\Pratiti Training\Mini Project\subscriptionManagementBackend\target\classes started by rohan in C:\GitHub\Pratiti Training\Mini Project\subscriptionManagementBackend)
2026-03-17T15:27:45.487+05:30 DEBUG 10092 --- [subscriptionManagementBackend] [restartedMain] SubscriptionManagementBackendApplication : Running with Spring Boot v4.0.3, Spring v7.0.5
2026-03-17T15:27:45.488+05:30  INFO 10092 --- [subscriptionManagementBackend] [restartedMain] SubscriptionManagementBackendApplication : No active profile set, falling back to 1 default profile: "default"
2026-03-17T15:27:47.216+05:30  WARN 10092 --- [subscriptionManagementBackend] [restartedMain] ConfigServletWebServerApplicationContext : Exception encountered during context initialization - cancelling refresh attempt: java.lang.IllegalStateException: Error processing condition on org.springframework.boot.autoconfigure.context.PropertyPlaceholderAutoConfiguration.propertySourcesPlaceholderConfigurer
2026-03-17T15:27:47.240+05:30  INFO 10092 --- [subscriptionManagementBackend] [restartedMain] .s.b.a.l.ConditionEvaluationReportLogger : 

Error starting ApplicationContext. To display the condition evaluation report re-run your application with 'debug' enabled.
2026-03-17T15:27:47.261+05:30 ERROR 10092 --- [subscriptionManagementBackend] [restartedMain] o.s.boot.SpringApplication               : Application run failed

java.lang.IllegalStateException: Error processing condition on org.springframework.boot.autoconfigure.context.PropertyPlaceholderAutoConfiguration.propertySourcesPlaceholderConfigurer
	at org.springframework.boot.autoconfigure.condition.SpringBootCondition.matches(SpringBootCondition.java:60) ~[spring-boot-autoconfigure-4.0.3.jar:4.0.3]
	at org.springframework.context.annotation.ConditionEvaluator.shouldSkip(ConditionEvaluator.java:100) ~[spring-context-7.0.5.jar:7.0.5]
	at org.springframework.context.annotation.ConfigurationClassBeanDefinitionReader.loadBeanDefinitionsForBeanMethod(ConfigurationClassBeanDefinitionReader.java:196) ~[spring-context-7.0.5.jar:7.0.5]
	at org.springframework.context.annotation.ConfigurationClassBeanDefinitionReader.loadBeanDefinitionsForConfigurationClass(ConfigurationClassBeanDefinitionReader.java:148) ~[spring-context-7.0.5.jar:7.0.5]
	at org.springframework.context.annotation.ConfigurationClassBeanDefinitionReader.loadBeanDefinitions(ConfigurationClassBeanDefinitionReader.java:124) ~[spring-context-7.0.5.jar:7.0.5]
	at org.springframework.context.annotation.ConfigurationClassPostProcessor.processConfigBeanDefinitions(ConfigurationClassPostProcessor.java:458) ~[spring-context-7.0.5.jar:7.0.5]
	at org.springframework.context.annotation.ConfigurationClassPostProcessor.postProcessBeanDefinitionRegistry(ConfigurationClassPostProcessor.java:310) ~[spring-context-7.0.5.jar:7.0.5]
	at org.springframework.context.support.PostProcessorRegistrationDelegate.invokeBeanDefinitionRegistryPostProcessors(PostProcessorRegistrationDelegate.java:349) ~[spring-context-7.0.5.jar:7.0.5]
	at org.springframework.context.support.PostProcessorRegistrationDelegate.invokeBeanFactoryPostProcessors(PostProcessorRegistrationDelegate.java:118) ~[spring-context-7.0.5.jar:7.0.5]
	at org.springframework.context.support.AbstractApplicationContext.invokeBeanFactoryPostProcessors(AbstractApplicationContext.java:795) ~[spring-context-7.0.5.jar:7.0.5]
	at org.springframework.context.support.AbstractApplicationContext.refresh(AbstractApplicationContext.java:603) ~[spring-context-7.0.5.jar:7.0.5]
	at org.springframework.boot.web.server.servlet.context.ServletWebServerApplicationContext.refresh(ServletWebServerApplicationContext.java:143) ~[spring-boot-web-server-4.0.3.jar:4.0.3]
	at org.springframework.boot.SpringApplication.refresh(SpringApplication.java:756) ~[spring-boot-4.0.3.jar:4.0.3]
	at org.springframework.boot.SpringApplication.refreshContext(SpringApplication.java:445) ~[spring-boot-4.0.3.jar:4.0.3]
	at org.springframework.boot.SpringApplication.run(SpringApplication.java:321) ~[spring-boot-4.0.3.jar:4.0.3]
	at org.springframework.boot.SpringApplication.run(SpringApplication.java:1365) ~[spring-boot-4.0.3.jar:4.0.3]
	at org.springframework.boot.SpringApplication.run(SpringApplication.java:1354) ~[spring-boot-4.0.3.jar:4.0.3]
	at com.rohan.SubscriptionManagementBackendApplication.main(SubscriptionManagementBackendApplication.java:10) ~[classes/:na]
	at java.base/jdk.internal.reflect.DirectMethodHandleAccessor.invoke(DirectMethodHandleAccessor.java:103) ~[na:na]
	at java.base/java.lang.reflect.Method.invoke(Method.java:580) ~[na:na]
	at org.springframework.boot.devtools.restart.RestartLauncher.run(RestartLauncher.java:52) ~[spring-boot-devtools-4.0.3.jar:4.0.3]
Caused by: java.lang.IllegalStateException: Failed to introspect Class [com.rohan.config.AppConfig] from ClassLoader [org.springframework.boot.devtools.restart.classloader.RestartClassLoader@45e5f761]
	at org.springframework.util.ReflectionUtils.getDeclaredMethods(ReflectionUtils.java:483) ~[spring-core-7.0.5.jar:7.0.5]
	at org.springframework.util.ReflectionUtils.doWithMethods(ReflectionUtils.java:360) ~[spring-core-7.0.5.jar:7.0.5]
	at org.springframework.util.ReflectionUtils.getUniqueDeclaredMethods(ReflectionUtils.java:417) ~[spring-core-7.0.5.jar:7.0.5]
	at org.springframework.beans.factory.support.AbstractAutowireCapableBeanFactory.lambda$getTypeForFactoryMethod$0(AbstractAutowireCapableBeanFactory.java:750) ~[spring-beans-7.0.5.jar:7.0.5]
	at java.base/java.util.concurrent.ConcurrentHashMap.computeIfAbsent(ConcurrentHashMap.java:1713) ~[na:na]
	at org.springframework.beans.factory.support.AbstractAutowireCapableBeanFactory.getTypeForFactoryMethod(AbstractAutowireCapableBeanFactory.java:749) ~[spring-beans-7.0.5.jar:7.0.5]
	at org.springframework.beans.factory.support.AbstractAutowireCapableBeanFactory.determineTargetType(AbstractAutowireCapableBeanFactory.java:683) ~[spring-beans-7.0.5.jar:7.0.5]
	at org.springframework.beans.factory.support.AbstractAutowireCapableBeanFactory.predictBeanType(AbstractAutowireCapableBeanFactory.java:655) ~[spring-beans-7.0.5.jar:7.0.5]
	at org.springframework.beans.factory.support.AbstractBeanFactory.isFactoryBean(AbstractBeanFactory.java:1699) ~[spring-beans-7.0.5.jar:7.0.5]
	at org.springframework.beans.factory.support.DefaultListableBeanFactory.doGetBeanNamesForType(DefaultListableBeanFactory.java:632) ~[spring-beans-7.0.5.jar:7.0.5]
	at org.springframework.beans.factory.support.DefaultListableBeanFactory.getBeanNamesForType(DefaultListableBeanFactory.java:604) ~[spring-beans-7.0.5.jar:7.0.5]
	at org.springframework.beans.factory.support.DefaultListableBeanFactory.getBeanNamesForType(DefaultListableBeanFactory.java:589) ~[spring-beans-7.0.5.jar:7.0.5]
	at org.springframework.boot.autoconfigure.condition.OnBeanCondition.collectBeanDefinitionsForType(OnBeanCondition.java:334) ~[spring-boot-autoconfigure-4.0.3.jar:4.0.3]
	at org.springframework.boot.autoconfigure.condition.OnBeanCondition.getBeanDefinitionsForType(OnBeanCondition.java:323) ~[spring-boot-autoconfigure-4.0.3.jar:4.0.3]
	at org.springframework.boot.autoconfigure.condition.OnBeanCondition.getMatchingBeans(OnBeanCondition.java:221) ~[spring-boot-autoconfigure-4.0.3.jar:4.0.3]
	at org.springframework.boot.autoconfigure.condition.OnBeanCondition.evaluateConditionalOnMissingBean(OnBeanCondition.java:204) ~[spring-boot-autoconfigure-4.0.3.jar:4.0.3]
	at org.springframework.boot.autoconfigure.condition.OnBeanCondition.getMatchOutcome(OnBeanCondition.java:149) ~[spring-boot-autoconfigure-4.0.3.jar:4.0.3]
	at org.springframework.boot.autoconfigure.condition.SpringBootCondition.matches(SpringBootCondition.java:47) ~[spring-boot-autoconfigure-4.0.3.jar:4.0.3]
	... 20 common frames omitted
Caused by: java.lang.NoClassDefFoundError: org/springframework/security/crypto/password/PasswordEncoder
	at java.base/java.lang.Class.getDeclaredMethods0(Native Method) ~[na:na]
	at java.base/java.lang.Class.privateGetDeclaredMethods(Class.java:3650) ~[na:na]
	at java.base/java.lang.Class.getDeclaredMethods(Class.java:2735) ~[na:na]
	at org.springframework.util.ReflectionUtils.getDeclaredMethods(ReflectionUtils.java:465) ~[spring-core-7.0.5.jar:7.0.5]
	... 37 common frames omitted
Caused by: java.lang.ClassNotFoundException: org.springframework.security.crypto.password.PasswordEncoder
	at java.base/jdk.internal.loader.BuiltinClassLoader.loadClass(BuiltinClassLoader.java:641) ~[na:na]
	at java.base/jdk.internal.loader.ClassLoaders$AppClassLoader.loadClass(ClassLoaders.java:188) ~[na:na]
	at java.base/java.lang.ClassLoader.loadClass(ClassLoader.java:528) ~[na:na]
	at java.base/java.lang.Class.forName0(Native Method) ~[na:na]
	at java.base/java.lang.Class.forName(Class.java:578) ~[na:na]
	at java.base/java.lang.Class.forName(Class.java:557) ~[na:na]
	at org.springframework.boot.devtools.restart.classloader.RestartClassLoader.loadClass(RestartClassLoader.java:123) ~[spring-boot-devtools-4.0.3.jar:4.0.3]
	at java.base/java.lang.ClassLoader.loadClass(ClassLoader.java:528) ~[na:na]
	... 41 common frames omitted

2026-03-17T15:28:46.501+05:30  INFO 10092 --- [subscriptionManagementBackend] [restartedMain] SubscriptionManagementBackendApplication : Starting SubscriptionManagementBackendApplication using Java 23.0.2 with PID 10092 (C:\GitHub\Pratiti Training\Mini Project\subscriptionManagementBackend\target\classes started by rohan in C:\GitHub\Pratiti Training\Mini Project\subscriptionManagementBackend)
2026-03-17T15:28:46.501+05:30 DEBUG 10092 --- [subscriptionManagementBackend] [restartedMain] SubscriptionManagementBackendApplication : Running with Spring Boot v4.0.3, Spring v7.0.5
2026-03-17T15:28:46.501+05:30  INFO 10092 --- [subscriptionManagementBackend] [restartedMain] SubscriptionManagementBackendApplication : No active profile set, falling back to 1 default profile: "default"
2026-03-17T15:28:47.411+05:30  WARN 10092 --- [subscriptionManagementBackend] [restartedMain] ConfigServletWebServerApplicationContext : Exception encountered during context initialization - cancelling refresh attempt: java.lang.IllegalStateException: Error processing condition on org.springframework.boot.autoconfigure.context.PropertyPlaceholderAutoConfiguration.propertySourcesPlaceholderConfigurer
2026-03-17T15:28:47.414+05:30  INFO 10092 --- [subscriptionManagementBackend] [restartedMain] .s.b.a.l.ConditionEvaluationReportLogger : 

Error starting ApplicationContext. To display the condition evaluation report re-run your application with 'debug' enabled.
2026-03-17T15:28:47.422+05:30 ERROR 10092 --- [subscriptionManagementBackend] [restartedMain] o.s.boot.SpringApplication               : Application run failed

java.lang.IllegalStateException: Error processing condition on org.springframework.boot.autoconfigure.context.PropertyPlaceholderAutoConfiguration.propertySourcesPlaceholderConfigurer
	at org.springframework.boot.autoconfigure.condition.SpringBootCondition.matches(SpringBootCondition.java:60) ~[spring-boot-autoconfigure-4.0.3.jar:4.0.3]
	at org.springframework.context.annotation.ConditionEvaluator.shouldSkip(ConditionEvaluator.java:100) ~[spring-context-7.0.5.jar:7.0.5]
	at org.springframework.context.annotation.ConfigurationClassBeanDefinitionReader.loadBeanDefinitionsForBeanMethod(ConfigurationClassBeanDefinitionReader.java:196) ~[spring-context-7.0.5.jar:7.0.5]
	at org.springframework.context.annotation.ConfigurationClassBeanDefinitionReader.loadBeanDefinitionsForConfigurationClass(ConfigurationClassBeanDefinitionReader.java:148) ~[spring-context-7.0.5.jar:7.0.5]
	at org.springframework.context.annotation.ConfigurationClassBeanDefinitionReader.loadBeanDefinitions(ConfigurationClassBeanDefinitionReader.java:124) ~[spring-context-7.0.5.jar:7.0.5]
	at org.springframework.context.annotation.ConfigurationClassPostProcessor.processConfigBeanDefinitions(ConfigurationClassPostProcessor.java:458) ~[spring-context-7.0.5.jar:7.0.5]
	at org.springframework.context.annotation.ConfigurationClassPostProcessor.postProcessBeanDefinitionRegistry(ConfigurationClassPostProcessor.java:310) ~[spring-context-7.0.5.jar:7.0.5]
	at org.springframework.context.support.PostProcessorRegistrationDelegate.invokeBeanDefinitionRegistryPostProcessors(PostProcessorRegistrationDelegate.java:349) ~[spring-context-7.0.5.jar:7.0.5]
	at org.springframework.context.support.PostProcessorRegistrationDelegate.invokeBeanFactoryPostProcessors(PostProcessorRegistrationDelegate.java:118) ~[spring-context-7.0.5.jar:7.0.5]
	at org.springframework.context.support.AbstractApplicationContext.invokeBeanFactoryPostProcessors(AbstractApplicationContext.java:795) ~[spring-context-7.0.5.jar:7.0.5]
	at org.springframework.context.support.AbstractApplicationContext.refresh(AbstractApplicationContext.java:603) ~[spring-context-7.0.5.jar:7.0.5]
	at org.springframework.boot.web.server.servlet.context.ServletWebServerApplicationContext.refresh(ServletWebServerApplicationContext.java:143) ~[spring-boot-web-server-4.0.3.jar:4.0.3]
	at org.springframework.boot.SpringApplication.refresh(SpringApplication.java:756) ~[spring-boot-4.0.3.jar:4.0.3]
	at org.springframework.boot.SpringApplication.refreshContext(SpringApplication.java:445) ~[spring-boot-4.0.3.jar:4.0.3]
	at org.springframework.boot.SpringApplication.run(SpringApplication.java:321) ~[spring-boot-4.0.3.jar:4.0.3]
	at org.springframework.boot.SpringApplication.run(SpringApplication.java:1365) ~[spring-boot-4.0.3.jar:4.0.3]
	at org.springframework.boot.SpringApplication.run(SpringApplication.java:1354) ~[spring-boot-4.0.3.jar:4.0.3]
	at com.rohan.SubscriptionManagementBackendApplication.main(SubscriptionManagementBackendApplication.java:10) ~[classes/:na]
	at java.base/jdk.internal.reflect.DirectMethodHandleAccessor.invoke(DirectMethodHandleAccessor.java:103) ~[na:na]
	at java.base/java.lang.reflect.Method.invoke(Method.java:580) ~[na:na]
	at org.springframework.boot.devtools.restart.RestartLauncher.run(RestartLauncher.java:52) ~[spring-boot-devtools-4.0.3.jar:4.0.3]
Caused by: java.lang.IllegalStateException: Failed to introspect Class [com.rohan.config.AppConfig] from ClassLoader [org.springframework.boot.devtools.restart.classloader.RestartClassLoader@66b02516]
	at org.springframework.util.ReflectionUtils.getDeclaredMethods(ReflectionUtils.java:483) ~[spring-core-7.0.5.jar:7.0.5]
	at org.springframework.util.ReflectionUtils.doWithMethods(ReflectionUtils.java:360) ~[spring-core-7.0.5.jar:7.0.5]
	at org.springframework.util.ReflectionUtils.getUniqueDeclaredMethods(ReflectionUtils.java:417) ~[spring-core-7.0.5.jar:7.0.5]
	at org.springframework.beans.factory.support.AbstractAutowireCapableBeanFactory.lambda$getTypeForFactoryMethod$0(AbstractAutowireCapableBeanFactory.java:750) ~[spring-beans-7.0.5.jar:7.0.5]
	at java.base/java.util.concurrent.ConcurrentHashMap.computeIfAbsent(ConcurrentHashMap.java:1713) ~[na:na]
	at org.springframework.beans.factory.support.AbstractAutowireCapableBeanFactory.getTypeForFactoryMethod(AbstractAutowireCapableBeanFactory.java:749) ~[spring-beans-7.0.5.jar:7.0.5]
	at org.springframework.beans.factory.support.AbstractAutowireCapableBeanFactory.determineTargetType(AbstractAutowireCapableBeanFactory.java:683) ~[spring-beans-7.0.5.jar:7.0.5]
	at org.springframework.beans.factory.support.AbstractAutowireCapableBeanFactory.predictBeanType(AbstractAutowireCapableBeanFactory.java:655) ~[spring-beans-7.0.5.jar:7.0.5]
	at org.springframework.beans.factory.support.AbstractBeanFactory.isFactoryBean(AbstractBeanFactory.java:1699) ~[spring-beans-7.0.5.jar:7.0.5]
	at org.springframework.beans.factory.support.DefaultListableBeanFactory.doGetBeanNamesForType(DefaultListableBeanFactory.java:632) ~[spring-beans-7.0.5.jar:7.0.5]
	at org.springframework.beans.factory.support.DefaultListableBeanFactory.getBeanNamesForType(DefaultListableBeanFactory.java:604) ~[spring-beans-7.0.5.jar:7.0.5]
	at org.springframework.beans.factory.support.DefaultListableBeanFactory.getBeanNamesForType(DefaultListableBeanFactory.java:589) ~[spring-beans-7.0.5.jar:7.0.5]
	at org.springframework.boot.autoconfigure.condition.OnBeanCondition.collectBeanDefinitionsForType(OnBeanCondition.java:334) ~[spring-boot-autoconfigure-4.0.3.jar:4.0.3]
	at org.springframework.boot.autoconfigure.condition.OnBeanCondition.getBeanDefinitionsForType(OnBeanCondition.java:323) ~[spring-boot-autoconfigure-4.0.3.jar:4.0.3]
	at org.springframework.boot.autoconfigure.condition.OnBeanCondition.getMatchingBeans(OnBeanCondition.java:221) ~[spring-boot-autoconfigure-4.0.3.jar:4.0.3]
	at org.springframework.boot.autoconfigure.condition.OnBeanCondition.evaluateConditionalOnMissingBean(OnBeanCondition.java:204) ~[spring-boot-autoconfigure-4.0.3.jar:4.0.3]
	at org.springframework.boot.autoconfigure.condition.OnBeanCondition.getMatchOutcome(OnBeanCondition.java:149) ~[spring-boot-autoconfigure-4.0.3.jar:4.0.3]
	at org.springframework.boot.autoconfigure.condition.SpringBootCondition.matches(SpringBootCondition.java:47) ~[spring-boot-autoconfigure-4.0.3.jar:4.0.3]
	... 20 common frames omitted
Caused by: java.lang.NoClassDefFoundError: org/springframework/security/crypto/password/PasswordEncoder
	at java.base/java.lang.Class.getDeclaredMethods0(Native Method) ~[na:na]
	at java.base/java.lang.Class.privateGetDeclaredMethods(Class.java:3650) ~[na:na]
	at java.base/java.lang.Class.getDeclaredMethods(Class.java:2735) ~[na:na]
	at org.springframework.util.ReflectionUtils.getDeclaredMethods(ReflectionUtils.java:465) ~[spring-core-7.0.5.jar:7.0.5]
	... 37 common frames omitted
Caused by: java.lang.ClassNotFoundException: org.springframework.security.crypto.password.PasswordEncoder
	at java.base/jdk.internal.loader.BuiltinClassLoader.loadClass(BuiltinClassLoader.java:641) ~[na:na]
	at java.base/jdk.internal.loader.ClassLoaders$AppClassLoader.loadClass(ClassLoaders.java:188) ~[na:na]
	at java.base/java.lang.ClassLoader.loadClass(ClassLoader.java:528) ~[na:na]
	at java.base/java.lang.Class.forName0(Native Method) ~[na:na]
	at java.base/java.lang.Class.forName(Class.java:578) ~[na:na]
	at java.base/java.lang.Class.forName(Class.java:557) ~[na:na]
	at org.springframework.boot.devtools.restart.classloader.RestartClassLoader.loadClass(RestartClassLoader.java:123) ~[spring-boot-devtools-4.0.3.jar:4.0.3]
	at java.base/java.lang.ClassLoader.loadClass(ClassLoader.java:528) ~[na:na]
	... 41 common frames omitted

2026-03-17T15:33:11.749+05:30  INFO 10092 --- [subscriptionManagementBackend] [restartedMain] SubscriptionManagementBackendApplication : Starting SubscriptionManagementBackendApplication using Java 23.0.2 with PID 10092 (C:\GitHub\Pratiti Training\Mini Project\subscriptionManagementBackend\target\classes started by rohan in C:\GitHub\Pratiti Training\Mini Project\subscriptionManagementBackend)
2026-03-17T15:33:11.753+05:30 DEBUG 10092 --- [subscriptionManagementBackend] [restartedMain] SubscriptionManagementBackendApplication : Running with Spring Boot v4.0.3, Spring v7.0.5
2026-03-17T15:33:11.754+05:30  INFO 10092 --- [subscriptionManagementBackend] [restartedMain] SubscriptionManagementBackendApplication : No active profile set, falling back to 1 default profile: "default"
2026-03-17T15:33:13.250+05:30  WARN 10092 --- [subscriptionManagementBackend] [restartedMain] ConfigServletWebServerApplicationContext : Exception encountered during context initialization - cancelling refresh attempt: java.lang.IllegalStateException: Error processing condition on org.springframework.boot.autoconfigure.context.PropertyPlaceholderAutoConfiguration.propertySourcesPlaceholderConfigurer
2026-03-17T15:33:13.255+05:30  INFO 10092 --- [subscriptionManagementBackend] [restartedMain] .s.b.a.l.ConditionEvaluationReportLogger : 

Error starting ApplicationContext. To display the condition evaluation report re-run your application with 'debug' enabled.
2026-03-17T15:33:13.262+05:30 ERROR 10092 --- [subscriptionManagementBackend] [restartedMain] o.s.boot.SpringApplication               : Application run failed

java.lang.IllegalStateException: Error processing condition on org.springframework.boot.autoconfigure.context.PropertyPlaceholderAutoConfiguration.propertySourcesPlaceholderConfigurer
	at org.springframework.boot.autoconfigure.condition.SpringBootCondition.matches(SpringBootCondition.java:60) ~[spring-boot-autoconfigure-4.0.3.jar:4.0.3]
	at org.springframework.context.annotation.ConditionEvaluator.shouldSkip(ConditionEvaluator.java:100) ~[spring-context-7.0.5.jar:7.0.5]
	at org.springframework.context.annotation.ConfigurationClassBeanDefinitionReader.loadBeanDefinitionsForBeanMethod(ConfigurationClassBeanDefinitionReader.java:196) ~[spring-context-7.0.5.jar:7.0.5]
	at org.springframework.context.annotation.ConfigurationClassBeanDefinitionReader.loadBeanDefinitionsForConfigurationClass(ConfigurationClassBeanDefinitionReader.java:148) ~[spring-context-7.0.5.jar:7.0.5]
	at org.springframework.context.annotation.ConfigurationClassBeanDefinitionReader.loadBeanDefinitions(ConfigurationClassBeanDefinitionReader.java:124) ~[spring-context-7.0.5.jar:7.0.5]
	at org.springframework.context.annotation.ConfigurationClassPostProcessor.processConfigBeanDefinitions(ConfigurationClassPostProcessor.java:458) ~[spring-context-7.0.5.jar:7.0.5]
	at org.springframework.context.annotation.ConfigurationClassPostProcessor.postProcessBeanDefinitionRegistry(ConfigurationClassPostProcessor.java:310) ~[spring-context-7.0.5.jar:7.0.5]
	at org.springframework.context.support.PostProcessorRegistrationDelegate.invokeBeanDefinitionRegistryPostProcessors(PostProcessorRegistrationDelegate.java:349) ~[spring-context-7.0.5.jar:7.0.5]
	at org.springframework.context.support.PostProcessorRegistrationDelegate.invokeBeanFactoryPostProcessors(PostProcessorRegistrationDelegate.java:118) ~[spring-context-7.0.5.jar:7.0.5]
	at org.springframework.context.support.AbstractApplicationContext.invokeBeanFactoryPostProcessors(AbstractApplicationContext.java:795) ~[spring-context-7.0.5.jar:7.0.5]
	at org.springframework.context.support.AbstractApplicationContext.refresh(AbstractApplicationContext.java:603) ~[spring-context-7.0.5.jar:7.0.5]
	at org.springframework.boot.web.server.servlet.context.ServletWebServerApplicationContext.refresh(ServletWebServerApplicationContext.java:143) ~[spring-boot-web-server-4.0.3.jar:4.0.3]
	at org.springframework.boot.SpringApplication.refresh(SpringApplication.java:756) ~[spring-boot-4.0.3.jar:4.0.3]
	at org.springframework.boot.SpringApplication.refreshContext(SpringApplication.java:445) ~[spring-boot-4.0.3.jar:4.0.3]
	at org.springframework.boot.SpringApplication.run(SpringApplication.java:321) ~[spring-boot-4.0.3.jar:4.0.3]
	at org.springframework.boot.SpringApplication.run(SpringApplication.java:1365) ~[spring-boot-4.0.3.jar:4.0.3]
	at org.springframework.boot.SpringApplication.run(SpringApplication.java:1354) ~[spring-boot-4.0.3.jar:4.0.3]
	at com.rohan.SubscriptionManagementBackendApplication.main(SubscriptionManagementBackendApplication.java:10) ~[classes/:na]
	at java.base/jdk.internal.reflect.DirectMethodHandleAccessor.invoke(DirectMethodHandleAccessor.java:103) ~[na:na]
	at java.base/java.lang.reflect.Method.invoke(Method.java:580) ~[na:na]
	at org.springframework.boot.devtools.restart.RestartLauncher.run(RestartLauncher.java:52) ~[spring-boot-devtools-4.0.3.jar:4.0.3]
Caused by: java.lang.IllegalStateException: Failed to introspect Class [com.rohan.config.AppConfig] from ClassLoader [org.springframework.boot.devtools.restart.classloader.RestartClassLoader@7c3a2ef]
	at org.springframework.util.ReflectionUtils.getDeclaredMethods(ReflectionUtils.java:483) ~[spring-core-7.0.5.jar:7.0.5]
	at org.springframework.util.ReflectionUtils.doWithMethods(ReflectionUtils.java:360) ~[spring-core-7.0.5.jar:7.0.5]
	at org.springframework.util.ReflectionUtils.getUniqueDeclaredMethods(ReflectionUtils.java:417) ~[spring-core-7.0.5.jar:7.0.5]
	at org.springframework.beans.factory.support.AbstractAutowireCapableBeanFactory.lambda$getTypeForFactoryMethod$0(AbstractAutowireCapableBeanFactory.java:750) ~[spring-beans-7.0.5.jar:7.0.5]
	at java.base/java.util.concurrent.ConcurrentHashMap.computeIfAbsent(ConcurrentHashMap.java:1713) ~[na:na]
	at org.springframework.beans.factory.support.AbstractAutowireCapableBeanFactory.getTypeForFactoryMethod(AbstractAutowireCapableBeanFactory.java:749) ~[spring-beans-7.0.5.jar:7.0.5]
	at org.springframework.beans.factory.support.AbstractAutowireCapableBeanFactory.determineTargetType(AbstractAutowireCapableBeanFactory.java:683) ~[spring-beans-7.0.5.jar:7.0.5]
	at org.springframework.beans.factory.support.AbstractAutowireCapableBeanFactory.predictBeanType(AbstractAutowireCapableBeanFactory.java:655) ~[spring-beans-7.0.5.jar:7.0.5]
	at org.springframework.beans.factory.support.AbstractBeanFactory.isFactoryBean(AbstractBeanFactory.java:1699) ~[spring-beans-7.0.5.jar:7.0.5]
	at org.springframework.beans.factory.support.DefaultListableBeanFactory.doGetBeanNamesForType(DefaultListableBeanFactory.java:632) ~[spring-beans-7.0.5.jar:7.0.5]
	at org.springframework.beans.factory.support.DefaultListableBeanFactory.getBeanNamesForType(DefaultListableBeanFactory.java:604) ~[spring-beans-7.0.5.jar:7.0.5]
	at org.springframework.beans.factory.support.DefaultListableBeanFactory.getBeanNamesForType(DefaultListableBeanFactory.java:589) ~[spring-beans-7.0.5.jar:7.0.5]
	at org.springframework.boot.autoconfigure.condition.OnBeanCondition.collectBeanDefinitionsForType(OnBeanCondition.java:334) ~[spring-boot-autoconfigure-4.0.3.jar:4.0.3]
	at org.springframework.boot.autoconfigure.condition.OnBeanCondition.getBeanDefinitionsForType(OnBeanCondition.java:323) ~[spring-boot-autoconfigure-4.0.3.jar:4.0.3]
	at org.springframework.boot.autoconfigure.condition.OnBeanCondition.getMatchingBeans(OnBeanCondition.java:221) ~[spring-boot-autoconfigure-4.0.3.jar:4.0.3]
	at org.springframework.boot.autoconfigure.condition.OnBeanCondition.evaluateConditionalOnMissingBean(OnBeanCondition.java:204) ~[spring-boot-autoconfigure-4.0.3.jar:4.0.3]
	at org.springframework.boot.autoconfigure.condition.OnBeanCondition.getMatchOutcome(OnBeanCondition.java:149) ~[spring-boot-autoconfigure-4.0.3.jar:4.0.3]
	at org.springframework.boot.autoconfigure.condition.SpringBootCondition.matches(SpringBootCondition.java:47) ~[spring-boot-autoconfigure-4.0.3.jar:4.0.3]
	... 20 common frames omitted
Caused by: java.lang.NoClassDefFoundError: org/springframework/security/crypto/password/PasswordEncoder
	at java.base/java.lang.Class.getDeclaredMethods0(Native Method) ~[na:na]
	at java.base/java.lang.Class.privateGetDeclaredMethods(Class.java:3650) ~[na:na]
	at java.base/java.lang.Class.getDeclaredMethods(Class.java:2735) ~[na:na]
	at org.springframework.util.ReflectionUtils.getDeclaredMethods(ReflectionUtils.java:465) ~[spring-core-7.0.5.jar:7.0.5]
	... 37 common frames omitted
Caused by: java.lang.ClassNotFoundException: org.springframework.security.crypto.password.PasswordEncoder
	at java.base/jdk.internal.loader.BuiltinClassLoader.loadClass(BuiltinClassLoader.java:641) ~[na:na]
	at java.base/jdk.internal.loader.ClassLoaders$AppClassLoader.loadClass(ClassLoaders.java:188) ~[na:na]
	at java.base/java.lang.ClassLoader.loadClass(ClassLoader.java:528) ~[na:na]
	at java.base/java.lang.Class.forName0(Native Method) ~[na:na]
	at java.base/java.lang.Class.forName(Class.java:578) ~[na:na]
	at java.base/java.lang.Class.forName(Class.java:557) ~[na:na]
	at org.springframework.boot.devtools.restart.classloader.RestartClassLoader.loadClass(RestartClassLoader.java:123) ~[spring-boot-devtools-4.0.3.jar:4.0.3]
	at java.base/java.lang.ClassLoader.loadClass(ClassLoader.java:528) ~[na:na]
	... 41 common frames omitted

2026-03-17T15:33:14.774+05:30  INFO 10092 --- [subscriptionManagementBackend] [restartedMain] SubscriptionManagementBackendApplication : Starting SubscriptionManagementBackendApplication using Java 23.0.2 with PID 10092 (C:\GitHub\Pratiti Training\Mini Project\subscriptionManagementBackend\target\classes started by rohan in C:\GitHub\Pratiti Training\Mini Project\subscriptionManagementBackend)
2026-03-17T15:33:14.774+05:30 DEBUG 10092 --- [subscriptionManagementBackend] [restartedMain] SubscriptionManagementBackendApplication : Running with Spring Boot v4.0.3, Spring v7.0.5
2026-03-17T15:33:14.775+05:30  INFO 10092 --- [subscriptionManagementBackend] [restartedMain] SubscriptionManagementBackendApplication : No active profile set, falling back to 1 default profile: "default"
2026-03-17T15:33:15.138+05:30  WARN 10092 --- [subscriptionManagementBackend] [restartedMain] ConfigServletWebServerApplicationContext : Exception encountered during context initialization - cancelling refresh attempt: java.lang.IllegalStateException: Error processing condition on org.springframework.boot.autoconfigure.context.PropertyPlaceholderAutoConfiguration.propertySourcesPlaceholderConfigurer
2026-03-17T15:33:15.140+05:30  INFO 10092 --- [subscriptionManagementBackend] [restartedMain] .s.b.a.l.ConditionEvaluationReportLogger : 

Error starting ApplicationContext. To display the condition evaluation report re-run your application with 'debug' enabled.
2026-03-17T15:33:15.145+05:30 ERROR 10092 --- [subscriptionManagementBackend] [restartedMain] o.s.boot.SpringApplication               : Application run failed

java.lang.IllegalStateException: Error processing condition on org.springframework.boot.autoconfigure.context.PropertyPlaceholderAutoConfiguration.propertySourcesPlaceholderConfigurer
	at org.springframework.boot.autoconfigure.condition.SpringBootCondition.matches(SpringBootCondition.java:60) ~[spring-boot-autoconfigure-4.0.3.jar:4.0.3]
	at org.springframework.context.annotation.ConditionEvaluator.shouldSkip(ConditionEvaluator.java:100) ~[spring-context-7.0.5.jar:7.0.5]
	at org.springframework.context.annotation.ConfigurationClassBeanDefinitionReader.loadBeanDefinitionsForBeanMethod(ConfigurationClassBeanDefinitionReader.java:196) ~[spring-context-7.0.5.jar:7.0.5]
	at org.springframework.context.annotation.ConfigurationClassBeanDefinitionReader.loadBeanDefinitionsForConfigurationClass(ConfigurationClassBeanDefinitionReader.java:148) ~[spring-context-7.0.5.jar:7.0.5]
	at org.springframework.context.annotation.ConfigurationClassBeanDefinitionReader.loadBeanDefinitions(ConfigurationClassBeanDefinitionReader.java:124) ~[spring-context-7.0.5.jar:7.0.5]
	at org.springframework.context.annotation.ConfigurationClassPostProcessor.processConfigBeanDefinitions(ConfigurationClassPostProcessor.java:458) ~[spring-context-7.0.5.jar:7.0.5]
	at org.springframework.context.annotation.ConfigurationClassPostProcessor.postProcessBeanDefinitionRegistry(ConfigurationClassPostProcessor.java:310) ~[spring-context-7.0.5.jar:7.0.5]
	at org.springframework.context.support.PostProcessorRegistrationDelegate.invokeBeanDefinitionRegistryPostProcessors(PostProcessorRegistrationDelegate.java:349) ~[spring-context-7.0.5.jar:7.0.5]
	at org.springframework.context.support.PostProcessorRegistrationDelegate.invokeBeanFactoryPostProcessors(PostProcessorRegistrationDelegate.java:118) ~[spring-context-7.0.5.jar:7.0.5]
	at org.springframework.context.support.AbstractApplicationContext.invokeBeanFactoryPostProcessors(AbstractApplicationContext.java:795) ~[spring-context-7.0.5.jar:7.0.5]
	at org.springframework.context.support.AbstractApplicationContext.refresh(AbstractApplicationContext.java:603) ~[spring-context-7.0.5.jar:7.0.5]
	at org.springframework.boot.web.server.servlet.context.ServletWebServerApplicationContext.refresh(ServletWebServerApplicationContext.java:143) ~[spring-boot-web-server-4.0.3.jar:4.0.3]
	at org.springframework.boot.SpringApplication.refresh(SpringApplication.java:756) ~[spring-boot-4.0.3.jar:4.0.3]
	at org.springframework.boot.SpringApplication.refreshContext(SpringApplication.java:445) ~[spring-boot-4.0.3.jar:4.0.3]
	at org.springframework.boot.SpringApplication.run(SpringApplication.java:321) ~[spring-boot-4.0.3.jar:4.0.3]
	at org.springframework.boot.SpringApplication.run(SpringApplication.java:1365) ~[spring-boot-4.0.3.jar:4.0.3]
	at org.springframework.boot.SpringApplication.run(SpringApplication.java:1354) ~[spring-boot-4.0.3.jar:4.0.3]
	at com.rohan.SubscriptionManagementBackendApplication.main(SubscriptionManagementBackendApplication.java:10) ~[classes/:na]
	at java.base/jdk.internal.reflect.DirectMethodHandleAccessor.invoke(DirectMethodHandleAccessor.java:103) ~[na:na]
	at java.base/java.lang.reflect.Method.invoke(Method.java:580) ~[na:na]
	at org.springframework.boot.devtools.restart.RestartLauncher.run(RestartLauncher.java:52) ~[spring-boot-devtools-4.0.3.jar:4.0.3]
Caused by: java.lang.IllegalStateException: Failed to introspect Class [com.rohan.config.AppConfig] from ClassLoader [org.springframework.boot.devtools.restart.classloader.RestartClassLoader@715b47a9]
	at org.springframework.util.ReflectionUtils.getDeclaredMethods(ReflectionUtils.java:483) ~[spring-core-7.0.5.jar:7.0.5]
	at org.springframework.util.ReflectionUtils.doWithMethods(ReflectionUtils.java:360) ~[spring-core-7.0.5.jar:7.0.5]
	at org.springframework.util.ReflectionUtils.getUniqueDeclaredMethods(ReflectionUtils.java:417) ~[spring-core-7.0.5.jar:7.0.5]
	at org.springframework.beans.factory.support.AbstractAutowireCapableBeanFactory.lambda$getTypeForFactoryMethod$0(AbstractAutowireCapableBeanFactory.java:750) ~[spring-beans-7.0.5.jar:7.0.5]
	at java.base/java.util.concurrent.ConcurrentHashMap.computeIfAbsent(ConcurrentHashMap.java:1713) ~[na:na]
	at org.springframework.beans.factory.support.AbstractAutowireCapableBeanFactory.getTypeForFactoryMethod(AbstractAutowireCapableBeanFactory.java:749) ~[spring-beans-7.0.5.jar:7.0.5]
	at org.springframework.beans.factory.support.AbstractAutowireCapableBeanFactory.determineTargetType(AbstractAutowireCapableBeanFactory.java:683) ~[spring-beans-7.0.5.jar:7.0.5]
	at org.springframework.beans.factory.support.AbstractAutowireCapableBeanFactory.predictBeanType(AbstractAutowireCapableBeanFactory.java:655) ~[spring-beans-7.0.5.jar:7.0.5]
	at org.springframework.beans.factory.support.AbstractBeanFactory.isFactoryBean(AbstractBeanFactory.java:1699) ~[spring-beans-7.0.5.jar:7.0.5]
	at org.springframework.beans.factory.support.DefaultListableBeanFactory.doGetBeanNamesForType(DefaultListableBeanFactory.java:632) ~[spring-beans-7.0.5.jar:7.0.5]
	at org.springframework.beans.factory.support.DefaultListableBeanFactory.getBeanNamesForType(DefaultListableBeanFactory.java:604) ~[spring-beans-7.0.5.jar:7.0.5]
	at org.springframework.beans.factory.support.DefaultListableBeanFactory.getBeanNamesForType(DefaultListableBeanFactory.java:589) ~[spring-beans-7.0.5.jar:7.0.5]
	at org.springframework.boot.autoconfigure.condition.OnBeanCondition.collectBeanDefinitionsForType(OnBeanCondition.java:334) ~[spring-boot-autoconfigure-4.0.3.jar:4.0.3]
	at org.springframework.boot.autoconfigure.condition.OnBeanCondition.getBeanDefinitionsForType(OnBeanCondition.java:323) ~[spring-boot-autoconfigure-4.0.3.jar:4.0.3]
	at org.springframework.boot.autoconfigure.condition.OnBeanCondition.getMatchingBeans(OnBeanCondition.java:221) ~[spring-boot-autoconfigure-4.0.3.jar:4.0.3]
	at org.springframework.boot.autoconfigure.condition.OnBeanCondition.evaluateConditionalOnMissingBean(OnBeanCondition.java:204) ~[spring-boot-autoconfigure-4.0.3.jar:4.0.3]
	at org.springframework.boot.autoconfigure.condition.OnBeanCondition.getMatchOutcome(OnBeanCondition.java:149) ~[spring-boot-autoconfigure-4.0.3.jar:4.0.3]
	at org.springframework.boot.autoconfigure.condition.SpringBootCondition.matches(SpringBootCondition.java:47) ~[spring-boot-autoconfigure-4.0.3.jar:4.0.3]
	... 20 common frames omitted
Caused by: java.lang.NoClassDefFoundError: org/springframework/security/crypto/password/PasswordEncoder
	at java.base/java.lang.Class.getDeclaredMethods0(Native Method) ~[na:na]
	at java.base/java.lang.Class.privateGetDeclaredMethods(Class.java:3650) ~[na:na]
	at java.base/java.lang.Class.getDeclaredMethods(Class.java:2735) ~[na:na]
	at org.springframework.util.ReflectionUtils.getDeclaredMethods(ReflectionUtils.java:465) ~[spring-core-7.0.5.jar:7.0.5]
	... 37 common frames omitted
Caused by: java.lang.ClassNotFoundException: org.springframework.security.crypto.password.PasswordEncoder
	at java.base/jdk.internal.loader.BuiltinClassLoader.loadClass(BuiltinClassLoader.java:641) ~[na:na]
	at java.base/jdk.internal.loader.ClassLoaders$AppClassLoader.loadClass(ClassLoaders.java:188) ~[na:na]
	at java.base/java.lang.ClassLoader.loadClass(ClassLoader.java:528) ~[na:na]
	at java.base/java.lang.Class.forName0(Native Method) ~[na:na]
	at java.base/java.lang.Class.forName(Class.java:578) ~[na:na]
	at java.base/java.lang.Class.forName(Class.java:557) ~[na:na]
	at org.springframework.boot.devtools.restart.classloader.RestartClassLoader.loadClass(RestartClassLoader.java:123) ~[spring-boot-devtools-4.0.3.jar:4.0.3]
	at java.base/java.lang.ClassLoader.loadClass(ClassLoader.java:528) ~[na:na]
	... 41 common frames omitted

2026-03-17T15:33:49.407+05:30  INFO 10092 --- [subscriptionManagementBackend] [restartedMain] SubscriptionManagementBackendApplication : Starting SubscriptionManagementBackendApplication using Java 23.0.2 with PID 10092 (C:\GitHub\Pratiti Training\Mini Project\subscriptionManagementBackend\target\classes started by rohan in C:\GitHub\Pratiti Training\Mini Project\subscriptionManagementBackend)
2026-03-17T15:33:49.407+05:30 DEBUG 10092 --- [subscriptionManagementBackend] [restartedMain] SubscriptionManagementBackendApplication : Running with Spring Boot v4.0.3, Spring v7.0.5
2026-03-17T15:33:49.407+05:30  INFO 10092 --- [subscriptionManagementBackend] [restartedMain] SubscriptionManagementBackendApplication : No active profile set, falling back to 1 default profile: "default"
2026-03-17T15:33:49.782+05:30  WARN 10092 --- [subscriptionManagementBackend] [restartedMain] ConfigServletWebServerApplicationContext : Exception encountered during context initialization - cancelling refresh attempt: java.lang.IllegalStateException: Error processing condition on org.springframework.boot.autoconfigure.context.PropertyPlaceholderAutoConfiguration.propertySourcesPlaceholderConfigurer
2026-03-17T15:33:49.784+05:30  INFO 10092 --- [subscriptionManagementBackend] [restartedMain] .s.b.a.l.ConditionEvaluationReportLogger : 

Error starting ApplicationContext. To display the condition evaluation report re-run your application with 'debug' enabled.
2026-03-17T15:33:49.788+05:30 ERROR 10092 --- [subscriptionManagementBackend] [restartedMain] o.s.boot.SpringApplication               : Application run failed

java.lang.IllegalStateException: Error processing condition on org.springframework.boot.autoconfigure.context.PropertyPlaceholderAutoConfiguration.propertySourcesPlaceholderConfigurer
	at org.springframework.boot.autoconfigure.condition.SpringBootCondition.matches(SpringBootCondition.java:60) ~[spring-boot-autoconfigure-4.0.3.jar:4.0.3]
	at org.springframework.context.annotation.ConditionEvaluator.shouldSkip(ConditionEvaluator.java:100) ~[spring-context-7.0.5.jar:7.0.5]
	at org.springframework.context.annotation.ConfigurationClassBeanDefinitionReader.loadBeanDefinitionsForBeanMethod(ConfigurationClassBeanDefinitionReader.java:196) ~[spring-context-7.0.5.jar:7.0.5]
	at org.springframework.context.annotation.ConfigurationClassBeanDefinitionReader.loadBeanDefinitionsForConfigurationClass(ConfigurationClassBeanDefinitionReader.java:148) ~[spring-context-7.0.5.jar:7.0.5]
	at org.springframework.context.annotation.ConfigurationClassBeanDefinitionReader.loadBeanDefinitions(ConfigurationClassBeanDefinitionReader.java:124) ~[spring-context-7.0.5.jar:7.0.5]
	at org.springframework.context.annotation.ConfigurationClassPostProcessor.processConfigBeanDefinitions(ConfigurationClassPostProcessor.java:458) ~[spring-context-7.0.5.jar:7.0.5]
	at org.springframework.context.annotation.ConfigurationClassPostProcessor.postProcessBeanDefinitionRegistry(ConfigurationClassPostProcessor.java:310) ~[spring-context-7.0.5.jar:7.0.5]
	at org.springframework.context.support.PostProcessorRegistrationDelegate.invokeBeanDefinitionRegistryPostProcessors(PostProcessorRegistrationDelegate.java:349) ~[spring-context-7.0.5.jar:7.0.5]
	at org.springframework.context.support.PostProcessorRegistrationDelegate.invokeBeanFactoryPostProcessors(PostProcessorRegistrationDelegate.java:118) ~[spring-context-7.0.5.jar:7.0.5]
	at org.springframework.context.support.AbstractApplicationContext.invokeBeanFactoryPostProcessors(AbstractApplicationContext.java:795) ~[spring-context-7.0.5.jar:7.0.5]
	at org.springframework.context.support.AbstractApplicationContext.refresh(AbstractApplicationContext.java:603) ~[spring-context-7.0.5.jar:7.0.5]
	at org.springframework.boot.web.server.servlet.context.ServletWebServerApplicationContext.refresh(ServletWebServerApplicationContext.java:143) ~[spring-boot-web-server-4.0.3.jar:4.0.3]
	at org.springframework.boot.SpringApplication.refresh(SpringApplication.java:756) ~[spring-boot-4.0.3.jar:4.0.3]
	at org.springframework.boot.SpringApplication.refreshContext(SpringApplication.java:445) ~[spring-boot-4.0.3.jar:4.0.3]
	at org.springframework.boot.SpringApplication.run(SpringApplication.java:321) ~[spring-boot-4.0.3.jar:4.0.3]
	at org.springframework.boot.SpringApplication.run(SpringApplication.java:1365) ~[spring-boot-4.0.3.jar:4.0.3]
	at org.springframework.boot.SpringApplication.run(SpringApplication.java:1354) ~[spring-boot-4.0.3.jar:4.0.3]
	at com.rohan.SubscriptionManagementBackendApplication.main(SubscriptionManagementBackendApplication.java:10) ~[classes/:na]
	at java.base/jdk.internal.reflect.DirectMethodHandleAccessor.invoke(DirectMethodHandleAccessor.java:103) ~[na:na]
	at java.base/java.lang.reflect.Method.invoke(Method.java:580) ~[na:na]
	at org.springframework.boot.devtools.restart.RestartLauncher.run(RestartLauncher.java:52) ~[spring-boot-devtools-4.0.3.jar:4.0.3]
Caused by: java.lang.IllegalStateException: Failed to introspect Class [com.rohan.config.AppConfig] from ClassLoader [org.springframework.boot.devtools.restart.classloader.RestartClassLoader@1b6ff81c]
	at org.springframework.util.ReflectionUtils.getDeclaredMethods(ReflectionUtils.java:483) ~[spring-core-7.0.5.jar:7.0.5]
	at org.springframework.util.ReflectionUtils.doWithMethods(ReflectionUtils.java:360) ~[spring-core-7.0.5.jar:7.0.5]
	at org.springframework.util.ReflectionUtils.getUniqueDeclaredMethods(ReflectionUtils.java:417) ~[spring-core-7.0.5.jar:7.0.5]
	at org.springframework.beans.factory.support.AbstractAutowireCapableBeanFactory.lambda$getTypeForFactoryMethod$0(AbstractAutowireCapableBeanFactory.java:750) ~[spring-beans-7.0.5.jar:7.0.5]
	at java.base/java.util.concurrent.ConcurrentHashMap.computeIfAbsent(ConcurrentHashMap.java:1713) ~[na:na]
	at org.springframework.beans.factory.support.AbstractAutowireCapableBeanFactory.getTypeForFactoryMethod(AbstractAutowireCapableBeanFactory.java:749) ~[spring-beans-7.0.5.jar:7.0.5]
	at org.springframework.beans.factory.support.AbstractAutowireCapableBeanFactory.determineTargetType(AbstractAutowireCapableBeanFactory.java:683) ~[spring-beans-7.0.5.jar:7.0.5]
	at org.springframework.beans.factory.support.AbstractAutowireCapableBeanFactory.predictBeanType(AbstractAutowireCapableBeanFactory.java:655) ~[spring-beans-7.0.5.jar:7.0.5]
	at org.springframework.beans.factory.support.AbstractBeanFactory.isFactoryBean(AbstractBeanFactory.java:1699) ~[spring-beans-7.0.5.jar:7.0.5]
	at org.springframework.beans.factory.support.DefaultListableBeanFactory.doGetBeanNamesForType(DefaultListableBeanFactory.java:632) ~[spring-beans-7.0.5.jar:7.0.5]
	at org.springframework.beans.factory.support.DefaultListableBeanFactory.getBeanNamesForType(DefaultListableBeanFactory.java:604) ~[spring-beans-7.0.5.jar:7.0.5]
	at org.springframework.beans.factory.support.DefaultListableBeanFactory.getBeanNamesForType(DefaultListableBeanFactory.java:589) ~[spring-beans-7.0.5.jar:7.0.5]
	at org.springframework.boot.autoconfigure.condition.OnBeanCondition.collectBeanDefinitionsForType(OnBeanCondition.java:334) ~[spring-boot-autoconfigure-4.0.3.jar:4.0.3]
	at org.springframework.boot.autoconfigure.condition.OnBeanCondition.getBeanDefinitionsForType(OnBeanCondition.java:323) ~[spring-boot-autoconfigure-4.0.3.jar:4.0.3]
	at org.springframework.boot.autoconfigure.condition.OnBeanCondition.getMatchingBeans(OnBeanCondition.java:221) ~[spring-boot-autoconfigure-4.0.3.jar:4.0.3]
	at org.springframework.boot.autoconfigure.condition.OnBeanCondition.evaluateConditionalOnMissingBean(OnBeanCondition.java:204) ~[spring-boot-autoconfigure-4.0.3.jar:4.0.3]
	at org.springframework.boot.autoconfigure.condition.OnBeanCondition.getMatchOutcome(OnBeanCondition.java:149) ~[spring-boot-autoconfigure-4.0.3.jar:4.0.3]
	at org.springframework.boot.autoconfigure.condition.SpringBootCondition.matches(SpringBootCondition.java:47) ~[spring-boot-autoconfigure-4.0.3.jar:4.0.3]
	... 20 common frames omitted
Caused by: java.lang.NoClassDefFoundError: org/springframework/security/crypto/password/PasswordEncoder
	at java.base/java.lang.Class.getDeclaredMethods0(Native Method) ~[na:na]
	at java.base/java.lang.Class.privateGetDeclaredMethods(Class.java:3650) ~[na:na]
	at java.base/java.lang.Class.getDeclaredMethods(Class.java:2735) ~[na:na]
	at org.springframework.util.ReflectionUtils.getDeclaredMethods(ReflectionUtils.java:465) ~[spring-core-7.0.5.jar:7.0.5]
	... 37 common frames omitted
Caused by: java.lang.ClassNotFoundException: org.springframework.security.crypto.password.PasswordEncoder
	at java.base/jdk.internal.loader.BuiltinClassLoader.loadClass(BuiltinClassLoader.java:641) ~[na:na]
	at java.base/jdk.internal.loader.ClassLoaders$AppClassLoader.loadClass(ClassLoaders.java:188) ~[na:na]
	at java.base/java.lang.ClassLoader.loadClass(ClassLoader.java:528) ~[na:na]
	at java.base/java.lang.Class.forName0(Native Method) ~[na:na]
	at java.base/java.lang.Class.forName(Class.java:578) ~[na:na]
	at java.base/java.lang.Class.forName(Class.java:557) ~[na:na]
	at org.springframework.boot.devtools.restart.classloader.RestartClassLoader.loadClass(RestartClassLoader.java:123) ~[spring-boot-devtools-4.0.3.jar:4.0.3]
	at java.base/java.lang.ClassLoader.loadClass(ClassLoader.java:528) ~[na:na]
	... 41 common frames omitted

2026-03-17T15:34:07.599+05:30  INFO 10092 --- [subscriptionManagementBackend] [restartedMain] SubscriptionManagementBackendApplication : Starting SubscriptionManagementBackendApplication using Java 23.0.2 with PID 10092 (C:\GitHub\Pratiti Training\Mini Project\subscriptionManagementBackend\target\classes started by rohan in C:\GitHub\Pratiti Training\Mini Project\subscriptionManagementBackend)
2026-03-17T15:34:07.600+05:30 DEBUG 10092 --- [subscriptionManagementBackend] [restartedMain] SubscriptionManagementBackendApplication : Running with Spring Boot v4.0.3, Spring v7.0.5
2026-03-17T15:34:07.600+05:30  INFO 10092 --- [subscriptionManagementBackend] [restartedMain] SubscriptionManagementBackendApplication : No active profile set, falling back to 1 default profile: "default"
2026-03-17T15:34:08.028+05:30  WARN 10092 --- [subscriptionManagementBackend] [restartedMain] ConfigServletWebServerApplicationContext : Exception encountered during context initialization - cancelling refresh attempt: java.lang.IllegalStateException: Error processing condition on org.springframework.boot.autoconfigure.context.PropertyPlaceholderAutoConfiguration.propertySourcesPlaceholderConfigurer
2026-03-17T15:34:08.030+05:30  INFO 10092 --- [subscriptionManagementBackend] [restartedMain] .s.b.a.l.ConditionEvaluationReportLogger : 

Error starting ApplicationContext. To display the condition evaluation report re-run your application with 'debug' enabled.
2026-03-17T15:34:08.035+05:30 ERROR 10092 --- [subscriptionManagementBackend] [restartedMain] o.s.boot.SpringApplication               : Application run failed

java.lang.IllegalStateException: Error processing condition on org.springframework.boot.autoconfigure.context.PropertyPlaceholderAutoConfiguration.propertySourcesPlaceholderConfigurer
	at org.springframework.boot.autoconfigure.condition.SpringBootCondition.matches(SpringBootCondition.java:60) ~[spring-boot-autoconfigure-4.0.3.jar:4.0.3]
	at org.springframework.context.annotation.ConditionEvaluator.shouldSkip(ConditionEvaluator.java:100) ~[spring-context-7.0.5.jar:7.0.5]
	at org.springframework.context.annotation.ConfigurationClassBeanDefinitionReader.loadBeanDefinitionsForBeanMethod(ConfigurationClassBeanDefinitionReader.java:196) ~[spring-context-7.0.5.jar:7.0.5]
	at org.springframework.context.annotation.ConfigurationClassBeanDefinitionReader.loadBeanDefinitionsForConfigurationClass(ConfigurationClassBeanDefinitionReader.java:148) ~[spring-context-7.0.5.jar:7.0.5]
	at org.springframework.context.annotation.ConfigurationClassBeanDefinitionReader.loadBeanDefinitions(ConfigurationClassBeanDefinitionReader.java:124) ~[spring-context-7.0.5.jar:7.0.5]
	at org.springframework.context.annotation.ConfigurationClassPostProcessor.processConfigBeanDefinitions(ConfigurationClassPostProcessor.java:458) ~[spring-context-7.0.5.jar:7.0.5]
	at org.springframework.context.annotation.ConfigurationClassPostProcessor.postProcessBeanDefinitionRegistry(ConfigurationClassPostProcessor.java:310) ~[spring-context-7.0.5.jar:7.0.5]
	at org.springframework.context.support.PostProcessorRegistrationDelegate.invokeBeanDefinitionRegistryPostProcessors(PostProcessorRegistrationDelegate.java:349) ~[spring-context-7.0.5.jar:7.0.5]
	at org.springframework.context.support.PostProcessorRegistrationDelegate.invokeBeanFactoryPostProcessors(PostProcessorRegistrationDelegate.java:118) ~[spring-context-7.0.5.jar:7.0.5]
	at org.springframework.context.support.AbstractApplicationContext.invokeBeanFactoryPostProcessors(AbstractApplicationContext.java:795) ~[spring-context-7.0.5.jar:7.0.5]
	at org.springframework.context.support.AbstractApplicationContext.refresh(AbstractApplicationContext.java:603) ~[spring-context-7.0.5.jar:7.0.5]
	at org.springframework.boot.web.server.servlet.context.ServletWebServerApplicationContext.refresh(ServletWebServerApplicationContext.java:143) ~[spring-boot-web-server-4.0.3.jar:4.0.3]
	at org.springframework.boot.SpringApplication.refresh(SpringApplication.java:756) ~[spring-boot-4.0.3.jar:4.0.3]
	at org.springframework.boot.SpringApplication.refreshContext(SpringApplication.java:445) ~[spring-boot-4.0.3.jar:4.0.3]
	at org.springframework.boot.SpringApplication.run(SpringApplication.java:321) ~[spring-boot-4.0.3.jar:4.0.3]
	at org.springframework.boot.SpringApplication.run(SpringApplication.java:1365) ~[spring-boot-4.0.3.jar:4.0.3]
	at org.springframework.boot.SpringApplication.run(SpringApplication.java:1354) ~[spring-boot-4.0.3.jar:4.0.3]
	at com.rohan.SubscriptionManagementBackendApplication.main(SubscriptionManagementBackendApplication.java:10) ~[classes/:na]
	at java.base/jdk.internal.reflect.DirectMethodHandleAccessor.invoke(DirectMethodHandleAccessor.java:103) ~[na:na]
	at java.base/java.lang.reflect.Method.invoke(Method.java:580) ~[na:na]
	at org.springframework.boot.devtools.restart.RestartLauncher.run(RestartLauncher.java:52) ~[spring-boot-devtools-4.0.3.jar:4.0.3]
Caused by: java.lang.IllegalStateException: Failed to introspect Class [com.rohan.config.AppConfig] from ClassLoader [org.springframework.boot.devtools.restart.classloader.RestartClassLoader@7c90e6f2]
	at org.springframework.util.ReflectionUtils.getDeclaredMethods(ReflectionUtils.java:483) ~[spring-core-7.0.5.jar:7.0.5]
	at org.springframework.util.ReflectionUtils.doWithMethods(ReflectionUtils.java:360) ~[spring-core-7.0.5.jar:7.0.5]
	at org.springframework.util.ReflectionUtils.getUniqueDeclaredMethods(ReflectionUtils.java:417) ~[spring-core-7.0.5.jar:7.0.5]
	at org.springframework.beans.factory.support.AbstractAutowireCapableBeanFactory.lambda$getTypeForFactoryMethod$0(AbstractAutowireCapableBeanFactory.java:750) ~[spring-beans-7.0.5.jar:7.0.5]
	at java.base/java.util.concurrent.ConcurrentHashMap.computeIfAbsent(ConcurrentHashMap.java:1713) ~[na:na]
	at org.springframework.beans.factory.support.AbstractAutowireCapableBeanFactory.getTypeForFactoryMethod(AbstractAutowireCapableBeanFactory.java:749) ~[spring-beans-7.0.5.jar:7.0.5]
	at org.springframework.beans.factory.support.AbstractAutowireCapableBeanFactory.determineTargetType(AbstractAutowireCapableBeanFactory.java:683) ~[spring-beans-7.0.5.jar:7.0.5]
	at org.springframework.beans.factory.support.AbstractAutowireCapableBeanFactory.predictBeanType(AbstractAutowireCapableBeanFactory.java:655) ~[spring-beans-7.0.5.jar:7.0.5]
	at org.springframework.beans.factory.support.AbstractBeanFactory.isFactoryBean(AbstractBeanFactory.java:1699) ~[spring-beans-7.0.5.jar:7.0.5]
	at org.springframework.beans.factory.support.DefaultListableBeanFactory.doGetBeanNamesForType(DefaultListableBeanFactory.java:632) ~[spring-beans-7.0.5.jar:7.0.5]
	at org.springframework.beans.factory.support.DefaultListableBeanFactory.getBeanNamesForType(DefaultListableBeanFactory.java:604) ~[spring-beans-7.0.5.jar:7.0.5]
	at org.springframework.beans.factory.support.DefaultListableBeanFactory.getBeanNamesForType(DefaultListableBeanFactory.java:589) ~[spring-beans-7.0.5.jar:7.0.5]
	at org.springframework.boot.autoconfigure.condition.OnBeanCondition.collectBeanDefinitionsForType(OnBeanCondition.java:334) ~[spring-boot-autoconfigure-4.0.3.jar:4.0.3]
	at org.springframework.boot.autoconfigure.condition.OnBeanCondition.getBeanDefinitionsForType(OnBeanCondition.java:323) ~[spring-boot-autoconfigure-4.0.3.jar:4.0.3]
	at org.springframework.boot.autoconfigure.condition.OnBeanCondition.getMatchingBeans(OnBeanCondition.java:221) ~[spring-boot-autoconfigure-4.0.3.jar:4.0.3]
	at org.springframework.boot.autoconfigure.condition.OnBeanCondition.evaluateConditionalOnMissingBean(OnBeanCondition.java:204) ~[spring-boot-autoconfigure-4.0.3.jar:4.0.3]
	at org.springframework.boot.autoconfigure.condition.OnBeanCondition.getMatchOutcome(OnBeanCondition.java:149) ~[spring-boot-autoconfigure-4.0.3.jar:4.0.3]
	at org.springframework.boot.autoconfigure.condition.SpringBootCondition.matches(SpringBootCondition.java:47) ~[spring-boot-autoconfigure-4.0.3.jar:4.0.3]
	... 20 common frames omitted
Caused by: java.lang.NoClassDefFoundError: org/springframework/security/crypto/password/PasswordEncoder
	at java.base/java.lang.Class.getDeclaredMethods0(Native Method) ~[na:na]
	at java.base/java.lang.Class.privateGetDeclaredMethods(Class.java:3650) ~[na:na]
	at java.base/java.lang.Class.getDeclaredMethods(Class.java:2735) ~[na:na]
	at org.springframework.util.ReflectionUtils.getDeclaredMethods(ReflectionUtils.java:465) ~[spring-core-7.0.5.jar:7.0.5]
	... 37 common frames omitted
Caused by: java.lang.ClassNotFoundException: org.springframework.security.crypto.password.PasswordEncoder
	at java.base/jdk.internal.loader.BuiltinClassLoader.loadClass(BuiltinClassLoader.java:641) ~[na:na]
	at java.base/jdk.internal.loader.ClassLoaders$AppClassLoader.loadClass(ClassLoaders.java:188) ~[na:na]
	at java.base/java.lang.ClassLoader.loadClass(ClassLoader.java:528) ~[na:na]
	at java.base/java.lang.Class.forName0(Native Method) ~[na:na]
	at java.base/java.lang.Class.forName(Class.java:578) ~[na:na]
	at java.base/java.lang.Class.forName(Class.java:557) ~[na:na]
	at org.springframework.boot.devtools.restart.classloader.RestartClassLoader.loadClass(RestartClassLoader.java:123) ~[spring-boot-devtools-4.0.3.jar:4.0.3]
	at java.base/java.lang.ClassLoader.loadClass(ClassLoader.java:528) ~[na:na]
	... 41 common frames omitted

2026-03-17T15:39:26.545+05:30  INFO 10092 --- [subscriptionManagementBackend] [restartedMain] SubscriptionManagementBackendApplication : Starting SubscriptionManagementBackendApplication using Java 23.0.2 with PID 10092 (C:\GitHub\Pratiti Training\Mini Project\subscriptionManagementBackend\target\classes started by rohan in C:\GitHub\Pratiti Training\Mini Project\subscriptionManagementBackend)
2026-03-17T15:39:26.556+05:30 DEBUG 10092 --- [subscriptionManagementBackend] [restartedMain] SubscriptionManagementBackendApplication : Running with Spring Boot v4.0.3, Spring v7.0.5
2026-03-17T15:39:26.556+05:30  INFO 10092 --- [subscriptionManagementBackend] [restartedMain] SubscriptionManagementBackendApplication : No active profile set, falling back to 1 default profile: "default"
2026-03-17T15:39:31.067+05:30  WARN 10092 --- [subscriptionManagementBackend] [restartedMain] ConfigServletWebServerApplicationContext : Exception encountered during context initialization - cancelling refresh attempt: java.lang.IllegalStateException: Error processing condition on org.springframework.boot.autoconfigure.context.PropertyPlaceholderAutoConfiguration.propertySourcesPlaceholderConfigurer
2026-03-17T15:39:31.093+05:30  INFO 10092 --- [subscriptionManagementBackend] [restartedMain] .s.b.a.l.ConditionEvaluationReportLogger : 

Error starting ApplicationContext. To display the condition evaluation report re-run your application with 'debug' enabled.
2026-03-17T15:39:31.128+05:30 ERROR 10092 --- [subscriptionManagementBackend] [restartedMain] o.s.boot.SpringApplication               : Application run failed

java.lang.IllegalStateException: Error processing condition on org.springframework.boot.autoconfigure.context.PropertyPlaceholderAutoConfiguration.propertySourcesPlaceholderConfigurer
	at org.springframework.boot.autoconfigure.condition.SpringBootCondition.matches(SpringBootCondition.java:60) ~[spring-boot-autoconfigure-4.0.3.jar:4.0.3]
	at org.springframework.context.annotation.ConditionEvaluator.shouldSkip(ConditionEvaluator.java:100) ~[spring-context-7.0.5.jar:7.0.5]
	at org.springframework.context.annotation.ConfigurationClassBeanDefinitionReader.loadBeanDefinitionsForBeanMethod(ConfigurationClassBeanDefinitionReader.java:196) ~[spring-context-7.0.5.jar:7.0.5]
	at org.springframework.context.annotation.ConfigurationClassBeanDefinitionReader.loadBeanDefinitionsForConfigurationClass(ConfigurationClassBeanDefinitionReader.java:148) ~[spring-context-7.0.5.jar:7.0.5]
	at org.springframework.context.annotation.ConfigurationClassBeanDefinitionReader.loadBeanDefinitions(ConfigurationClassBeanDefinitionReader.java:124) ~[spring-context-7.0.5.jar:7.0.5]
	at org.springframework.context.annotation.ConfigurationClassPostProcessor.processConfigBeanDefinitions(ConfigurationClassPostProcessor.java:458) ~[spring-context-7.0.5.jar:7.0.5]
	at org.springframework.context.annotation.ConfigurationClassPostProcessor.postProcessBeanDefinitionRegistry(ConfigurationClassPostProcessor.java:310) ~[spring-context-7.0.5.jar:7.0.5]
	at org.springframework.context.support.PostProcessorRegistrationDelegate.invokeBeanDefinitionRegistryPostProcessors(PostProcessorRegistrationDelegate.java:349) ~[spring-context-7.0.5.jar:7.0.5]
	at org.springframework.context.support.PostProcessorRegistrationDelegate.invokeBeanFactoryPostProcessors(PostProcessorRegistrationDelegate.java:118) ~[spring-context-7.0.5.jar:7.0.5]
	at org.springframework.context.support.AbstractApplicationContext.invokeBeanFactoryPostProcessors(AbstractApplicationContext.java:795) ~[spring-context-7.0.5.jar:7.0.5]
	at org.springframework.context.support.AbstractApplicationContext.refresh(AbstractApplicationContext.java:603) ~[spring-context-7.0.5.jar:7.0.5]
	at org.springframework.boot.web.server.servlet.context.ServletWebServerApplicationContext.refresh(ServletWebServerApplicationContext.java:143) ~[spring-boot-web-server-4.0.3.jar:4.0.3]
	at org.springframework.boot.SpringApplication.refresh(SpringApplication.java:756) ~[spring-boot-4.0.3.jar:4.0.3]
	at org.springframework.boot.SpringApplication.refreshContext(SpringApplication.java:445) ~[spring-boot-4.0.3.jar:4.0.3]
	at org.springframework.boot.SpringApplication.run(SpringApplication.java:321) ~[spring-boot-4.0.3.jar:4.0.3]
	at org.springframework.boot.SpringApplication.run(SpringApplication.java:1365) ~[spring-boot-4.0.3.jar:4.0.3]
	at org.springframework.boot.SpringApplication.run(SpringApplication.java:1354) ~[spring-boot-4.0.3.jar:4.0.3]
	at com.rohan.SubscriptionManagementBackendApplication.main(SubscriptionManagementBackendApplication.java:10) ~[classes/:na]
	at java.base/jdk.internal.reflect.DirectMethodHandleAccessor.invoke(DirectMethodHandleAccessor.java:103) ~[na:na]
	at java.base/java.lang.reflect.Method.invoke(Method.java:580) ~[na:na]
	at org.springframework.boot.devtools.restart.RestartLauncher.run(RestartLauncher.java:52) ~[spring-boot-devtools-4.0.3.jar:4.0.3]
Caused by: java.lang.IllegalStateException: Failed to introspect Class [com.rohan.config.AppConfig] from ClassLoader [org.springframework.boot.devtools.restart.classloader.RestartClassLoader@665ef755]
	at org.springframework.util.ReflectionUtils.getDeclaredMethods(ReflectionUtils.java:483) ~[spring-core-7.0.5.jar:7.0.5]
	at org.springframework.util.ReflectionUtils.doWithMethods(ReflectionUtils.java:360) ~[spring-core-7.0.5.jar:7.0.5]
	at org.springframework.util.ReflectionUtils.getUniqueDeclaredMethods(ReflectionUtils.java:417) ~[spring-core-7.0.5.jar:7.0.5]
	at org.springframework.beans.factory.support.AbstractAutowireCapableBeanFactory.lambda$getTypeForFactoryMethod$0(AbstractAutowireCapableBeanFactory.java:750) ~[spring-beans-7.0.5.jar:7.0.5]
	at java.base/java.util.concurrent.ConcurrentHashMap.computeIfAbsent(ConcurrentHashMap.java:1713) ~[na:na]
	at org.springframework.beans.factory.support.AbstractAutowireCapableBeanFactory.getTypeForFactoryMethod(AbstractAutowireCapableBeanFactory.java:749) ~[spring-beans-7.0.5.jar:7.0.5]
	at org.springframework.beans.factory.support.AbstractAutowireCapableBeanFactory.determineTargetType(AbstractAutowireCapableBeanFactory.java:683) ~[spring-beans-7.0.5.jar:7.0.5]
	at org.springframework.beans.factory.support.AbstractAutowireCapableBeanFactory.predictBeanType(AbstractAutowireCapableBeanFactory.java:655) ~[spring-beans-7.0.5.jar:7.0.5]
	at org.springframework.beans.factory.support.AbstractBeanFactory.isFactoryBean(AbstractBeanFactory.java:1699) ~[spring-beans-7.0.5.jar:7.0.5]
	at org.springframework.beans.factory.support.DefaultListableBeanFactory.doGetBeanNamesForType(DefaultListableBeanFactory.java:632) ~[spring-beans-7.0.5.jar:7.0.5]
	at org.springframework.beans.factory.support.DefaultListableBeanFactory.getBeanNamesForType(DefaultListableBeanFactory.java:604) ~[spring-beans-7.0.5.jar:7.0.5]
	at org.springframework.beans.factory.support.DefaultListableBeanFactory.getBeanNamesForType(DefaultListableBeanFactory.java:589) ~[spring-beans-7.0.5.jar:7.0.5]
	at org.springframework.boot.autoconfigure.condition.OnBeanCondition.collectBeanDefinitionsForType(OnBeanCondition.java:334) ~[spring-boot-autoconfigure-4.0.3.jar:4.0.3]
	at org.springframework.boot.autoconfigure.condition.OnBeanCondition.getBeanDefinitionsForType(OnBeanCondition.java:323) ~[spring-boot-autoconfigure-4.0.3.jar:4.0.3]
	at org.springframework.boot.autoconfigure.condition.OnBeanCondition.getMatchingBeans(OnBeanCondition.java:221) ~[spring-boot-autoconfigure-4.0.3.jar:4.0.3]
	at org.springframework.boot.autoconfigure.condition.OnBeanCondition.evaluateConditionalOnMissingBean(OnBeanCondition.java:204) ~[spring-boot-autoconfigure-4.0.3.jar:4.0.3]
	at org.springframework.boot.autoconfigure.condition.OnBeanCondition.getMatchOutcome(OnBeanCondition.java:149) ~[spring-boot-autoconfigure-4.0.3.jar:4.0.3]
	at org.springframework.boot.autoconfigure.condition.SpringBootCondition.matches(SpringBootCondition.java:47) ~[spring-boot-autoconfigure-4.0.3.jar:4.0.3]
	... 20 common frames omitted
Caused by: java.lang.NoClassDefFoundError: org/springframework/security/crypto/password/PasswordEncoder
	at java.base/java.lang.Class.getDeclaredMethods0(Native Method) ~[na:na]
	at java.base/java.lang.Class.privateGetDeclaredMethods(Class.java:3650) ~[na:na]
	at java.base/java.lang.Class.getDeclaredMethods(Class.java:2735) ~[na:na]
	at org.springframework.util.ReflectionUtils.getDeclaredMethods(ReflectionUtils.java:465) ~[spring-core-7.0.5.jar:7.0.5]
	... 37 common frames omitted
Caused by: java.lang.ClassNotFoundException: org.springframework.security.crypto.password.PasswordEncoder
	at java.base/jdk.internal.loader.BuiltinClassLoader.loadClass(BuiltinClassLoader.java:641) ~[na:na]
	at java.base/jdk.internal.loader.ClassLoaders$AppClassLoader.loadClass(ClassLoaders.java:188) ~[na:na]
	at java.base/java.lang.ClassLoader.loadClass(ClassLoader.java:528) ~[na:na]
	at java.base/java.lang.Class.forName0(Native Method) ~[na:na]
	at java.base/java.lang.Class.forName(Class.java:578) ~[na:na]
	at java.base/java.lang.Class.forName(Class.java:557) ~[na:na]
	at org.springframework.boot.devtools.restart.classloader.RestartClassLoader.loadClass(RestartClassLoader.java:123) ~[spring-boot-devtools-4.0.3.jar:4.0.3]
	at java.base/java.lang.ClassLoader.loadClass(ClassLoader.java:528) ~[na:na]
	... 41 common frames omitted

2026-03-17T16:03:53.828+05:30  INFO 13256 --- [subscriptionManagementBackend] [restartedMain] SubscriptionManagementBackendApplication : Starting SubscriptionManagementBackendApplication using Java 23.0.2 with PID 13256 (C:\GitHub\Pratiti Training\Mini Project\subscriptionManagementBackend\target\classes started by rohan in C:\GitHub\Pratiti Training\Mini Project\subscriptionManagementBackend)
2026-03-17T16:03:53.835+05:30 DEBUG 13256 --- [subscriptionManagementBackend] [restartedMain] SubscriptionManagementBackendApplication : Running with Spring Boot v4.0.3, Spring v7.0.5
2026-03-17T16:03:53.837+05:30  INFO 13256 --- [subscriptionManagementBackend] [restartedMain] SubscriptionManagementBackendApplication : No active profile set, falling back to 1 default profile: "default"
2026-03-17T16:03:53.966+05:30  INFO 13256 --- [subscriptionManagementBackend] [restartedMain] .e.DevToolsPropertyDefaultsPostProcessor : Devtools property defaults active! Set 'spring.devtools.add-properties' to 'false' to disable
2026-03-17T16:03:53.966+05:30  INFO 13256 --- [subscriptionManagementBackend] [restartedMain] .e.DevToolsPropertyDefaultsPostProcessor : For additional web related logging consider setting the 'logging.level.web' property to 'DEBUG'
2026-03-17T16:03:56.328+05:30  INFO 13256 --- [subscriptionManagementBackend] [restartedMain] .s.d.r.c.RepositoryConfigurationDelegate : Multiple Spring Data modules found, entering strict repository configuration mode
2026-03-17T16:03:56.334+05:30  INFO 13256 --- [subscriptionManagementBackend] [restartedMain] .s.d.r.c.RepositoryConfigurationDelegate : Bootstrapping Spring Data JPA repositories in DEFAULT mode.
2026-03-17T16:03:56.780+05:30  INFO 13256 --- [subscriptionManagementBackend] [restartedMain] .s.d.r.c.RepositoryConfigurationDelegate : Finished Spring Data repository scanning in 422 ms. Found 1 JPA repository interface.
2026-03-17T16:03:56.910+05:30  INFO 13256 --- [subscriptionManagementBackend] [restartedMain] .s.d.r.c.RepositoryConfigurationDelegate : Multiple Spring Data modules found, entering strict repository configuration mode
2026-03-17T16:03:56.914+05:30  INFO 13256 --- [subscriptionManagementBackend] [restartedMain] .s.d.r.c.RepositoryConfigurationDelegate : Bootstrapping Spring Data Redis repositories in DEFAULT mode.
2026-03-17T16:03:56.979+05:30  INFO 13256 --- [subscriptionManagementBackend] [restartedMain] .RepositoryConfigurationExtensionSupport : Spring Data Redis - Could not safely identify store assignment for repository candidate interface com.rohan.repository.UserRepository; If you want this repository to be a Redis repository, consider annotating your entities with one of these annotations: org.springframework.data.redis.core.RedisHash (preferred), or consider extending one of the following types with your repository: org.springframework.data.keyvalue.repository.KeyValueRepository
2026-03-17T16:03:56.980+05:30  INFO 13256 --- [subscriptionManagementBackend] [restartedMain] .s.d.r.c.RepositoryConfigurationDelegate : Finished Spring Data repository scanning in 19 ms. Found 0 Redis repository interfaces.
2026-03-17T16:03:58.656+05:30  INFO 13256 --- [subscriptionManagementBackend] [restartedMain] o.s.boot.tomcat.TomcatWebServer          : Tomcat initialized with port 1234 (http)
2026-03-17T16:03:58.700+05:30  INFO 13256 --- [subscriptionManagementBackend] [restartedMain] o.apache.catalina.core.StandardService   : Starting service [Tomcat]
2026-03-17T16:03:58.700+05:30  INFO 13256 --- [subscriptionManagementBackend] [restartedMain] o.apache.catalina.core.StandardEngine    : Starting Servlet engine: [Apache Tomcat/11.0.18]
2026-03-17T16:03:58.881+05:30  INFO 13256 --- [subscriptionManagementBackend] [restartedMain] b.w.c.s.WebApplicationContextInitializer : Root WebApplicationContext: initialization completed in 4913 ms
2026-03-17T16:03:59.597+05:30  INFO 13256 --- [subscriptionManagementBackend] [restartedMain] org.hibernate.orm.jpa                    : HHH008540: Processing PersistenceUnitInfo [name: default]
2026-03-17T16:03:59.762+05:30  INFO 13256 --- [subscriptionManagementBackend] [restartedMain] org.hibernate.orm.core                   : HHH000001: Hibernate ORM core version 7.2.4.Final
2026-03-17T16:04:00.940+05:30  INFO 13256 --- [subscriptionManagementBackend] [restartedMain] o.s.o.j.p.SpringPersistenceUnitInfo      : No LoadTimeWeaver setup: ignoring JPA class transformer
2026-03-17T16:04:01.021+05:30  INFO 13256 --- [subscriptionManagementBackend] [restartedMain] com.zaxxer.hikari.HikariDataSource       : HikariPool-1 - Starting...
2026-03-17T16:04:03.271+05:30  INFO 13256 --- [subscriptionManagementBackend] [restartedMain] com.zaxxer.hikari.pool.HikariPool        : HikariPool-1 - Added connection org.postgresql.jdbc.PgConnection@59e30060
2026-03-17T16:04:03.276+05:30  INFO 13256 --- [subscriptionManagementBackend] [restartedMain] com.zaxxer.hikari.HikariDataSource       : HikariPool-1 - Start completed.
2026-03-17T16:04:03.481+05:30  WARN 13256 --- [subscriptionManagementBackend] [restartedMain] org.hibernate.orm.deprecation            : HHH90000025: PostgreSQLDialect does not need to be specified explicitly using 'hibernate.dialect' (remove the property setting and it will be selected by default)
2026-03-17T16:04:03.880+05:30  INFO 13256 --- [subscriptionManagementBackend] [restartedMain] org.hibernate.orm.connections.pooling    : HHH10001005: Database info:
	Database JDBC URL [jdbc:postgresql://ep-morning-dawn-a1z18fkr-pooler.ap-southeast-1.aws.neon.tech:5432/neondb?sslmode=require&channel_binding=require]
	Database driver: PostgreSQL JDBC Driver
	Database dialect: PostgreSQLDialect
	Database version: 17.8
	Default catalog/schema: neondb/public
	Autocommit mode: undefined/unknown
	Isolation level: READ_COMMITTED [default READ_COMMITTED]
	JDBC fetch size: none
	Pool: DataSourceConnectionProvider
	Minimum pool size: undefined/unknown
	Maximum pool size: undefined/unknown
2026-03-17T16:04:05.751+05:30  INFO 13256 --- [subscriptionManagementBackend] [restartedMain] org.hibernate.orm.core                   : HHH000489: No JTA platform available (set 'hibernate.transaction.jta.platform' to enable JTA platform integration)
2026-03-17T16:04:06.256+05:30  INFO 13256 --- [subscriptionManagementBackend] [restartedMain] j.LocalContainerEntityManagerFactoryBean : Initialized JPA EntityManagerFactory for persistence unit 'default'
2026-03-17T16:04:06.467+05:30  INFO 13256 --- [subscriptionManagementBackend] [restartedMain] o.s.d.j.r.query.QueryEnhancerFactories   : Hibernate is in classpath; If applicable, HQL parser will be used.
2026-03-17T16:04:06.876+05:30  WARN 13256 --- [subscriptionManagementBackend] [restartedMain] ConfigServletWebServerApplicationContext : Exception encountered during context initialization - cancelling refresh attempt: org.springframework.beans.factory.UnsatisfiedDependencyException: Error creating bean with name 'authController' defined in file [C:\GitHub\Pratiti Training\Mini Project\subscriptionManagementBackend\target\classes\com\rohan\controller\AuthController.class]: Unsatisfied dependency expressed through constructor parameter 1: No qualifying bean of type 'com.rohan.service.OtpService' available: expected at least 1 bean which qualifies as autowire candidate. Dependency annotations: {}
2026-03-17T16:04:06.877+05:30  INFO 13256 --- [subscriptionManagementBackend] [restartedMain] j.LocalContainerEntityManagerFactoryBean : Closing JPA EntityManagerFactory for persistence unit 'default'
2026-03-17T16:04:06.883+05:30  INFO 13256 --- [subscriptionManagementBackend] [restartedMain] com.zaxxer.hikari.HikariDataSource       : HikariPool-1 - Shutdown initiated...
2026-03-17T16:04:07.440+05:30  INFO 13256 --- [subscriptionManagementBackend] [restartedMain] com.zaxxer.hikari.HikariDataSource       : HikariPool-1 - Shutdown completed.
2026-03-17T16:04:07.444+05:30  INFO 13256 --- [subscriptionManagementBackend] [restartedMain] o.apache.catalina.core.StandardService   : Stopping service [Tomcat]
2026-03-17T16:04:07.468+05:30  INFO 13256 --- [subscriptionManagementBackend] [restartedMain] .s.b.a.l.ConditionEvaluationReportLogger : 

Error starting ApplicationContext. To display the condition evaluation report re-run your application with 'debug' enabled.
2026-03-17T16:04:07.511+05:30 ERROR 13256 --- [subscriptionManagementBackend] [restartedMain] o.s.b.d.LoggingFailureAnalysisReporter   : 

***************************
APPLICATION FAILED TO START
***************************

Description:

Parameter 1 of constructor in com.rohan.controller.AuthController required a bean of type 'com.rohan.service.OtpService' that could not be found.


Action:

Consider defining a bean of type 'com.rohan.service.OtpService' in your configuration.

2026-03-17T16:05:45.807+05:30  INFO 10804 --- [subscriptionManagementBackend] [restartedMain] SubscriptionManagementBackendApplication : Starting SubscriptionManagementBackendApplication using Java 23.0.2 with PID 10804 (C:\GitHub\Pratiti Training\Mini Project\subscriptionManagementBackend\target\classes started by rohan in C:\GitHub\Pratiti Training\Mini Project\subscriptionManagementBackend)
2026-03-17T16:05:45.813+05:30 DEBUG 10804 --- [subscriptionManagementBackend] [restartedMain] SubscriptionManagementBackendApplication : Running with Spring Boot v4.0.3, Spring v7.0.5
2026-03-17T16:05:45.815+05:30  INFO 10804 --- [subscriptionManagementBackend] [restartedMain] SubscriptionManagementBackendApplication : No active profile set, falling back to 1 default profile: "default"
2026-03-17T16:05:45.942+05:30  INFO 10804 --- [subscriptionManagementBackend] [restartedMain] .e.DevToolsPropertyDefaultsPostProcessor : Devtools property defaults active! Set 'spring.devtools.add-properties' to 'false' to disable
2026-03-17T16:05:45.943+05:30  INFO 10804 --- [subscriptionManagementBackend] [restartedMain] .e.DevToolsPropertyDefaultsPostProcessor : For additional web related logging consider setting the 'logging.level.web' property to 'DEBUG'
2026-03-17T16:05:48.069+05:30  INFO 10804 --- [subscriptionManagementBackend] [restartedMain] .s.d.r.c.RepositoryConfigurationDelegate : Multiple Spring Data modules found, entering strict repository configuration mode
2026-03-17T16:05:48.073+05:30  INFO 10804 --- [subscriptionManagementBackend] [restartedMain] .s.d.r.c.RepositoryConfigurationDelegate : Bootstrapping Spring Data JPA repositories in DEFAULT mode.
2026-03-17T16:05:48.440+05:30  INFO 10804 --- [subscriptionManagementBackend] [restartedMain] .s.d.r.c.RepositoryConfigurationDelegate : Finished Spring Data repository scanning in 347 ms. Found 1 JPA repository interface.
2026-03-17T16:05:48.539+05:30  INFO 10804 --- [subscriptionManagementBackend] [restartedMain] .s.d.r.c.RepositoryConfigurationDelegate : Multiple Spring Data modules found, entering strict repository configuration mode
2026-03-17T16:05:48.542+05:30  INFO 10804 --- [subscriptionManagementBackend] [restartedMain] .s.d.r.c.RepositoryConfigurationDelegate : Bootstrapping Spring Data Redis repositories in DEFAULT mode.
2026-03-17T16:05:48.590+05:30  INFO 10804 --- [subscriptionManagementBackend] [restartedMain] .RepositoryConfigurationExtensionSupport : Spring Data Redis - Could not safely identify store assignment for repository candidate interface com.rohan.repository.UserRepository; If you want this repository to be a Redis repository, consider annotating your entities with one of these annotations: org.springframework.data.redis.core.RedisHash (preferred), or consider extending one of the following types with your repository: org.springframework.data.keyvalue.repository.KeyValueRepository
2026-03-17T16:05:48.591+05:30  INFO 10804 --- [subscriptionManagementBackend] [restartedMain] .s.d.r.c.RepositoryConfigurationDelegate : Finished Spring Data repository scanning in 21 ms. Found 0 Redis repository interfaces.
2026-03-17T16:05:49.845+05:30  INFO 10804 --- [subscriptionManagementBackend] [restartedMain] o.s.boot.tomcat.TomcatWebServer          : Tomcat initialized with port 1234 (http)
2026-03-17T16:05:49.874+05:30  INFO 10804 --- [subscriptionManagementBackend] [restartedMain] o.apache.catalina.core.StandardService   : Starting service [Tomcat]
2026-03-17T16:05:49.875+05:30  INFO 10804 --- [subscriptionManagementBackend] [restartedMain] o.apache.catalina.core.StandardEngine    : Starting Servlet engine: [Apache Tomcat/11.0.18]
2026-03-17T16:05:50.012+05:30  INFO 10804 --- [subscriptionManagementBackend] [restartedMain] b.w.c.s.WebApplicationContextInitializer : Root WebApplicationContext: initialization completed in 4066 ms
2026-03-17T16:05:50.537+05:30  INFO 10804 --- [subscriptionManagementBackend] [restartedMain] org.hibernate.orm.jpa                    : HHH008540: Processing PersistenceUnitInfo [name: default]
2026-03-17T16:05:50.711+05:30  INFO 10804 --- [subscriptionManagementBackend] [restartedMain] org.hibernate.orm.core                   : HHH000001: Hibernate ORM core version 7.2.4.Final
2026-03-17T16:05:51.927+05:30  INFO 10804 --- [subscriptionManagementBackend] [restartedMain] o.s.o.j.p.SpringPersistenceUnitInfo      : No LoadTimeWeaver setup: ignoring JPA class transformer
2026-03-17T16:05:52.014+05:30  INFO 10804 --- [subscriptionManagementBackend] [restartedMain] com.zaxxer.hikari.HikariDataSource       : HikariPool-1 - Starting...
2026-03-17T16:05:53.593+05:30  INFO 10804 --- [subscriptionManagementBackend] [restartedMain] com.zaxxer.hikari.pool.HikariPool        : HikariPool-1 - Added connection org.postgresql.jdbc.PgConnection@66041b2e
2026-03-17T16:05:53.596+05:30  INFO 10804 --- [subscriptionManagementBackend] [restartedMain] com.zaxxer.hikari.HikariDataSource       : HikariPool-1 - Start completed.
2026-03-17T16:05:53.744+05:30  WARN 10804 --- [subscriptionManagementBackend] [restartedMain] org.hibernate.orm.deprecation            : HHH90000025: PostgreSQLDialect does not need to be specified explicitly using 'hibernate.dialect' (remove the property setting and it will be selected by default)
2026-03-17T16:05:54.116+05:30  INFO 10804 --- [subscriptionManagementBackend] [restartedMain] org.hibernate.orm.connections.pooling    : HHH10001005: Database info:
	Database JDBC URL [jdbc:postgresql://ep-morning-dawn-a1z18fkr-pooler.ap-southeast-1.aws.neon.tech:5432/neondb?sslmode=require&channel_binding=require]
	Database driver: PostgreSQL JDBC Driver
	Database dialect: PostgreSQLDialect
	Database version: 17.8
	Default catalog/schema: neondb/public
	Autocommit mode: undefined/unknown
	Isolation level: READ_COMMITTED [default READ_COMMITTED]
	JDBC fetch size: none
	Pool: DataSourceConnectionProvider
	Minimum pool size: undefined/unknown
	Maximum pool size: undefined/unknown
2026-03-17T16:05:56.015+05:30  INFO 10804 --- [subscriptionManagementBackend] [restartedMain] org.hibernate.orm.core                   : HHH000489: No JTA platform available (set 'hibernate.transaction.jta.platform' to enable JTA platform integration)
2026-03-17T16:05:56.458+05:30  INFO 10804 --- [subscriptionManagementBackend] [restartedMain] j.LocalContainerEntityManagerFactoryBean : Initialized JPA EntityManagerFactory for persistence unit 'default'
2026-03-17T16:05:56.644+05:30  INFO 10804 --- [subscriptionManagementBackend] [restartedMain] o.s.d.j.r.query.QueryEnhancerFactories   : Hibernate is in classpath; If applicable, HQL parser will be used.
2026-03-17T16:05:58.075+05:30  WARN 10804 --- [subscriptionManagementBackend] [restartedMain] JpaBaseConfiguration$JpaWebConfiguration : spring.jpa.open-in-view is enabled by default. Therefore, database queries may be performed during view rendering. Explicitly configure spring.jpa.open-in-view to disable this warning
2026-03-17T16:05:58.154+05:30  INFO 10804 --- [subscriptionManagementBackend] [restartedMain] o.s.v.b.OptionalValidatorFactoryBean     : Failed to set up a Bean Validation provider: jakarta.validation.NoProviderFoundException: Unable to create a Configuration, because no Jakarta Validation provider could be found. Add a provider like Hibernate Validator (RI) to your classpath.
2026-03-17T16:05:59.378+05:30  INFO 10804 --- [subscriptionManagementBackend] [restartedMain] o.s.b.a.e.web.EndpointLinksResolver      : Exposing 1 endpoint beneath base path '/actuator'
2026-03-17T16:05:59.554+05:30  INFO 10804 --- [subscriptionManagementBackend] [restartedMain] o.s.boot.tomcat.TomcatWebServer          : Tomcat started on port 1234 (http) with context path '/'
2026-03-17T16:05:59.574+05:30  INFO 10804 --- [subscriptionManagementBackend] [restartedMain] SubscriptionManagementBackendApplication : Started SubscriptionManagementBackendApplication in 14.703 seconds (process running for 16.564)
2026-03-17T16:06:00.332+05:30  INFO 10804 --- [subscriptionManagementBackend] [RMI TCP Connection(10)-127.0.0.1] o.a.c.c.C.[Tomcat].[localhost].[/]       : Initializing Spring DispatcherServlet 'dispatcherServlet'
2026-03-17T16:06:00.333+05:30  INFO 10804 --- [subscriptionManagementBackend] [RMI TCP Connection(10)-127.0.0.1] o.s.web.servlet.DispatcherServlet        : Initializing Servlet 'dispatcherServlet'
2026-03-17T16:06:00.336+05:30  INFO 10804 --- [subscriptionManagementBackend] [RMI TCP Connection(10)-127.0.0.1] o.s.web.servlet.DispatcherServlet        : Completed initialization in 3 ms
2026-03-17T16:06:21.715+05:30  INFO 10804 --- [subscriptionManagementBackend] [http-nio-1234-exec-4] o.springdoc.api.AbstractOpenApiResource  : Init duration for springdoc-openapi is: 644 ms
2026-03-17T16:07:24.386+05:30  INFO 10804 --- [subscriptionManagementBackend] [http-nio-1234-exec-7] com.rohan.service.OtpServiceImpl         : OTP sent to null :824087
2026-03-17T16:07:24.492+05:30 ERROR 10804 --- [subscriptionManagementBackend] [http-nio-1234-exec-7] o.a.c.c.C.[.[.[/].[dispatcherServlet]    : Servlet.service() for servlet [dispatcherServlet] in context with path [] threw exception [Request processing failed: java.lang.IllegalArgumentException: To address must not be null] with root cause

java.lang.IllegalArgumentException: To address must not be null
	at org.springframework.util.Assert.notNull(Assert.java:182) ~[spring-core-7.0.5.jar:7.0.5]
	at org.springframework.mail.javamail.MimeMessageHelper.setTo(MimeMessageHelper.java:609) ~[spring-context-support-7.0.5.jar:7.0.5]
	at com.rohan.service.EmailService.sendOtp(EmailService.java:22) ~[classes/:na]
	at com.rohan.service.OtpServiceImpl.sendOtp(OtpServiceImpl.java:30) ~[classes/:na]
	at com.rohan.controller.AuthController.sendOtp(AuthController.java:44) ~[classes/:na]
	at java.base/jdk.internal.reflect.DirectMethodHandleAccessor.invoke(DirectMethodHandleAccessor.java:103) ~[na:na]
	at java.base/java.lang.reflect.Method.invoke(Method.java:580) ~[na:na]
	at org.springframework.web.method.support.InvocableHandlerMethod.doInvoke(InvocableHandlerMethod.java:252) ~[spring-web-7.0.5.jar:7.0.5]
	at org.springframework.web.method.support.InvocableHandlerMethod.invokeForRequest(InvocableHandlerMethod.java:184) ~[spring-web-7.0.5.jar:7.0.5]
	at org.springframework.web.servlet.mvc.method.annotation.ServletInvocableHandlerMethod.invokeAndHandle(ServletInvocableHandlerMethod.java:117) ~[spring-webmvc-7.0.5.jar:7.0.5]
	at org.springframework.web.servlet.mvc.method.annotation.RequestMappingHandlerAdapter.invokeHandlerMethod(RequestMappingHandlerAdapter.java:934) ~[spring-webmvc-7.0.5.jar:7.0.5]
	at org.springframework.web.servlet.mvc.method.annotation.RequestMappingHandlerAdapter.handleInternal(RequestMappingHandlerAdapter.java:853) ~[spring-webmvc-7.0.5.jar:7.0.5]
	at org.springframework.web.servlet.mvc.method.AbstractHandlerMethodAdapter.handle(AbstractHandlerMethodAdapter.java:86) ~[spring-webmvc-7.0.5.jar:7.0.5]
	at org.springframework.web.servlet.DispatcherServlet.doDispatch(DispatcherServlet.java:963) ~[spring-webmvc-7.0.5.jar:7.0.5]
	at org.springframework.web.servlet.DispatcherServlet.doService(DispatcherServlet.java:866) ~[spring-webmvc-7.0.5.jar:7.0.5]
	at org.springframework.web.servlet.FrameworkServlet.processRequest(FrameworkServlet.java:1000) ~[spring-webmvc-7.0.5.jar:7.0.5]
	at org.springframework.web.servlet.FrameworkServlet.doPost(FrameworkServlet.java:903) ~[spring-webmvc-7.0.5.jar:7.0.5]
	at jakarta.servlet.http.HttpServlet.service(HttpServlet.java:649) ~[tomcat-embed-core-11.0.18.jar:6.1]
	at org.springframework.web.servlet.FrameworkServlet.service(FrameworkServlet.java:874) ~[spring-webmvc-7.0.5.jar:7.0.5]
	at jakarta.servlet.http.HttpServlet.service(HttpServlet.java:710) ~[tomcat-embed-core-11.0.18.jar:6.1]
	at org.apache.catalina.core.ApplicationFilterChain.doFilter(ApplicationFilterChain.java:128) ~[tomcat-embed-core-11.0.18.jar:11.0.18]
	at org.apache.tomcat.websocket.server.WsFilter.doFilter(WsFilter.java:53) ~[tomcat-embed-websocket-11.0.18.jar:11.0.18]
	at org.apache.catalina.core.ApplicationFilterChain.doFilter(ApplicationFilterChain.java:107) ~[tomcat-embed-core-11.0.18.jar:11.0.18]
	at org.springframework.web.filter.RequestContextFilter.doFilterInternal(RequestContextFilter.java:100) ~[spring-web-7.0.5.jar:7.0.5]
	at org.springframework.web.filter.OncePerRequestFilter.doFilter(OncePerRequestFilter.java:116) ~[spring-web-7.0.5.jar:7.0.5]
	at org.apache.catalina.core.ApplicationFilterChain.doFilter(ApplicationFilterChain.java:107) ~[tomcat-embed-core-11.0.18.jar:11.0.18]
	at org.springframework.web.filter.FormContentFilter.doFilterInternal(FormContentFilter.java:93) ~[spring-web-7.0.5.jar:7.0.5]
	at org.springframework.web.filter.OncePerRequestFilter.doFilter(OncePerRequestFilter.java:116) ~[spring-web-7.0.5.jar:7.0.5]
	at org.apache.catalina.core.ApplicationFilterChain.doFilter(ApplicationFilterChain.java:107) ~[tomcat-embed-core-11.0.18.jar:11.0.18]
	at org.springframework.web.filter.ServerHttpObservationFilter.doFilterInternal(ServerHttpObservationFilter.java:110) ~[spring-web-7.0.5.jar:7.0.5]
	at org.springframework.web.filter.OncePerRequestFilter.doFilter(OncePerRequestFilter.java:116) ~[spring-web-7.0.5.jar:7.0.5]
	at org.apache.catalina.core.ApplicationFilterChain.doFilter(ApplicationFilterChain.java:107) ~[tomcat-embed-core-11.0.18.jar:11.0.18]
	at org.springframework.web.filter.CharacterEncodingFilter.doFilterInternal(CharacterEncodingFilter.java:199) ~[spring-web-7.0.5.jar:7.0.5]
	at org.springframework.web.filter.OncePerRequestFilter.doFilter(OncePerRequestFilter.java:116) ~[spring-web-7.0.5.jar:7.0.5]
	at org.apache.catalina.core.ApplicationFilterChain.doFilter(ApplicationFilterChain.java:107) ~[tomcat-embed-core-11.0.18.jar:11.0.18]
	at org.apache.catalina.core.StandardWrapperValve.invoke(StandardWrapperValve.java:165) ~[tomcat-embed-core-11.0.18.jar:11.0.18]
	at org.apache.catalina.core.StandardContextValve.invoke(StandardContextValve.java:77) ~[tomcat-embed-core-11.0.18.jar:11.0.18]
	at org.apache.catalina.authenticator.AuthenticatorBase.invoke(AuthenticatorBase.java:492) ~[tomcat-embed-core-11.0.18.jar:11.0.18]
	at org.apache.catalina.core.StandardHostValve.invoke(StandardHostValve.java:113) ~[tomcat-embed-core-11.0.18.jar:11.0.18]
	at org.apache.catalina.valves.ErrorReportValve.invoke(ErrorReportValve.java:83) ~[tomcat-embed-core-11.0.18.jar:11.0.18]
	at org.apache.catalina.core.StandardEngineValve.invoke(StandardEngineValve.java:72) ~[tomcat-embed-core-11.0.18.jar:11.0.18]
	at org.apache.catalina.connector.CoyoteAdapter.service(CoyoteAdapter.java:341) ~[tomcat-embed-core-11.0.18.jar:11.0.18]
	at org.apache.coyote.http11.Http11Processor.service(Http11Processor.java:397) ~[tomcat-embed-core-11.0.18.jar:11.0.18]
	at org.apache.coyote.AbstractProcessorLight.process(AbstractProcessorLight.java:63) ~[tomcat-embed-core-11.0.18.jar:11.0.18]
	at org.apache.coyote.AbstractProtocol$ConnectionHandler.process(AbstractProtocol.java:903) ~[tomcat-embed-core-11.0.18.jar:11.0.18]
	at org.apache.tomcat.util.net.NioEndpoint$SocketProcessor.doRun(NioEndpoint.java:1779) ~[tomcat-embed-core-11.0.18.jar:11.0.18]
	at org.apache.tomcat.util.net.SocketProcessorBase.run(SocketProcessorBase.java:52) ~[tomcat-embed-core-11.0.18.jar:11.0.18]
	at org.apache.tomcat.util.threads.ThreadPoolExecutor.runWorker(ThreadPoolExecutor.java:946) ~[tomcat-embed-core-11.0.18.jar:11.0.18]
	at org.apache.tomcat.util.threads.ThreadPoolExecutor$Worker.run(ThreadPoolExecutor.java:480) ~[tomcat-embed-core-11.0.18.jar:11.0.18]
	at org.apache.tomcat.util.threads.TaskThread$WrappingRunnable.run(TaskThread.java:57) ~[tomcat-embed-core-11.0.18.jar:11.0.18]
	at java.base/java.lang.Thread.run(Thread.java:1575) ~[na:na]

2026-03-17T16:09:57.161+05:30  INFO 10804 --- [subscriptionManagementBackend] [File Watcher] rtingClassPathChangeChangedEventListener : Restarting due to 1 class path change (0 additions, 0 deletions, 1 modification)
2026-03-17T16:09:57.172+05:30  INFO 10804 --- [subscriptionManagementBackend] [Thread-1] o.s.boot.tomcat.GracefulShutdown         : Commencing graceful shutdown. Waiting for active requests to complete
2026-03-17T16:09:57.186+05:30  INFO 10804 --- [subscriptionManagementBackend] [tomcat-shutdown] o.s.boot.tomcat.GracefulShutdown         : Graceful shutdown complete
2026-03-17T16:09:57.247+05:30  INFO 10804 --- [subscriptionManagementBackend] [Thread-1] j.LocalContainerEntityManagerFactoryBean : Closing JPA EntityManagerFactory for persistence unit 'default'
2026-03-17T16:09:57.257+05:30  INFO 10804 --- [subscriptionManagementBackend] [Thread-1] com.zaxxer.hikari.HikariDataSource       : HikariPool-1 - Shutdown initiated...
2026-03-17T16:09:58.074+05:30  INFO 10804 --- [subscriptionManagementBackend] [Thread-1] com.zaxxer.hikari.HikariDataSource       : HikariPool-1 - Shutdown completed.
2026-03-17T16:09:58.277+05:30  INFO 10804 --- [subscriptionManagementBackend] [restartedMain] SubscriptionManagementBackendApplication : Starting SubscriptionManagementBackendApplication using Java 23.0.2 with PID 10804 (C:\GitHub\Pratiti Training\Mini Project\subscriptionManagementBackend\target\classes started by rohan in C:\GitHub\Pratiti Training\Mini Project\subscriptionManagementBackend)
2026-03-17T16:09:58.278+05:30 DEBUG 10804 --- [subscriptionManagementBackend] [restartedMain] SubscriptionManagementBackendApplication : Running with Spring Boot v4.0.3, Spring v7.0.5
2026-03-17T16:09:58.278+05:30  INFO 10804 --- [subscriptionManagementBackend] [restartedMain] SubscriptionManagementBackendApplication : No active profile set, falling back to 1 default profile: "default"
2026-03-17T16:09:58.871+05:30  INFO 10804 --- [subscriptionManagementBackend] [restartedMain] .s.d.r.c.RepositoryConfigurationDelegate : Multiple Spring Data modules found, entering strict repository configuration mode
2026-03-17T16:09:58.872+05:30  INFO 10804 --- [subscriptionManagementBackend] [restartedMain] .s.d.r.c.RepositoryConfigurationDelegate : Bootstrapping Spring Data JPA repositories in DEFAULT mode.
2026-03-17T16:09:58.911+05:30  INFO 10804 --- [subscriptionManagementBackend] [restartedMain] .s.d.r.c.RepositoryConfigurationDelegate : Finished Spring Data repository scanning in 25 ms. Found 1 JPA repository interface.
2026-03-17T16:09:58.928+05:30  INFO 10804 --- [subscriptionManagementBackend] [restartedMain] .s.d.r.c.RepositoryConfigurationDelegate : Multiple Spring Data modules found, entering strict repository configuration mode
2026-03-17T16:09:58.928+05:30  INFO 10804 --- [subscriptionManagementBackend] [restartedMain] .s.d.r.c.RepositoryConfigurationDelegate : Bootstrapping Spring Data Redis repositories in DEFAULT mode.
2026-03-17T16:09:58.936+05:30  INFO 10804 --- [subscriptionManagementBackend] [restartedMain] .RepositoryConfigurationExtensionSupport : Spring Data Redis - Could not safely identify store assignment for repository candidate interface com.rohan.repository.UserRepository; If you want this repository to be a Redis repository, consider annotating your entities with one of these annotations: org.springframework.data.redis.core.RedisHash (preferred), or consider extending one of the following types with your repository: org.springframework.data.keyvalue.repository.KeyValueRepository
2026-03-17T16:09:58.936+05:30  INFO 10804 --- [subscriptionManagementBackend] [restartedMain] .s.d.r.c.RepositoryConfigurationDelegate : Finished Spring Data repository scanning in 5 ms. Found 0 Redis repository interfaces.
2026-03-17T16:09:59.208+05:30  INFO 10804 --- [subscriptionManagementBackend] [restartedMain] o.s.boot.tomcat.TomcatWebServer          : Tomcat initialized with port 1234 (http)
2026-03-17T16:09:59.213+05:30  INFO 10804 --- [subscriptionManagementBackend] [restartedMain] o.apache.catalina.core.StandardService   : Starting service [Tomcat]
2026-03-17T16:09:59.213+05:30  INFO 10804 --- [subscriptionManagementBackend] [restartedMain] o.apache.catalina.core.StandardEngine    : Starting Servlet engine: [Apache Tomcat/11.0.18]
2026-03-17T16:09:59.286+05:30  INFO 10804 --- [subscriptionManagementBackend] [restartedMain] b.w.c.s.WebApplicationContextInitializer : Root WebApplicationContext: initialization completed in 1004 ms
2026-03-17T16:09:59.409+05:30  INFO 10804 --- [subscriptionManagementBackend] [restartedMain] org.hibernate.orm.jpa                    : HHH008540: Processing PersistenceUnitInfo [name: default]
2026-03-17T16:09:59.515+05:30  INFO 10804 --- [subscriptionManagementBackend] [restartedMain] o.s.o.j.p.SpringPersistenceUnitInfo      : No LoadTimeWeaver setup: ignoring JPA class transformer
2026-03-17T16:09:59.518+05:30  INFO 10804 --- [subscriptionManagementBackend] [restartedMain] com.zaxxer.hikari.HikariDataSource       : HikariPool-2 - Starting...
2026-03-17T16:10:00.351+05:30  INFO 10804 --- [subscriptionManagementBackend] [restartedMain] com.zaxxer.hikari.pool.HikariPool        : HikariPool-2 - Added connection org.postgresql.jdbc.PgConnection@71cd2d65
2026-03-17T16:10:00.352+05:30  INFO 10804 --- [subscriptionManagementBackend] [restartedMain] com.zaxxer.hikari.HikariDataSource       : HikariPool-2 - Start completed.
2026-03-17T16:10:00.423+05:30  WARN 10804 --- [subscriptionManagementBackend] [restartedMain] org.hibernate.orm.deprecation            : HHH90000025: PostgreSQLDialect does not need to be specified explicitly using 'hibernate.dialect' (remove the property setting and it will be selected by default)
2026-03-17T16:10:00.687+05:30  INFO 10804 --- [subscriptionManagementBackend] [restartedMain] org.hibernate.orm.connections.pooling    : HHH10001005: Database info:
	Database JDBC URL [jdbc:postgresql://ep-morning-dawn-a1z18fkr-pooler.ap-southeast-1.aws.neon.tech:5432/neondb?sslmode=require&channel_binding=require]
	Database driver: PostgreSQL JDBC Driver
	Database dialect: PostgreSQLDialect
	Database version: 17.8
	Default catalog/schema: neondb/public
	Autocommit mode: undefined/unknown
	Isolation level: READ_COMMITTED [default READ_COMMITTED]
	JDBC fetch size: none
	Pool: DataSourceConnectionProvider
	Minimum pool size: undefined/unknown
	Maximum pool size: undefined/unknown
2026-03-17T16:10:00.846+05:30  INFO 10804 --- [subscriptionManagementBackend] [restartedMain] org.hibernate.orm.core                   : HHH000489: No JTA platform available (set 'hibernate.transaction.jta.platform' to enable JTA platform integration)
2026-03-17T16:10:01.058+05:30  INFO 10804 --- [subscriptionManagementBackend] [restartedMain] j.LocalContainerEntityManagerFactoryBean : Initialized JPA EntityManagerFactory for persistence unit 'default'
2026-03-17T16:10:01.279+05:30  WARN 10804 --- [subscriptionManagementBackend] [restartedMain] JpaBaseConfiguration$JpaWebConfiguration : spring.jpa.open-in-view is enabled by default. Therefore, database queries may be performed during view rendering. Explicitly configure spring.jpa.open-in-view to disable this warning
2026-03-17T16:10:01.314+05:30  INFO 10804 --- [subscriptionManagementBackend] [restartedMain] o.s.v.b.OptionalValidatorFactoryBean     : Failed to set up a Bean Validation provider: jakarta.validation.NoProviderFoundException: Unable to create a Configuration, because no Jakarta Validation provider could be found. Add a provider like Hibernate Validator (RI) to your classpath.
2026-03-17T16:10:01.716+05:30  INFO 10804 --- [subscriptionManagementBackend] [restartedMain] o.s.b.a.e.web.EndpointLinksResolver      : Exposing 1 endpoint beneath base path '/actuator'
2026-03-17T16:10:01.757+05:30  INFO 10804 --- [subscriptionManagementBackend] [restartedMain] o.s.boot.tomcat.TomcatWebServer          : Tomcat started on port 1234 (http) with context path '/'
2026-03-17T16:10:01.766+05:30  INFO 10804 --- [subscriptionManagementBackend] [restartedMain] SubscriptionManagementBackendApplication : Started SubscriptionManagementBackendApplication in 3.547 seconds (process running for 258.755)
2026-03-17T16:10:01.771+05:30  INFO 10804 --- [subscriptionManagementBackend] [restartedMain] .ConditionEvaluationDeltaLoggingListener : Condition evaluation unchanged
2026-03-17T16:10:13.290+05:30  INFO 10804 --- [subscriptionManagementBackend] [http-nio-1234-exec-1] o.a.c.c.C.[Tomcat].[localhost].[/]       : Initializing Spring DispatcherServlet 'dispatcherServlet'
2026-03-17T16:10:13.291+05:30  INFO 10804 --- [subscriptionManagementBackend] [http-nio-1234-exec-1] o.s.web.servlet.DispatcherServlet        : Initializing Servlet 'dispatcherServlet'
2026-03-17T16:10:13.296+05:30  INFO 10804 --- [subscriptionManagementBackend] [http-nio-1234-exec-1] o.s.web.servlet.DispatcherServlet        : Completed initialization in 5 ms
2026-03-17T16:10:13.384+05:30  INFO 10804 --- [subscriptionManagementBackend] [http-nio-1234-exec-1] com.rohan.service.OtpServiceImpl         : OTP sent to null :743021
2026-03-17T16:10:13.401+05:30 ERROR 10804 --- [subscriptionManagementBackend] [http-nio-1234-exec-1] o.a.c.c.C.[.[.[/].[dispatcherServlet]    : Servlet.service() for servlet [dispatcherServlet] in context with path [] threw exception [Request processing failed: java.lang.IllegalArgumentException: To address must not be null] with root cause

java.lang.IllegalArgumentException: To address must not be null
	at org.springframework.util.Assert.notNull(Assert.java:182) ~[spring-core-7.0.5.jar:7.0.5]
	at org.springframework.mail.javamail.MimeMessageHelper.setTo(MimeMessageHelper.java:609) ~[spring-context-support-7.0.5.jar:7.0.5]
	at com.rohan.service.EmailService.sendOtp(EmailService.java:22) ~[classes/:na]
	at com.rohan.service.OtpServiceImpl.sendOtp(OtpServiceImpl.java:30) ~[classes/:na]
	at com.rohan.controller.AuthController.sendOtp(AuthController.java:44) ~[classes/:na]
	at java.base/jdk.internal.reflect.DirectMethodHandleAccessor.invoke(DirectMethodHandleAccessor.java:103) ~[na:na]
	at java.base/java.lang.reflect.Method.invoke(Method.java:580) ~[na:na]
	at org.springframework.web.method.support.InvocableHandlerMethod.doInvoke(InvocableHandlerMethod.java:252) ~[spring-web-7.0.5.jar:7.0.5]
	at org.springframework.web.method.support.InvocableHandlerMethod.invokeForRequest(InvocableHandlerMethod.java:184) ~[spring-web-7.0.5.jar:7.0.5]
	at org.springframework.web.servlet.mvc.method.annotation.ServletInvocableHandlerMethod.invokeAndHandle(ServletInvocableHandlerMethod.java:117) ~[spring-webmvc-7.0.5.jar:7.0.5]
	at org.springframework.web.servlet.mvc.method.annotation.RequestMappingHandlerAdapter.invokeHandlerMethod(RequestMappingHandlerAdapter.java:934) ~[spring-webmvc-7.0.5.jar:7.0.5]
	at org.springframework.web.servlet.mvc.method.annotation.RequestMappingHandlerAdapter.handleInternal(RequestMappingHandlerAdapter.java:853) ~[spring-webmvc-7.0.5.jar:7.0.5]
	at org.springframework.web.servlet.mvc.method.AbstractHandlerMethodAdapter.handle(AbstractHandlerMethodAdapter.java:86) ~[spring-webmvc-7.0.5.jar:7.0.5]
	at org.springframework.web.servlet.DispatcherServlet.doDispatch(DispatcherServlet.java:963) ~[spring-webmvc-7.0.5.jar:7.0.5]
	at org.springframework.web.servlet.DispatcherServlet.doService(DispatcherServlet.java:866) ~[spring-webmvc-7.0.5.jar:7.0.5]
	at org.springframework.web.servlet.FrameworkServlet.processRequest(FrameworkServlet.java:1000) ~[spring-webmvc-7.0.5.jar:7.0.5]
	at org.springframework.web.servlet.FrameworkServlet.doPost(FrameworkServlet.java:903) ~[spring-webmvc-7.0.5.jar:7.0.5]
	at jakarta.servlet.http.HttpServlet.service(HttpServlet.java:649) ~[tomcat-embed-core-11.0.18.jar:6.1]
	at org.springframework.web.servlet.FrameworkServlet.service(FrameworkServlet.java:874) ~[spring-webmvc-7.0.5.jar:7.0.5]
	at jakarta.servlet.http.HttpServlet.service(HttpServlet.java:710) ~[tomcat-embed-core-11.0.18.jar:6.1]
	at org.apache.catalina.core.ApplicationFilterChain.doFilter(ApplicationFilterChain.java:128) ~[tomcat-embed-core-11.0.18.jar:11.0.18]
	at org.apache.tomcat.websocket.server.WsFilter.doFilter(WsFilter.java:53) ~[tomcat-embed-websocket-11.0.18.jar:11.0.18]
	at org.apache.catalina.core.ApplicationFilterChain.doFilter(ApplicationFilterChain.java:107) ~[tomcat-embed-core-11.0.18.jar:11.0.18]
	at org.springframework.web.filter.RequestContextFilter.doFilterInternal(RequestContextFilter.java:100) ~[spring-web-7.0.5.jar:7.0.5]
	at org.springframework.web.filter.OncePerRequestFilter.doFilter(OncePerRequestFilter.java:116) ~[spring-web-7.0.5.jar:7.0.5]
	at org.apache.catalina.core.ApplicationFilterChain.doFilter(ApplicationFilterChain.java:107) ~[tomcat-embed-core-11.0.18.jar:11.0.18]
	at org.springframework.web.filter.FormContentFilter.doFilterInternal(FormContentFilter.java:93) ~[spring-web-7.0.5.jar:7.0.5]
	at org.springframework.web.filter.OncePerRequestFilter.doFilter(OncePerRequestFilter.java:116) ~[spring-web-7.0.5.jar:7.0.5]
	at org.apache.catalina.core.ApplicationFilterChain.doFilter(ApplicationFilterChain.java:107) ~[tomcat-embed-core-11.0.18.jar:11.0.18]
	at org.springframework.web.filter.ServerHttpObservationFilter.doFilterInternal(ServerHttpObservationFilter.java:110) ~[spring-web-7.0.5.jar:7.0.5]
	at org.springframework.web.filter.OncePerRequestFilter.doFilter(OncePerRequestFilter.java:116) ~[spring-web-7.0.5.jar:7.0.5]
	at org.apache.catalina.core.ApplicationFilterChain.doFilter(ApplicationFilterChain.java:107) ~[tomcat-embed-core-11.0.18.jar:11.0.18]
	at org.springframework.web.filter.CharacterEncodingFilter.doFilterInternal(CharacterEncodingFilter.java:199) ~[spring-web-7.0.5.jar:7.0.5]
	at org.springframework.web.filter.OncePerRequestFilter.doFilter(OncePerRequestFilter.java:116) ~[spring-web-7.0.5.jar:7.0.5]
	at org.apache.catalina.core.ApplicationFilterChain.doFilter(ApplicationFilterChain.java:107) ~[tomcat-embed-core-11.0.18.jar:11.0.18]
	at org.apache.catalina.core.StandardWrapperValve.invoke(StandardWrapperValve.java:165) ~[tomcat-embed-core-11.0.18.jar:11.0.18]
	at org.apache.catalina.core.StandardContextValve.invoke(StandardContextValve.java:77) ~[tomcat-embed-core-11.0.18.jar:11.0.18]
	at org.apache.catalina.authenticator.AuthenticatorBase.invoke(AuthenticatorBase.java:492) ~[tomcat-embed-core-11.0.18.jar:11.0.18]
	at org.apache.catalina.core.StandardHostValve.invoke(StandardHostValve.java:113) ~[tomcat-embed-core-11.0.18.jar:11.0.18]
	at org.apache.catalina.valves.ErrorReportValve.invoke(ErrorReportValve.java:83) ~[tomcat-embed-core-11.0.18.jar:11.0.18]
	at org.apache.catalina.core.StandardEngineValve.invoke(StandardEngineValve.java:72) ~[tomcat-embed-core-11.0.18.jar:11.0.18]
	at org.apache.catalina.connector.CoyoteAdapter.service(CoyoteAdapter.java:341) ~[tomcat-embed-core-11.0.18.jar:11.0.18]
	at org.apache.coyote.http11.Http11Processor.service(Http11Processor.java:397) ~[tomcat-embed-core-11.0.18.jar:11.0.18]
	at org.apache.coyote.AbstractProcessorLight.process(AbstractProcessorLight.java:63) ~[tomcat-embed-core-11.0.18.jar:11.0.18]
	at org.apache.coyote.AbstractProtocol$ConnectionHandler.process(AbstractProtocol.java:903) ~[tomcat-embed-core-11.0.18.jar:11.0.18]
	at org.apache.tomcat.util.net.NioEndpoint$SocketProcessor.doRun(NioEndpoint.java:1779) ~[tomcat-embed-core-11.0.18.jar:11.0.18]
	at org.apache.tomcat.util.net.SocketProcessorBase.run(SocketProcessorBase.java:52) ~[tomcat-embed-core-11.0.18.jar:11.0.18]
	at org.apache.tomcat.util.threads.ThreadPoolExecutor.runWorker(ThreadPoolExecutor.java:946) ~[tomcat-embed-core-11.0.18.jar:11.0.18]
	at org.apache.tomcat.util.threads.ThreadPoolExecutor$Worker.run(ThreadPoolExecutor.java:480) ~[tomcat-embed-core-11.0.18.jar:11.0.18]
	at org.apache.tomcat.util.threads.TaskThread$WrappingRunnable.run(TaskThread.java:57) ~[tomcat-embed-core-11.0.18.jar:11.0.18]
	at java.base/java.lang.Thread.run(Thread.java:1575) ~[na:na]

2026-03-17T16:11:33.874+05:30  INFO 10804 --- [subscriptionManagementBackend] [File Watcher] rtingClassPathChangeChangedEventListener : Restarting due to 1 class path change (0 additions, 0 deletions, 1 modification)
2026-03-17T16:11:33.877+05:30  INFO 10804 --- [subscriptionManagementBackend] [Thread-6] o.s.boot.tomcat.GracefulShutdown         : Commencing graceful shutdown. Waiting for active requests to complete
2026-03-17T16:11:33.894+05:30  INFO 10804 --- [subscriptionManagementBackend] [tomcat-shutdown] o.s.boot.tomcat.GracefulShutdown         : Graceful shutdown complete
2026-03-17T16:11:33.911+05:30  INFO 10804 --- [subscriptionManagementBackend] [Thread-6] j.LocalContainerEntityManagerFactoryBean : Closing JPA EntityManagerFactory for persistence unit 'default'
2026-03-17T16:11:33.913+05:30  INFO 10804 --- [subscriptionManagementBackend] [Thread-6] com.zaxxer.hikari.HikariDataSource       : HikariPool-2 - Shutdown initiated...
2026-03-17T16:11:34.561+05:30  INFO 10804 --- [subscriptionManagementBackend] [Thread-6] com.zaxxer.hikari.HikariDataSource       : HikariPool-2 - Shutdown completed.
2026-03-17T16:11:34.755+05:30  INFO 10804 --- [subscriptionManagementBackend] [restartedMain] SubscriptionManagementBackendApplication : Starting SubscriptionManagementBackendApplication using Java 23.0.2 with PID 10804 (C:\GitHub\Pratiti Training\Mini Project\subscriptionManagementBackend\target\classes started by rohan in C:\GitHub\Pratiti Training\Mini Project\subscriptionManagementBackend)
2026-03-17T16:11:34.756+05:30 DEBUG 10804 --- [subscriptionManagementBackend] [restartedMain] SubscriptionManagementBackendApplication : Running with Spring Boot v4.0.3, Spring v7.0.5
2026-03-17T16:11:34.756+05:30  INFO 10804 --- [subscriptionManagementBackend] [restartedMain] SubscriptionManagementBackendApplication : No active profile set, falling back to 1 default profile: "default"
2026-03-17T16:11:35.317+05:30  INFO 10804 --- [subscriptionManagementBackend] [restartedMain] .s.d.r.c.RepositoryConfigurationDelegate : Multiple Spring Data modules found, entering strict repository configuration mode
2026-03-17T16:11:35.318+05:30  INFO 10804 --- [subscriptionManagementBackend] [restartedMain] .s.d.r.c.RepositoryConfigurationDelegate : Bootstrapping Spring Data JPA repositories in DEFAULT mode.
2026-03-17T16:11:35.342+05:30  INFO 10804 --- [subscriptionManagementBackend] [restartedMain] .s.d.r.c.RepositoryConfigurationDelegate : Finished Spring Data repository scanning in 21 ms. Found 1 JPA repository interface.
2026-03-17T16:11:35.362+05:30  INFO 10804 --- [subscriptionManagementBackend] [restartedMain] .s.d.r.c.RepositoryConfigurationDelegate : Multiple Spring Data modules found, entering strict repository configuration mode
2026-03-17T16:11:35.362+05:30  INFO 10804 --- [subscriptionManagementBackend] [restartedMain] .s.d.r.c.RepositoryConfigurationDelegate : Bootstrapping Spring Data Redis repositories in DEFAULT mode.
2026-03-17T16:11:35.373+05:30  INFO 10804 --- [subscriptionManagementBackend] [restartedMain] .RepositoryConfigurationExtensionSupport : Spring Data Redis - Could not safely identify store assignment for repository candidate interface com.rohan.repository.UserRepository; If you want this repository to be a Redis repository, consider annotating your entities with one of these annotations: org.springframework.data.redis.core.RedisHash (preferred), or consider extending one of the following types with your repository: org.springframework.data.keyvalue.repository.KeyValueRepository
2026-03-17T16:11:35.373+05:30  INFO 10804 --- [subscriptionManagementBackend] [restartedMain] .s.d.r.c.RepositoryConfigurationDelegate : Finished Spring Data repository scanning in 6 ms. Found 0 Redis repository interfaces.
2026-03-17T16:11:35.618+05:30  INFO 10804 --- [subscriptionManagementBackend] [restartedMain] o.s.boot.tomcat.TomcatWebServer          : Tomcat initialized with port 1234 (http)
2026-03-17T16:11:35.621+05:30  INFO 10804 --- [subscriptionManagementBackend] [restartedMain] o.apache.catalina.core.StandardService   : Starting service [Tomcat]
2026-03-17T16:11:35.621+05:30  INFO 10804 --- [subscriptionManagementBackend] [restartedMain] o.apache.catalina.core.StandardEngine    : Starting Servlet engine: [Apache Tomcat/11.0.18]
2026-03-17T16:11:35.687+05:30  INFO 10804 --- [subscriptionManagementBackend] [restartedMain] b.w.c.s.WebApplicationContextInitializer : Root WebApplicationContext: initialization completed in 925 ms
2026-03-17T16:11:35.797+05:30  INFO 10804 --- [subscriptionManagementBackend] [restartedMain] org.hibernate.orm.jpa                    : HHH008540: Processing PersistenceUnitInfo [name: default]
2026-03-17T16:11:35.901+05:30  INFO 10804 --- [subscriptionManagementBackend] [restartedMain] o.s.o.j.p.SpringPersistenceUnitInfo      : No LoadTimeWeaver setup: ignoring JPA class transformer
2026-03-17T16:11:35.905+05:30  INFO 10804 --- [subscriptionManagementBackend] [restartedMain] com.zaxxer.hikari.HikariDataSource       : HikariPool-3 - Starting...
2026-03-17T16:11:36.543+05:30  INFO 10804 --- [subscriptionManagementBackend] [restartedMain] com.zaxxer.hikari.pool.HikariPool        : HikariPool-3 - Added connection org.postgresql.jdbc.PgConnection@1505e8e2
2026-03-17T16:11:36.543+05:30  INFO 10804 --- [subscriptionManagementBackend] [restartedMain] com.zaxxer.hikari.HikariDataSource       : HikariPool-3 - Start completed.
2026-03-17T16:11:36.609+05:30  WARN 10804 --- [subscriptionManagementBackend] [restartedMain] org.hibernate.orm.deprecation            : HHH90000025: PostgreSQLDialect does not need to be specified explicitly using 'hibernate.dialect' (remove the property setting and it will be selected by default)
2026-03-17T16:11:36.870+05:30  INFO 10804 --- [subscriptionManagementBackend] [restartedMain] org.hibernate.orm.connections.pooling    : HHH10001005: Database info:
	Database JDBC URL [jdbc:postgresql://ep-morning-dawn-a1z18fkr-pooler.ap-southeast-1.aws.neon.tech:5432/neondb?sslmode=require&channel_binding=require]
	Database driver: PostgreSQL JDBC Driver
	Database dialect: PostgreSQLDialect
	Database version: 17.8
	Default catalog/schema: neondb/public
	Autocommit mode: undefined/unknown
	Isolation level: READ_COMMITTED [default READ_COMMITTED]
	JDBC fetch size: none
	Pool: DataSourceConnectionProvider
	Minimum pool size: undefined/unknown
	Maximum pool size: undefined/unknown
2026-03-17T16:11:36.963+05:30  INFO 10804 --- [subscriptionManagementBackend] [restartedMain] org.hibernate.orm.core                   : HHH000489: No JTA platform available (set 'hibernate.transaction.jta.platform' to enable JTA platform integration)
2026-03-17T16:11:37.166+05:30  INFO 10804 --- [subscriptionManagementBackend] [restartedMain] j.LocalContainerEntityManagerFactoryBean : Initialized JPA EntityManagerFactory for persistence unit 'default'
2026-03-17T16:11:37.343+05:30  WARN 10804 --- [subscriptionManagementBackend] [restartedMain] JpaBaseConfiguration$JpaWebConfiguration : spring.jpa.open-in-view is enabled by default. Therefore, database queries may be performed during view rendering. Explicitly configure spring.jpa.open-in-view to disable this warning
2026-03-17T16:11:37.372+05:30  INFO 10804 --- [subscriptionManagementBackend] [restartedMain] o.s.v.b.OptionalValidatorFactoryBean     : Failed to set up a Bean Validation provider: jakarta.validation.NoProviderFoundException: Unable to create a Configuration, because no Jakarta Validation provider could be found. Add a provider like Hibernate Validator (RI) to your classpath.
2026-03-17T16:11:37.733+05:30  INFO 10804 --- [subscriptionManagementBackend] [restartedMain] o.s.b.a.e.web.EndpointLinksResolver      : Exposing 1 endpoint beneath base path '/actuator'
2026-03-17T16:11:37.773+05:30  INFO 10804 --- [subscriptionManagementBackend] [restartedMain] o.s.boot.tomcat.TomcatWebServer          : Tomcat started on port 1234 (http) with context path '/'
2026-03-17T16:11:37.779+05:30  INFO 10804 --- [subscriptionManagementBackend] [restartedMain] SubscriptionManagementBackendApplication : Started SubscriptionManagementBackendApplication in 3.082 seconds (process running for 354.769)
2026-03-17T16:11:37.783+05:30  INFO 10804 --- [subscriptionManagementBackend] [restartedMain] .ConditionEvaluationDeltaLoggingListener : Condition evaluation unchanged
2026-03-17T16:11:46.984+05:30  INFO 10804 --- [subscriptionManagementBackend] [http-nio-1234-exec-1] o.a.c.c.C.[Tomcat].[localhost].[/]       : Initializing Spring DispatcherServlet 'dispatcherServlet'
2026-03-17T16:11:46.991+05:30  INFO 10804 --- [subscriptionManagementBackend] [http-nio-1234-exec-1] o.s.web.servlet.DispatcherServlet        : Initializing Servlet 'dispatcherServlet'
2026-03-17T16:11:47.018+05:30  INFO 10804 --- [subscriptionManagementBackend] [http-nio-1234-exec-1] o.s.web.servlet.DispatcherServlet        : Completed initialization in 27 ms
2026-03-17T16:11:47.039+05:30  INFO 10804 --- [subscriptionManagementBackend] [http-nio-1234-exec-1] com.rohan.controller.AuthController      : Email in Controller:null
2026-03-17T16:11:47.127+05:30  INFO 10804 --- [subscriptionManagementBackend] [http-nio-1234-exec-1] com.rohan.service.OtpServiceImpl         : OTP sent to null :488433
2026-03-17T16:11:47.144+05:30 ERROR 10804 --- [subscriptionManagementBackend] [http-nio-1234-exec-1] o.a.c.c.C.[.[.[/].[dispatcherServlet]    : Servlet.service() for servlet [dispatcherServlet] in context with path [] threw exception [Request processing failed: java.lang.IllegalArgumentException: To address must not be null] with root cause

java.lang.IllegalArgumentException: To address must not be null
	at org.springframework.util.Assert.notNull(Assert.java:182) ~[spring-core-7.0.5.jar:7.0.5]
	at org.springframework.mail.javamail.MimeMessageHelper.setTo(MimeMessageHelper.java:609) ~[spring-context-support-7.0.5.jar:7.0.5]
	at com.rohan.service.EmailService.sendOtp(EmailService.java:22) ~[classes/:na]
	at com.rohan.service.OtpServiceImpl.sendOtp(OtpServiceImpl.java:30) ~[classes/:na]
	at com.rohan.controller.AuthController.sendOtp(AuthController.java:45) ~[classes/:na]
	at java.base/jdk.internal.reflect.DirectMethodHandleAccessor.invoke(DirectMethodHandleAccessor.java:103) ~[na:na]
	at java.base/java.lang.reflect.Method.invoke(Method.java:580) ~[na:na]
	at org.springframework.web.method.support.InvocableHandlerMethod.doInvoke(InvocableHandlerMethod.java:252) ~[spring-web-7.0.5.jar:7.0.5]
	at org.springframework.web.method.support.InvocableHandlerMethod.invokeForRequest(InvocableHandlerMethod.java:184) ~[spring-web-7.0.5.jar:7.0.5]
	at org.springframework.web.servlet.mvc.method.annotation.ServletInvocableHandlerMethod.invokeAndHandle(ServletInvocableHandlerMethod.java:117) ~[spring-webmvc-7.0.5.jar:7.0.5]
	at org.springframework.web.servlet.mvc.method.annotation.RequestMappingHandlerAdapter.invokeHandlerMethod(RequestMappingHandlerAdapter.java:934) ~[spring-webmvc-7.0.5.jar:7.0.5]
	at org.springframework.web.servlet.mvc.method.annotation.RequestMappingHandlerAdapter.handleInternal(RequestMappingHandlerAdapter.java:853) ~[spring-webmvc-7.0.5.jar:7.0.5]
	at org.springframework.web.servlet.mvc.method.AbstractHandlerMethodAdapter.handle(AbstractHandlerMethodAdapter.java:86) ~[spring-webmvc-7.0.5.jar:7.0.5]
	at org.springframework.web.servlet.DispatcherServlet.doDispatch(DispatcherServlet.java:963) ~[spring-webmvc-7.0.5.jar:7.0.5]
	at org.springframework.web.servlet.DispatcherServlet.doService(DispatcherServlet.java:866) ~[spring-webmvc-7.0.5.jar:7.0.5]
	at org.springframework.web.servlet.FrameworkServlet.processRequest(FrameworkServlet.java:1000) ~[spring-webmvc-7.0.5.jar:7.0.5]
	at org.springframework.web.servlet.FrameworkServlet.doPost(FrameworkServlet.java:903) ~[spring-webmvc-7.0.5.jar:7.0.5]
	at jakarta.servlet.http.HttpServlet.service(HttpServlet.java:649) ~[tomcat-embed-core-11.0.18.jar:6.1]
	at org.springframework.web.servlet.FrameworkServlet.service(FrameworkServlet.java:874) ~[spring-webmvc-7.0.5.jar:7.0.5]
	at jakarta.servlet.http.HttpServlet.service(HttpServlet.java:710) ~[tomcat-embed-core-11.0.18.jar:6.1]
	at org.apache.catalina.core.ApplicationFilterChain.doFilter(ApplicationFilterChain.java:128) ~[tomcat-embed-core-11.0.18.jar:11.0.18]
	at org.apache.tomcat.websocket.server.WsFilter.doFilter(WsFilter.java:53) ~[tomcat-embed-websocket-11.0.18.jar:11.0.18]
	at org.apache.catalina.core.ApplicationFilterChain.doFilter(ApplicationFilterChain.java:107) ~[tomcat-embed-core-11.0.18.jar:11.0.18]
	at org.springframework.web.filter.RequestContextFilter.doFilterInternal(RequestContextFilter.java:100) ~[spring-web-7.0.5.jar:7.0.5]
	at org.springframework.web.filter.OncePerRequestFilter.doFilter(OncePerRequestFilter.java:116) ~[spring-web-7.0.5.jar:7.0.5]
	at org.apache.catalina.core.ApplicationFilterChain.doFilter(ApplicationFilterChain.java:107) ~[tomcat-embed-core-11.0.18.jar:11.0.18]
	at org.springframework.web.filter.FormContentFilter.doFilterInternal(FormContentFilter.java:93) ~[spring-web-7.0.5.jar:7.0.5]
	at org.springframework.web.filter.OncePerRequestFilter.doFilter(OncePerRequestFilter.java:116) ~[spring-web-7.0.5.jar:7.0.5]
	at org.apache.catalina.core.ApplicationFilterChain.doFilter(ApplicationFilterChain.java:107) ~[tomcat-embed-core-11.0.18.jar:11.0.18]
	at org.springframework.web.filter.ServerHttpObservationFilter.doFilterInternal(ServerHttpObservationFilter.java:110) ~[spring-web-7.0.5.jar:7.0.5]
	at org.springframework.web.filter.OncePerRequestFilter.doFilter(OncePerRequestFilter.java:116) ~[spring-web-7.0.5.jar:7.0.5]
	at org.apache.catalina.core.ApplicationFilterChain.doFilter(ApplicationFilterChain.java:107) ~[tomcat-embed-core-11.0.18.jar:11.0.18]
	at org.springframework.web.filter.CharacterEncodingFilter.doFilterInternal(CharacterEncodingFilter.java:199) ~[spring-web-7.0.5.jar:7.0.5]
	at org.springframework.web.filter.OncePerRequestFilter.doFilter(OncePerRequestFilter.java:116) ~[spring-web-7.0.5.jar:7.0.5]
	at org.apache.catalina.core.ApplicationFilterChain.doFilter(ApplicationFilterChain.java:107) ~[tomcat-embed-core-11.0.18.jar:11.0.18]
	at org.apache.catalina.core.StandardWrapperValve.invoke(StandardWrapperValve.java:165) ~[tomcat-embed-core-11.0.18.jar:11.0.18]
	at org.apache.catalina.core.StandardContextValve.invoke(StandardContextValve.java:77) ~[tomcat-embed-core-11.0.18.jar:11.0.18]
	at org.apache.catalina.authenticator.AuthenticatorBase.invoke(AuthenticatorBase.java:492) ~[tomcat-embed-core-11.0.18.jar:11.0.18]
	at org.apache.catalina.core.StandardHostValve.invoke(StandardHostValve.java:113) ~[tomcat-embed-core-11.0.18.jar:11.0.18]
	at org.apache.catalina.valves.ErrorReportValve.invoke(ErrorReportValve.java:83) ~[tomcat-embed-core-11.0.18.jar:11.0.18]
	at org.apache.catalina.core.StandardEngineValve.invoke(StandardEngineValve.java:72) ~[tomcat-embed-core-11.0.18.jar:11.0.18]
	at org.apache.catalina.connector.CoyoteAdapter.service(CoyoteAdapter.java:341) ~[tomcat-embed-core-11.0.18.jar:11.0.18]
	at org.apache.coyote.http11.Http11Processor.service(Http11Processor.java:397) ~[tomcat-embed-core-11.0.18.jar:11.0.18]
	at org.apache.coyote.AbstractProcessorLight.process(AbstractProcessorLight.java:63) ~[tomcat-embed-core-11.0.18.jar:11.0.18]
	at org.apache.coyote.AbstractProtocol$ConnectionHandler.process(AbstractProtocol.java:903) ~[tomcat-embed-core-11.0.18.jar:11.0.18]
	at org.apache.tomcat.util.net.NioEndpoint$SocketProcessor.doRun(NioEndpoint.java:1779) ~[tomcat-embed-core-11.0.18.jar:11.0.18]
	at org.apache.tomcat.util.net.SocketProcessorBase.run(SocketProcessorBase.java:52) ~[tomcat-embed-core-11.0.18.jar:11.0.18]
	at org.apache.tomcat.util.threads.ThreadPoolExecutor.runWorker(ThreadPoolExecutor.java:946) ~[tomcat-embed-core-11.0.18.jar:11.0.18]
	at org.apache.tomcat.util.threads.ThreadPoolExecutor$Worker.run(ThreadPoolExecutor.java:480) ~[tomcat-embed-core-11.0.18.jar:11.0.18]
	at org.apache.tomcat.util.threads.TaskThread$WrappingRunnable.run(TaskThread.java:57) ~[tomcat-embed-core-11.0.18.jar:11.0.18]
	at java.base/java.lang.Thread.run(Thread.java:1575) ~[na:na]

2026-03-17T16:15:39.210+05:30  INFO 10804 --- [subscriptionManagementBackend] [File Watcher] rtingClassPathChangeChangedEventListener : Restarting due to 6 class path changes (1 addition, 0 deletions, 5 modifications)
2026-03-17T16:15:39.258+05:30  INFO 10804 --- [subscriptionManagementBackend] [Thread-10] o.s.boot.tomcat.GracefulShutdown         : Commencing graceful shutdown. Waiting for active requests to complete
2026-03-17T16:15:39.288+05:30  INFO 10804 --- [subscriptionManagementBackend] [tomcat-shutdown] o.s.boot.tomcat.GracefulShutdown         : Graceful shutdown complete
2026-03-17T16:15:39.354+05:30  INFO 10804 --- [subscriptionManagementBackend] [Thread-10] j.LocalContainerEntityManagerFactoryBean : Closing JPA EntityManagerFactory for persistence unit 'default'
2026-03-17T16:15:39.391+05:30  INFO 10804 --- [subscriptionManagementBackend] [Thread-10] com.zaxxer.hikari.HikariDataSource       : HikariPool-3 - Shutdown initiated...
2026-03-17T16:15:40.046+05:30  INFO 10804 --- [subscriptionManagementBackend] [Thread-10] com.zaxxer.hikari.HikariDataSource       : HikariPool-3 - Shutdown completed.
2026-03-17T16:15:40.507+05:30  INFO 10804 --- [subscriptionManagementBackend] [restartedMain] SubscriptionManagementBackendApplication : Starting SubscriptionManagementBackendApplication using Java 23.0.2 with PID 10804 (C:\GitHub\Pratiti Training\Mini Project\subscriptionManagementBackend\target\classes started by rohan in C:\GitHub\Pratiti Training\Mini Project\subscriptionManagementBackend)
2026-03-17T16:15:40.508+05:30 DEBUG 10804 --- [subscriptionManagementBackend] [restartedMain] SubscriptionManagementBackendApplication : Running with Spring Boot v4.0.3, Spring v7.0.5
2026-03-17T16:15:40.508+05:30  INFO 10804 --- [subscriptionManagementBackend] [restartedMain] SubscriptionManagementBackendApplication : No active profile set, falling back to 1 default profile: "default"
2026-03-17T16:15:41.296+05:30  INFO 10804 --- [subscriptionManagementBackend] [restartedMain] .s.d.r.c.RepositoryConfigurationDelegate : Multiple Spring Data modules found, entering strict repository configuration mode
2026-03-17T16:15:41.297+05:30  INFO 10804 --- [subscriptionManagementBackend] [restartedMain] .s.d.r.c.RepositoryConfigurationDelegate : Bootstrapping Spring Data JPA repositories in DEFAULT mode.
2026-03-17T16:15:41.324+05:30  INFO 10804 --- [subscriptionManagementBackend] [restartedMain] .s.d.r.c.RepositoryConfigurationDelegate : Finished Spring Data repository scanning in 23 ms. Found 1 JPA repository interface.
2026-03-17T16:15:41.343+05:30  INFO 10804 --- [subscriptionManagementBackend] [restartedMain] .s.d.r.c.RepositoryConfigurationDelegate : Multiple Spring Data modules found, entering strict repository configuration mode
2026-03-17T16:15:41.343+05:30  INFO 10804 --- [subscriptionManagementBackend] [restartedMain] .s.d.r.c.RepositoryConfigurationDelegate : Bootstrapping Spring Data Redis repositories in DEFAULT mode.
2026-03-17T16:15:41.355+05:30  INFO 10804 --- [subscriptionManagementBackend] [restartedMain] .RepositoryConfigurationExtensionSupport : Spring Data Redis - Could not safely identify store assignment for repository candidate interface com.rohan.repository.UserRepository; If you want this repository to be a Redis repository, consider annotating your entities with one of these annotations: org.springframework.data.redis.core.RedisHash (preferred), or consider extending one of the following types with your repository: org.springframework.data.keyvalue.repository.KeyValueRepository
2026-03-17T16:15:41.355+05:30  INFO 10804 --- [subscriptionManagementBackend] [restartedMain] .s.d.r.c.RepositoryConfigurationDelegate : Finished Spring Data repository scanning in 8 ms. Found 0 Redis repository interfaces.
2026-03-17T16:15:41.711+05:30  INFO 10804 --- [subscriptionManagementBackend] [restartedMain] o.s.boot.tomcat.TomcatWebServer          : Tomcat initialized with port 1234 (http)
2026-03-17T16:15:41.715+05:30  INFO 10804 --- [subscriptionManagementBackend] [restartedMain] o.apache.catalina.core.StandardService   : Starting service [Tomcat]
2026-03-17T16:15:41.716+05:30  INFO 10804 --- [subscriptionManagementBackend] [restartedMain] o.apache.catalina.core.StandardEngine    : Starting Servlet engine: [Apache Tomcat/11.0.18]
2026-03-17T16:15:41.822+05:30  INFO 10804 --- [subscriptionManagementBackend] [restartedMain] b.w.c.s.WebApplicationContextInitializer : Root WebApplicationContext: initialization completed in 1306 ms
2026-03-17T16:15:41.965+05:30  INFO 10804 --- [subscriptionManagementBackend] [restartedMain] org.hibernate.orm.jpa                    : HHH008540: Processing PersistenceUnitInfo [name: default]
2026-03-17T16:15:42.063+05:30  INFO 10804 --- [subscriptionManagementBackend] [restartedMain] o.s.o.j.p.SpringPersistenceUnitInfo      : No LoadTimeWeaver setup: ignoring JPA class transformer
2026-03-17T16:15:42.066+05:30  INFO 10804 --- [subscriptionManagementBackend] [restartedMain] com.zaxxer.hikari.HikariDataSource       : HikariPool-4 - Starting...
2026-03-17T16:15:43.008+05:30  INFO 10804 --- [subscriptionManagementBackend] [restartedMain] com.zaxxer.hikari.pool.HikariPool        : HikariPool-4 - Added connection org.postgresql.jdbc.PgConnection@78c7a43a
2026-03-17T16:15:43.009+05:30  INFO 10804 --- [subscriptionManagementBackend] [restartedMain] com.zaxxer.hikari.HikariDataSource       : HikariPool-4 - Start completed.
2026-03-17T16:15:43.090+05:30  WARN 10804 --- [subscriptionManagementBackend] [restartedMain] org.hibernate.orm.deprecation            : HHH90000025: PostgreSQLDialect does not need to be specified explicitly using 'hibernate.dialect' (remove the property setting and it will be selected by default)
2026-03-17T16:15:43.411+05:30  INFO 10804 --- [subscriptionManagementBackend] [restartedMain] org.hibernate.orm.connections.pooling    : HHH10001005: Database info:
	Database JDBC URL [jdbc:postgresql://ep-morning-dawn-a1z18fkr-pooler.ap-southeast-1.aws.neon.tech:5432/neondb?sslmode=require&channel_binding=require]
	Database driver: PostgreSQL JDBC Driver
	Database dialect: PostgreSQLDialect
	Database version: 17.8
	Default catalog/schema: neondb/public
	Autocommit mode: undefined/unknown
	Isolation level: READ_COMMITTED [default READ_COMMITTED]
	JDBC fetch size: none
	Pool: DataSourceConnectionProvider
	Minimum pool size: undefined/unknown
	Maximum pool size: undefined/unknown
2026-03-17T16:15:43.529+05:30  INFO 10804 --- [subscriptionManagementBackend] [restartedMain] org.hibernate.orm.core                   : HHH000489: No JTA platform available (set 'hibernate.transaction.jta.platform' to enable JTA platform integration)
2026-03-17T16:15:43.777+05:30  INFO 10804 --- [subscriptionManagementBackend] [restartedMain] j.LocalContainerEntityManagerFactoryBean : Initialized JPA EntityManagerFactory for persistence unit 'default'
2026-03-17T16:15:44.004+05:30  WARN 10804 --- [subscriptionManagementBackend] [restartedMain] JpaBaseConfiguration$JpaWebConfiguration : spring.jpa.open-in-view is enabled by default. Therefore, database queries may be performed during view rendering. Explicitly configure spring.jpa.open-in-view to disable this warning
2026-03-17T16:15:44.041+05:30  INFO 10804 --- [subscriptionManagementBackend] [restartedMain] o.s.v.b.OptionalValidatorFactoryBean     : Failed to set up a Bean Validation provider: jakarta.validation.NoProviderFoundException: Unable to create a Configuration, because no Jakarta Validation provider could be found. Add a provider like Hibernate Validator (RI) to your classpath.
2026-03-17T16:15:44.469+05:30  INFO 10804 --- [subscriptionManagementBackend] [restartedMain] o.s.b.a.e.web.EndpointLinksResolver      : Exposing 1 endpoint beneath base path '/actuator'
2026-03-17T16:15:44.511+05:30  INFO 10804 --- [subscriptionManagementBackend] [restartedMain] o.s.boot.tomcat.TomcatWebServer          : Tomcat started on port 1234 (http) with context path '/'
2026-03-17T16:15:44.516+05:30  INFO 10804 --- [subscriptionManagementBackend] [restartedMain] SubscriptionManagementBackendApplication : Started SubscriptionManagementBackendApplication in 4.096 seconds (process running for 601.506)
2026-03-17T16:15:44.520+05:30  INFO 10804 --- [subscriptionManagementBackend] [restartedMain] .ConditionEvaluationDeltaLoggingListener : Condition evaluation unchanged
2026-03-17T16:16:15.821+05:30  INFO 10804 --- [subscriptionManagementBackend] [File Watcher] rtingClassPathChangeChangedEventListener : Restarting due to 3 class path changes (0 additions, 0 deletions, 3 modifications)
2026-03-17T16:16:15.824+05:30  INFO 10804 --- [subscriptionManagementBackend] [Thread-14] o.s.boot.tomcat.GracefulShutdown         : Commencing graceful shutdown. Waiting for active requests to complete
2026-03-17T16:16:15.846+05:30  INFO 10804 --- [subscriptionManagementBackend] [tomcat-shutdown] o.s.boot.tomcat.GracefulShutdown         : Graceful shutdown complete
2026-03-17T16:16:15.857+05:30  INFO 10804 --- [subscriptionManagementBackend] [Thread-14] j.LocalContainerEntityManagerFactoryBean : Closing JPA EntityManagerFactory for persistence unit 'default'
2026-03-17T16:16:15.858+05:30  INFO 10804 --- [subscriptionManagementBackend] [Thread-14] com.zaxxer.hikari.HikariDataSource       : HikariPool-4 - Shutdown initiated...
2026-03-17T16:16:16.963+05:30  INFO 10804 --- [subscriptionManagementBackend] [Thread-14] com.zaxxer.hikari.HikariDataSource       : HikariPool-4 - Shutdown completed.
2026-03-17T16:16:17.126+05:30  INFO 10804 --- [subscriptionManagementBackend] [restartedMain] SubscriptionManagementBackendApplication : Starting SubscriptionManagementBackendApplication using Java 23.0.2 with PID 10804 (C:\GitHub\Pratiti Training\Mini Project\subscriptionManagementBackend\target\classes started by rohan in C:\GitHub\Pratiti Training\Mini Project\subscriptionManagementBackend)
2026-03-17T16:16:17.127+05:30 DEBUG 10804 --- [subscriptionManagementBackend] [restartedMain] SubscriptionManagementBackendApplication : Running with Spring Boot v4.0.3, Spring v7.0.5
2026-03-17T16:16:17.127+05:30  INFO 10804 --- [subscriptionManagementBackend] [restartedMain] SubscriptionManagementBackendApplication : No active profile set, falling back to 1 default profile: "default"
2026-03-17T16:16:17.657+05:30  INFO 10804 --- [subscriptionManagementBackend] [restartedMain] .s.d.r.c.RepositoryConfigurationDelegate : Multiple Spring Data modules found, entering strict repository configuration mode
2026-03-17T16:16:17.658+05:30  INFO 10804 --- [subscriptionManagementBackend] [restartedMain] .s.d.r.c.RepositoryConfigurationDelegate : Bootstrapping Spring Data JPA repositories in DEFAULT mode.
2026-03-17T16:16:17.679+05:30  INFO 10804 --- [subscriptionManagementBackend] [restartedMain] .s.d.r.c.RepositoryConfigurationDelegate : Finished Spring Data repository scanning in 19 ms. Found 1 JPA repository interface.
2026-03-17T16:16:17.698+05:30  INFO 10804 --- [subscriptionManagementBackend] [restartedMain] .s.d.r.c.RepositoryConfigurationDelegate : Multiple Spring Data modules found, entering strict repository configuration mode
2026-03-17T16:16:17.698+05:30  INFO 10804 --- [subscriptionManagementBackend] [restartedMain] .s.d.r.c.RepositoryConfigurationDelegate : Bootstrapping Spring Data Redis repositories in DEFAULT mode.
2026-03-17T16:16:17.707+05:30  INFO 10804 --- [subscriptionManagementBackend] [restartedMain] .RepositoryConfigurationExtensionSupport : Spring Data Redis - Could not safely identify store assignment for repository candidate interface com.rohan.repository.UserRepository; If you want this repository to be a Redis repository, consider annotating your entities with one of these annotations: org.springframework.data.redis.core.RedisHash (preferred), or consider extending one of the following types with your repository: org.springframework.data.keyvalue.repository.KeyValueRepository
2026-03-17T16:16:17.707+05:30  INFO 10804 --- [subscriptionManagementBackend] [restartedMain] .s.d.r.c.RepositoryConfigurationDelegate : Finished Spring Data repository scanning in 5 ms. Found 0 Redis repository interfaces.
2026-03-17T16:16:17.981+05:30  INFO 10804 --- [subscriptionManagementBackend] [restartedMain] o.s.boot.tomcat.TomcatWebServer          : Tomcat initialized with port 1234 (http)
2026-03-17T16:16:17.983+05:30  INFO 10804 --- [subscriptionManagementBackend] [restartedMain] o.apache.catalina.core.StandardService   : Starting service [Tomcat]
2026-03-17T16:16:17.983+05:30  INFO 10804 --- [subscriptionManagementBackend] [restartedMain] o.apache.catalina.core.StandardEngine    : Starting Servlet engine: [Apache Tomcat/11.0.18]
2026-03-17T16:16:18.060+05:30  INFO 10804 --- [subscriptionManagementBackend] [restartedMain] b.w.c.s.WebApplicationContextInitializer : Root WebApplicationContext: initialization completed in 930 ms
2026-03-17T16:16:18.150+05:30  INFO 10804 --- [subscriptionManagementBackend] [restartedMain] org.hibernate.orm.jpa                    : HHH008540: Processing PersistenceUnitInfo [name: default]
2026-03-17T16:16:18.221+05:30  INFO 10804 --- [subscriptionManagementBackend] [restartedMain] o.s.o.j.p.SpringPersistenceUnitInfo      : No LoadTimeWeaver setup: ignoring JPA class transformer
2026-03-17T16:16:18.224+05:30  INFO 10804 --- [subscriptionManagementBackend] [restartedMain] com.zaxxer.hikari.HikariDataSource       : HikariPool-5 - Starting...
2026-03-17T16:16:19.017+05:30  INFO 10804 --- [subscriptionManagementBackend] [restartedMain] com.zaxxer.hikari.pool.HikariPool        : HikariPool-5 - Added connection org.postgresql.jdbc.PgConnection@3f81271b
2026-03-17T16:16:19.018+05:30  INFO 10804 --- [subscriptionManagementBackend] [restartedMain] com.zaxxer.hikari.HikariDataSource       : HikariPool-5 - Start completed.
2026-03-17T16:16:19.103+05:30  WARN 10804 --- [subscriptionManagementBackend] [restartedMain] org.hibernate.orm.deprecation            : HHH90000025: PostgreSQLDialect does not need to be specified explicitly using 'hibernate.dialect' (remove the property setting and it will be selected by default)
2026-03-17T16:16:19.423+05:30  INFO 10804 --- [subscriptionManagementBackend] [restartedMain] org.hibernate.orm.connections.pooling    : HHH10001005: Database info:
	Database JDBC URL [jdbc:postgresql://ep-morning-dawn-a1z18fkr-pooler.ap-southeast-1.aws.neon.tech:5432/neondb?sslmode=require&channel_binding=require]
	Database driver: PostgreSQL JDBC Driver
	Database dialect: PostgreSQLDialect
	Database version: 17.8
	Default catalog/schema: neondb/public
	Autocommit mode: undefined/unknown
	Isolation level: READ_COMMITTED [default READ_COMMITTED]
	JDBC fetch size: none
	Pool: DataSourceConnectionProvider
	Minimum pool size: undefined/unknown
	Maximum pool size: undefined/unknown
2026-03-17T16:16:19.499+05:30  INFO 10804 --- [subscriptionManagementBackend] [restartedMain] org.hibernate.orm.core                   : HHH000489: No JTA platform available (set 'hibernate.transaction.jta.platform' to enable JTA platform integration)
2026-03-17T16:16:19.751+05:30  INFO 10804 --- [subscriptionManagementBackend] [restartedMain] j.LocalContainerEntityManagerFactoryBean : Initialized JPA EntityManagerFactory for persistence unit 'default'
2026-03-17T16:16:19.908+05:30  WARN 10804 --- [subscriptionManagementBackend] [restartedMain] JpaBaseConfiguration$JpaWebConfiguration : spring.jpa.open-in-view is enabled by default. Therefore, database queries may be performed during view rendering. Explicitly configure spring.jpa.open-in-view to disable this warning
2026-03-17T16:16:19.932+05:30  INFO 10804 --- [subscriptionManagementBackend] [restartedMain] o.s.v.b.OptionalValidatorFactoryBean     : Failed to set up a Bean Validation provider: jakarta.validation.NoProviderFoundException: Unable to create a Configuration, because no Jakarta Validation provider could be found. Add a provider like Hibernate Validator (RI) to your classpath.
2026-03-17T16:16:20.318+05:30  INFO 10804 --- [subscriptionManagementBackend] [restartedMain] o.s.b.a.e.web.EndpointLinksResolver      : Exposing 1 endpoint beneath base path '/actuator'
2026-03-17T16:16:20.353+05:30  INFO 10804 --- [subscriptionManagementBackend] [restartedMain] o.s.boot.tomcat.TomcatWebServer          : Tomcat started on port 1234 (http) with context path '/'
2026-03-17T16:16:20.359+05:30  INFO 10804 --- [subscriptionManagementBackend] [restartedMain] SubscriptionManagementBackendApplication : Started SubscriptionManagementBackendApplication in 3.28 seconds (process running for 637.348)
2026-03-17T16:16:20.363+05:30  INFO 10804 --- [subscriptionManagementBackend] [restartedMain] .ConditionEvaluationDeltaLoggingListener : Condition evaluation unchanged
2026-03-17T16:16:35.156+05:30  INFO 10804 --- [subscriptionManagementBackend] [File Watcher] rtingClassPathChangeChangedEventListener : Restarting due to 1 class path change (0 additions, 0 deletions, 1 modification)
2026-03-17T16:16:35.159+05:30  INFO 10804 --- [subscriptionManagementBackend] [Thread-18] o.s.boot.tomcat.GracefulShutdown         : Commencing graceful shutdown. Waiting for active requests to complete
2026-03-17T16:16:35.185+05:30  INFO 10804 --- [subscriptionManagementBackend] [tomcat-shutdown] o.s.boot.tomcat.GracefulShutdown         : Graceful shutdown complete
2026-03-17T16:16:35.196+05:30  INFO 10804 --- [subscriptionManagementBackend] [Thread-18] j.LocalContainerEntityManagerFactoryBean : Closing JPA EntityManagerFactory for persistence unit 'default'
2026-03-17T16:16:35.197+05:30  INFO 10804 --- [subscriptionManagementBackend] [Thread-18] com.zaxxer.hikari.HikariDataSource       : HikariPool-5 - Shutdown initiated...
2026-03-17T16:16:36.042+05:30  INFO 10804 --- [subscriptionManagementBackend] [Thread-18] com.zaxxer.hikari.HikariDataSource       : HikariPool-5 - Shutdown completed.
2026-03-17T16:16:36.214+05:30  INFO 10804 --- [subscriptionManagementBackend] [restartedMain] SubscriptionManagementBackendApplication : Starting SubscriptionManagementBackendApplication using Java 23.0.2 with PID 10804 (C:\GitHub\Pratiti Training\Mini Project\subscriptionManagementBackend\target\classes started by rohan in C:\GitHub\Pratiti Training\Mini Project\subscriptionManagementBackend)
2026-03-17T16:16:36.215+05:30 DEBUG 10804 --- [subscriptionManagementBackend] [restartedMain] SubscriptionManagementBackendApplication : Running with Spring Boot v4.0.3, Spring v7.0.5
2026-03-17T16:16:36.215+05:30  INFO 10804 --- [subscriptionManagementBackend] [restartedMain] SubscriptionManagementBackendApplication : No active profile set, falling back to 1 default profile: "default"
2026-03-17T16:16:36.810+05:30  INFO 10804 --- [subscriptionManagementBackend] [restartedMain] .s.d.r.c.RepositoryConfigurationDelegate : Multiple Spring Data modules found, entering strict repository configuration mode
2026-03-17T16:16:36.810+05:30  INFO 10804 --- [subscriptionManagementBackend] [restartedMain] .s.d.r.c.RepositoryConfigurationDelegate : Bootstrapping Spring Data JPA repositories in DEFAULT mode.
2026-03-17T16:16:36.833+05:30  INFO 10804 --- [subscriptionManagementBackend] [restartedMain] .s.d.r.c.RepositoryConfigurationDelegate : Finished Spring Data repository scanning in 19 ms. Found 1 JPA repository interface.
2026-03-17T16:16:36.846+05:30  INFO 10804 --- [subscriptionManagementBackend] [restartedMain] .s.d.r.c.RepositoryConfigurationDelegate : Multiple Spring Data modules found, entering strict repository configuration mode
2026-03-17T16:16:36.846+05:30  INFO 10804 --- [subscriptionManagementBackend] [restartedMain] .s.d.r.c.RepositoryConfigurationDelegate : Bootstrapping Spring Data Redis repositories in DEFAULT mode.
2026-03-17T16:16:36.858+05:30  INFO 10804 --- [subscriptionManagementBackend] [restartedMain] .RepositoryConfigurationExtensionSupport : Spring Data Redis - Could not safely identify store assignment for repository candidate interface com.rohan.repository.UserRepository; If you want this repository to be a Redis repository, consider annotating your entities with one of these annotations: org.springframework.data.redis.core.RedisHash (preferred), or consider extending one of the following types with your repository: org.springframework.data.keyvalue.repository.KeyValueRepository
2026-03-17T16:16:36.859+05:30  INFO 10804 --- [subscriptionManagementBackend] [restartedMain] .s.d.r.c.RepositoryConfigurationDelegate : Finished Spring Data repository scanning in 9 ms. Found 0 Redis repository interfaces.
2026-03-17T16:16:37.073+05:30  INFO 10804 --- [subscriptionManagementBackend] [restartedMain] o.s.boot.tomcat.TomcatWebServer          : Tomcat initialized with port 1234 (http)
2026-03-17T16:16:37.074+05:30  INFO 10804 --- [subscriptionManagementBackend] [restartedMain] o.apache.catalina.core.StandardService   : Starting service [Tomcat]
2026-03-17T16:16:37.074+05:30  INFO 10804 --- [subscriptionManagementBackend] [restartedMain] o.apache.catalina.core.StandardEngine    : Starting Servlet engine: [Apache Tomcat/11.0.18]
2026-03-17T16:16:37.151+05:30  INFO 10804 --- [subscriptionManagementBackend] [restartedMain] b.w.c.s.WebApplicationContextInitializer : Root WebApplicationContext: initialization completed in 931 ms
2026-03-17T16:16:37.252+05:30  INFO 10804 --- [subscriptionManagementBackend] [restartedMain] org.hibernate.orm.jpa                    : HHH008540: Processing PersistenceUnitInfo [name: default]
2026-03-17T16:16:37.329+05:30  INFO 10804 --- [subscriptionManagementBackend] [restartedMain] o.s.o.j.p.SpringPersistenceUnitInfo      : No LoadTimeWeaver setup: ignoring JPA class transformer
2026-03-17T16:16:37.331+05:30  INFO 10804 --- [subscriptionManagementBackend] [restartedMain] com.zaxxer.hikari.HikariDataSource       : HikariPool-6 - Starting...
2026-03-17T16:16:38.092+05:30  INFO 10804 --- [subscriptionManagementBackend] [restartedMain] com.zaxxer.hikari.pool.HikariPool        : HikariPool-6 - Added connection org.postgresql.jdbc.PgConnection@7e140f3
2026-03-17T16:16:38.092+05:30  INFO 10804 --- [subscriptionManagementBackend] [restartedMain] com.zaxxer.hikari.HikariDataSource       : HikariPool-6 - Start completed.
2026-03-17T16:16:38.176+05:30  WARN 10804 --- [subscriptionManagementBackend] [restartedMain] org.hibernate.orm.deprecation            : HHH90000025: PostgreSQLDialect does not need to be specified explicitly using 'hibernate.dialect' (remove the property setting and it will be selected by default)
2026-03-17T16:16:38.497+05:30  INFO 10804 --- [subscriptionManagementBackend] [restartedMain] org.hibernate.orm.connections.pooling    : HHH10001005: Database info:
	Database JDBC URL [jdbc:postgresql://ep-morning-dawn-a1z18fkr-pooler.ap-southeast-1.aws.neon.tech:5432/neondb?sslmode=require&channel_binding=require]
	Database driver: PostgreSQL JDBC Driver
	Database dialect: PostgreSQLDialect
	Database version: 17.8
	Default catalog/schema: neondb/public
	Autocommit mode: undefined/unknown
	Isolation level: READ_COMMITTED [default READ_COMMITTED]
	JDBC fetch size: none
	Pool: DataSourceConnectionProvider
	Minimum pool size: undefined/unknown
	Maximum pool size: undefined/unknown
2026-03-17T16:16:38.584+05:30  INFO 10804 --- [subscriptionManagementBackend] [restartedMain] org.hibernate.orm.core                   : HHH000489: No JTA platform available (set 'hibernate.transaction.jta.platform' to enable JTA platform integration)
2026-03-17T16:16:38.840+05:30  INFO 10804 --- [subscriptionManagementBackend] [restartedMain] j.LocalContainerEntityManagerFactoryBean : Initialized JPA EntityManagerFactory for persistence unit 'default'
2026-03-17T16:16:39.025+05:30  WARN 10804 --- [subscriptionManagementBackend] [restartedMain] JpaBaseConfiguration$JpaWebConfiguration : spring.jpa.open-in-view is enabled by default. Therefore, database queries may be performed during view rendering. Explicitly configure spring.jpa.open-in-view to disable this warning
2026-03-17T16:16:39.054+05:30  INFO 10804 --- [subscriptionManagementBackend] [restartedMain] o.s.v.b.OptionalValidatorFactoryBean     : Failed to set up a Bean Validation provider: jakarta.validation.NoProviderFoundException: Unable to create a Configuration, because no Jakarta Validation provider could be found. Add a provider like Hibernate Validator (RI) to your classpath.
2026-03-17T16:16:39.423+05:30  INFO 10804 --- [subscriptionManagementBackend] [restartedMain] o.s.b.a.e.web.EndpointLinksResolver      : Exposing 1 endpoint beneath base path '/actuator'
2026-03-17T16:16:39.529+05:30  INFO 10804 --- [subscriptionManagementBackend] [restartedMain] o.s.boot.tomcat.TomcatWebServer          : Tomcat started on port 1234 (http) with context path '/'
2026-03-17T16:16:39.547+05:30  INFO 10804 --- [subscriptionManagementBackend] [restartedMain] SubscriptionManagementBackendApplication : Started SubscriptionManagementBackendApplication in 3.382 seconds (process running for 656.537)
2026-03-17T16:16:39.551+05:30  INFO 10804 --- [subscriptionManagementBackend] [restartedMain] .ConditionEvaluationDeltaLoggingListener : Condition evaluation unchanged
2026-03-17T16:16:40.820+05:30  INFO 10804 --- [subscriptionManagementBackend] [File Watcher] rtingClassPathChangeChangedEventListener : Restarting due to 1 class path change (0 additions, 0 deletions, 1 modification)
2026-03-17T16:16:40.823+05:30  INFO 10804 --- [subscriptionManagementBackend] [Thread-22] o.s.boot.tomcat.GracefulShutdown         : Commencing graceful shutdown. Waiting for active requests to complete
2026-03-17T16:16:40.845+05:30  INFO 10804 --- [subscriptionManagementBackend] [tomcat-shutdown] o.s.boot.tomcat.GracefulShutdown         : Graceful shutdown complete
2026-03-17T16:16:40.859+05:30  INFO 10804 --- [subscriptionManagementBackend] [Thread-22] j.LocalContainerEntityManagerFactoryBean : Closing JPA EntityManagerFactory for persistence unit 'default'
2026-03-17T16:16:40.860+05:30  INFO 10804 --- [subscriptionManagementBackend] [Thread-22] com.zaxxer.hikari.HikariDataSource       : HikariPool-6 - Shutdown initiated...
2026-03-17T16:16:41.443+05:30  INFO 10804 --- [subscriptionManagementBackend] [Thread-22] com.zaxxer.hikari.HikariDataSource       : HikariPool-6 - Shutdown completed.
2026-03-17T16:16:41.618+05:30  INFO 10804 --- [subscriptionManagementBackend] [restartedMain] SubscriptionManagementBackendApplication : Starting SubscriptionManagementBackendApplication using Java 23.0.2 with PID 10804 (C:\GitHub\Pratiti Training\Mini Project\subscriptionManagementBackend\target\classes started by rohan in C:\GitHub\Pratiti Training\Mini Project\subscriptionManagementBackend)
2026-03-17T16:16:41.619+05:30 DEBUG 10804 --- [subscriptionManagementBackend] [restartedMain] SubscriptionManagementBackendApplication : Running with Spring Boot v4.0.3, Spring v7.0.5
2026-03-17T16:16:41.619+05:30  INFO 10804 --- [subscriptionManagementBackend] [restartedMain] SubscriptionManagementBackendApplication : No active profile set, falling back to 1 default profile: "default"
2026-03-17T16:16:42.193+05:30  INFO 10804 --- [subscriptionManagementBackend] [restartedMain] .s.d.r.c.RepositoryConfigurationDelegate : Multiple Spring Data modules found, entering strict repository configuration mode
2026-03-17T16:16:42.194+05:30  INFO 10804 --- [subscriptionManagementBackend] [restartedMain] .s.d.r.c.RepositoryConfigurationDelegate : Bootstrapping Spring Data JPA repositories in DEFAULT mode.
2026-03-17T16:16:42.219+05:30  INFO 10804 --- [subscriptionManagementBackend] [restartedMain] .s.d.r.c.RepositoryConfigurationDelegate : Finished Spring Data repository scanning in 21 ms. Found 1 JPA repository interface.
2026-03-17T16:16:42.240+05:30  INFO 10804 --- [subscriptionManagementBackend] [restartedMain] .s.d.r.c.RepositoryConfigurationDelegate : Multiple Spring Data modules found, entering strict repository configuration mode
2026-03-17T16:16:42.241+05:30  INFO 10804 --- [subscriptionManagementBackend] [restartedMain] .s.d.r.c.RepositoryConfigurationDelegate : Bootstrapping Spring Data Redis repositories in DEFAULT mode.
2026-03-17T16:16:42.254+05:30  INFO 10804 --- [subscriptionManagementBackend] [restartedMain] .RepositoryConfigurationExtensionSupport : Spring Data Redis - Could not safely identify store assignment for repository candidate interface com.rohan.repository.UserRepository; If you want this repository to be a Redis repository, consider annotating your entities with one of these annotations: org.springframework.data.redis.core.RedisHash (preferred), or consider extending one of the following types with your repository: org.springframework.data.keyvalue.repository.KeyValueRepository
2026-03-17T16:16:42.255+05:30  INFO 10804 --- [subscriptionManagementBackend] [restartedMain] .s.d.r.c.RepositoryConfigurationDelegate : Finished Spring Data repository scanning in 9 ms. Found 0 Redis repository interfaces.
2026-03-17T16:16:42.504+05:30  INFO 10804 --- [subscriptionManagementBackend] [restartedMain] o.s.boot.tomcat.TomcatWebServer          : Tomcat initialized with port 1234 (http)
2026-03-17T16:16:42.505+05:30  INFO 10804 --- [subscriptionManagementBackend] [restartedMain] o.apache.catalina.core.StandardService   : Starting service [Tomcat]
2026-03-17T16:16:42.507+05:30  INFO 10804 --- [subscriptionManagementBackend] [restartedMain] o.apache.catalina.core.StandardEngine    : Starting Servlet engine: [Apache Tomcat/11.0.18]
2026-03-17T16:16:42.580+05:30  INFO 10804 --- [subscriptionManagementBackend] [restartedMain] b.w.c.s.WebApplicationContextInitializer : Root WebApplicationContext: initialization completed in 956 ms
2026-03-17T16:16:42.670+05:30  INFO 10804 --- [subscriptionManagementBackend] [restartedMain] org.hibernate.orm.jpa                    : HHH008540: Processing PersistenceUnitInfo [name: default]
2026-03-17T16:16:42.746+05:30  INFO 10804 --- [subscriptionManagementBackend] [restartedMain] o.s.o.j.p.SpringPersistenceUnitInfo      : No LoadTimeWeaver setup: ignoring JPA class transformer
2026-03-17T16:16:42.747+05:30  INFO 10804 --- [subscriptionManagementBackend] [restartedMain] com.zaxxer.hikari.HikariDataSource       : HikariPool-7 - Starting...
2026-03-17T16:16:43.512+05:30  INFO 10804 --- [subscriptionManagementBackend] [restartedMain] com.zaxxer.hikari.pool.HikariPool        : HikariPool-7 - Added connection org.postgresql.jdbc.PgConnection@7189df31
2026-03-17T16:16:43.512+05:30  INFO 10804 --- [subscriptionManagementBackend] [restartedMain] com.zaxxer.hikari.HikariDataSource       : HikariPool-7 - Start completed.
2026-03-17T16:16:43.596+05:30  WARN 10804 --- [subscriptionManagementBackend] [restartedMain] org.hibernate.orm.deprecation            : HHH90000025: PostgreSQLDialect does not need to be specified explicitly using 'hibernate.dialect' (remove the property setting and it will be selected by default)
2026-03-17T16:16:43.918+05:30  INFO 10804 --- [subscriptionManagementBackend] [restartedMain] org.hibernate.orm.connections.pooling    : HHH10001005: Database info:
	Database JDBC URL [jdbc:postgresql://ep-morning-dawn-a1z18fkr-pooler.ap-southeast-1.aws.neon.tech:5432/neondb?sslmode=require&channel_binding=require]
	Database driver: PostgreSQL JDBC Driver
	Database dialect: PostgreSQLDialect
	Database version: 17.8
	Default catalog/schema: neondb/public
	Autocommit mode: undefined/unknown
	Isolation level: READ_COMMITTED [default READ_COMMITTED]
	JDBC fetch size: none
	Pool: DataSourceConnectionProvider
	Minimum pool size: undefined/unknown
	Maximum pool size: undefined/unknown
2026-03-17T16:16:49.780+05:30  INFO 17220 --- [subscriptionManagementBackend] [restartedMain] SubscriptionManagementBackendApplication : Starting SubscriptionManagementBackendApplication using Java 23.0.2 with PID 17220 (C:\GitHub\Pratiti Training\Mini Project\subscriptionManagementBackend\target\classes started by rohan in C:\GitHub\Pratiti Training\Mini Project\subscriptionManagementBackend)
2026-03-17T16:16:49.787+05:30 DEBUG 17220 --- [subscriptionManagementBackend] [restartedMain] SubscriptionManagementBackendApplication : Running with Spring Boot v4.0.3, Spring v7.0.5
2026-03-17T16:16:49.789+05:30  INFO 17220 --- [subscriptionManagementBackend] [restartedMain] SubscriptionManagementBackendApplication : No active profile set, falling back to 1 default profile: "default"
2026-03-17T16:16:49.928+05:30  INFO 17220 --- [subscriptionManagementBackend] [restartedMain] .e.DevToolsPropertyDefaultsPostProcessor : Devtools property defaults active! Set 'spring.devtools.add-properties' to 'false' to disable
2026-03-17T16:16:49.928+05:30  INFO 17220 --- [subscriptionManagementBackend] [restartedMain] .e.DevToolsPropertyDefaultsPostProcessor : For additional web related logging consider setting the 'logging.level.web' property to 'DEBUG'
2026-03-17T16:16:52.064+05:30  INFO 17220 --- [subscriptionManagementBackend] [restartedMain] .s.d.r.c.RepositoryConfigurationDelegate : Multiple Spring Data modules found, entering strict repository configuration mode
2026-03-17T16:16:52.070+05:30  INFO 17220 --- [subscriptionManagementBackend] [restartedMain] .s.d.r.c.RepositoryConfigurationDelegate : Bootstrapping Spring Data JPA repositories in DEFAULT mode.
2026-03-17T16:16:52.387+05:30  INFO 17220 --- [subscriptionManagementBackend] [restartedMain] .s.d.r.c.RepositoryConfigurationDelegate : Finished Spring Data repository scanning in 297 ms. Found 1 JPA repository interface.
2026-03-17T16:16:52.491+05:30  INFO 17220 --- [subscriptionManagementBackend] [restartedMain] .s.d.r.c.RepositoryConfigurationDelegate : Multiple Spring Data modules found, entering strict repository configuration mode
2026-03-17T16:16:52.493+05:30  INFO 17220 --- [subscriptionManagementBackend] [restartedMain] .s.d.r.c.RepositoryConfigurationDelegate : Bootstrapping Spring Data Redis repositories in DEFAULT mode.
2026-03-17T16:16:52.542+05:30  INFO 17220 --- [subscriptionManagementBackend] [restartedMain] .RepositoryConfigurationExtensionSupport : Spring Data Redis - Could not safely identify store assignment for repository candidate interface com.rohan.repository.UserRepository; If you want this repository to be a Redis repository, consider annotating your entities with one of these annotations: org.springframework.data.redis.core.RedisHash (preferred), or consider extending one of the following types with your repository: org.springframework.data.keyvalue.repository.KeyValueRepository
2026-03-17T16:16:52.543+05:30  INFO 17220 --- [subscriptionManagementBackend] [restartedMain] .s.d.r.c.RepositoryConfigurationDelegate : Finished Spring Data repository scanning in 15 ms. Found 0 Redis repository interfaces.
2026-03-17T16:16:53.843+05:30  INFO 17220 --- [subscriptionManagementBackend] [restartedMain] o.s.boot.tomcat.TomcatWebServer          : Tomcat initialized with port 1234 (http)
2026-03-17T16:16:53.869+05:30  INFO 17220 --- [subscriptionManagementBackend] [restartedMain] o.apache.catalina.core.StandardService   : Starting service [Tomcat]
2026-03-17T16:16:53.870+05:30  INFO 17220 --- [subscriptionManagementBackend] [restartedMain] o.apache.catalina.core.StandardEngine    : Starting Servlet engine: [Apache Tomcat/11.0.18]
2026-03-17T16:16:54.026+05:30  INFO 17220 --- [subscriptionManagementBackend] [restartedMain] b.w.c.s.WebApplicationContextInitializer : Root WebApplicationContext: initialization completed in 4097 ms
2026-03-17T16:16:54.543+05:30  INFO 17220 --- [subscriptionManagementBackend] [restartedMain] org.hibernate.orm.jpa                    : HHH008540: Processing PersistenceUnitInfo [name: default]
2026-03-17T16:16:54.706+05:30  INFO 17220 --- [subscriptionManagementBackend] [restartedMain] org.hibernate.orm.core                   : HHH000001: Hibernate ORM core version 7.2.4.Final
2026-03-17T16:16:55.928+05:30  INFO 17220 --- [subscriptionManagementBackend] [restartedMain] o.s.o.j.p.SpringPersistenceUnitInfo      : No LoadTimeWeaver setup: ignoring JPA class transformer
2026-03-17T16:16:56.023+05:30  INFO 17220 --- [subscriptionManagementBackend] [restartedMain] com.zaxxer.hikari.HikariDataSource       : HikariPool-1 - Starting...
2026-03-17T16:16:57.688+05:30  INFO 17220 --- [subscriptionManagementBackend] [restartedMain] com.zaxxer.hikari.pool.HikariPool        : HikariPool-1 - Added connection org.postgresql.jdbc.PgConnection@e86470d
2026-03-17T16:16:57.693+05:30  INFO 17220 --- [subscriptionManagementBackend] [restartedMain] com.zaxxer.hikari.HikariDataSource       : HikariPool-1 - Start completed.
2026-03-17T16:16:57.853+05:30  WARN 17220 --- [subscriptionManagementBackend] [restartedMain] org.hibernate.orm.deprecation            : HHH90000025: PostgreSQLDialect does not need to be specified explicitly using 'hibernate.dialect' (remove the property setting and it will be selected by default)
2026-03-17T16:16:58.232+05:30  INFO 17220 --- [subscriptionManagementBackend] [restartedMain] org.hibernate.orm.connections.pooling    : HHH10001005: Database info:
	Database JDBC URL [jdbc:postgresql://ep-morning-dawn-a1z18fkr-pooler.ap-southeast-1.aws.neon.tech:5432/neondb?sslmode=require&channel_binding=require]
	Database driver: PostgreSQL JDBC Driver
	Database dialect: PostgreSQLDialect
	Database version: 17.8
	Default catalog/schema: neondb/public
	Autocommit mode: undefined/unknown
	Isolation level: READ_COMMITTED [default READ_COMMITTED]
	JDBC fetch size: none
	Pool: DataSourceConnectionProvider
	Minimum pool size: undefined/unknown
	Maximum pool size: undefined/unknown
2026-03-17T16:17:00.203+05:30  INFO 17220 --- [subscriptionManagementBackend] [restartedMain] org.hibernate.orm.core                   : HHH000489: No JTA platform available (set 'hibernate.transaction.jta.platform' to enable JTA platform integration)
2026-03-17T16:17:00.648+05:30  INFO 17220 --- [subscriptionManagementBackend] [restartedMain] j.LocalContainerEntityManagerFactoryBean : Initialized JPA EntityManagerFactory for persistence unit 'default'
2026-03-17T16:17:00.862+05:30  INFO 17220 --- [subscriptionManagementBackend] [restartedMain] o.s.d.j.r.query.QueryEnhancerFactories   : Hibernate is in classpath; If applicable, HQL parser will be used.
2026-03-17T16:17:02.294+05:30  WARN 17220 --- [subscriptionManagementBackend] [restartedMain] JpaBaseConfiguration$JpaWebConfiguration : spring.jpa.open-in-view is enabled by default. Therefore, database queries may be performed during view rendering. Explicitly configure spring.jpa.open-in-view to disable this warning
2026-03-17T16:17:02.384+05:30  INFO 17220 --- [subscriptionManagementBackend] [restartedMain] o.s.v.b.OptionalValidatorFactoryBean     : Failed to set up a Bean Validation provider: jakarta.validation.NoProviderFoundException: Unable to create a Configuration, because no Jakarta Validation provider could be found. Add a provider like Hibernate Validator (RI) to your classpath.
2026-03-17T16:17:03.599+05:30  INFO 17220 --- [subscriptionManagementBackend] [restartedMain] o.s.b.a.e.web.EndpointLinksResolver      : Exposing 1 endpoint beneath base path '/actuator'
2026-03-17T16:17:03.787+05:30  INFO 17220 --- [subscriptionManagementBackend] [restartedMain] o.s.boot.tomcat.TomcatWebServer          : Tomcat started on port 1234 (http) with context path '/'
2026-03-17T16:17:03.810+05:30  INFO 17220 --- [subscriptionManagementBackend] [restartedMain] SubscriptionManagementBackendApplication : Started SubscriptionManagementBackendApplication in 14.988 seconds (process running for 17.104)
2026-03-17T16:17:04.650+05:30  INFO 17220 --- [subscriptionManagementBackend] [RMI TCP Connection(9)-127.0.0.1] o.a.c.c.C.[Tomcat].[localhost].[/]       : Initializing Spring DispatcherServlet 'dispatcherServlet'
2026-03-17T16:17:04.650+05:30  INFO 17220 --- [subscriptionManagementBackend] [RMI TCP Connection(9)-127.0.0.1] o.s.web.servlet.DispatcherServlet        : Initializing Servlet 'dispatcherServlet'
2026-03-17T16:17:04.653+05:30  INFO 17220 --- [subscriptionManagementBackend] [RMI TCP Connection(9)-127.0.0.1] o.s.web.servlet.DispatcherServlet        : Completed initialization in 2 ms
2026-03-17T16:17:14.411+05:30  INFO 17220 --- [subscriptionManagementBackend] [http-nio-1234-exec-4] o.springdoc.api.AbstractOpenApiResource  : Init duration for springdoc-openapi is: 542 ms
2026-03-17T16:17:32.638+05:30  INFO 17220 --- [subscriptionManagementBackend] [http-nio-1234-exec-5] com.rohan.controller.AuthController      : Email in Controller:null
2026-03-17T16:17:33.839+05:30  INFO 17220 --- [subscriptionManagementBackend] [http-nio-1234-exec-5] com.rohan.service.OtpServiceImpl         : OTP sent to null :484463
2026-03-17T16:17:33.938+05:30 ERROR 17220 --- [subscriptionManagementBackend] [http-nio-1234-exec-5] o.a.c.c.C.[.[.[/].[dispatcherServlet]    : Servlet.service() for servlet [dispatcherServlet] in context with path [] threw exception [Request processing failed: java.lang.IllegalArgumentException: To address must not be null] with root cause

java.lang.IllegalArgumentException: To address must not be null
	at org.springframework.util.Assert.notNull(Assert.java:182) ~[spring-core-7.0.5.jar:7.0.5]
	at org.springframework.mail.javamail.MimeMessageHelper.setTo(MimeMessageHelper.java:609) ~[spring-context-support-7.0.5.jar:7.0.5]
	at com.rohan.service.EmailService.sendOtp(EmailService.java:22) ~[classes/:na]
	at com.rohan.service.OtpServiceImpl.sendOtp(OtpServiceImpl.java:31) ~[classes/:na]
	at com.rohan.controller.AuthController.sendOtp(AuthController.java:46) ~[classes/:na]
	at java.base/jdk.internal.reflect.DirectMethodHandleAccessor.invoke(DirectMethodHandleAccessor.java:103) ~[na:na]
	at java.base/java.lang.reflect.Method.invoke(Method.java:580) ~[na:na]
	at org.springframework.web.method.support.InvocableHandlerMethod.doInvoke(InvocableHandlerMethod.java:252) ~[spring-web-7.0.5.jar:7.0.5]
	at org.springframework.web.method.support.InvocableHandlerMethod.invokeForRequest(InvocableHandlerMethod.java:184) ~[spring-web-7.0.5.jar:7.0.5]
	at org.springframework.web.servlet.mvc.method.annotation.ServletInvocableHandlerMethod.invokeAndHandle(ServletInvocableHandlerMethod.java:117) ~[spring-webmvc-7.0.5.jar:7.0.5]
	at org.springframework.web.servlet.mvc.method.annotation.RequestMappingHandlerAdapter.invokeHandlerMethod(RequestMappingHandlerAdapter.java:934) ~[spring-webmvc-7.0.5.jar:7.0.5]
	at org.springframework.web.servlet.mvc.method.annotation.RequestMappingHandlerAdapter.handleInternal(RequestMappingHandlerAdapter.java:853) ~[spring-webmvc-7.0.5.jar:7.0.5]
	at org.springframework.web.servlet.mvc.method.AbstractHandlerMethodAdapter.handle(AbstractHandlerMethodAdapter.java:86) ~[spring-webmvc-7.0.5.jar:7.0.5]
	at org.springframework.web.servlet.DispatcherServlet.doDispatch(DispatcherServlet.java:963) ~[spring-webmvc-7.0.5.jar:7.0.5]
	at org.springframework.web.servlet.DispatcherServlet.doService(DispatcherServlet.java:866) ~[spring-webmvc-7.0.5.jar:7.0.5]
	at org.springframework.web.servlet.FrameworkServlet.processRequest(FrameworkServlet.java:1000) ~[spring-webmvc-7.0.5.jar:7.0.5]
	at org.springframework.web.servlet.FrameworkServlet.doPost(FrameworkServlet.java:903) ~[spring-webmvc-7.0.5.jar:7.0.5]
	at jakarta.servlet.http.HttpServlet.service(HttpServlet.java:649) ~[tomcat-embed-core-11.0.18.jar:6.1]
	at org.springframework.web.servlet.FrameworkServlet.service(FrameworkServlet.java:874) ~[spring-webmvc-7.0.5.jar:7.0.5]
	at jakarta.servlet.http.HttpServlet.service(HttpServlet.java:710) ~[tomcat-embed-core-11.0.18.jar:6.1]
	at org.apache.catalina.core.ApplicationFilterChain.doFilter(ApplicationFilterChain.java:128) ~[tomcat-embed-core-11.0.18.jar:11.0.18]
	at org.apache.tomcat.websocket.server.WsFilter.doFilter(WsFilter.java:53) ~[tomcat-embed-websocket-11.0.18.jar:11.0.18]
	at org.apache.catalina.core.ApplicationFilterChain.doFilter(ApplicationFilterChain.java:107) ~[tomcat-embed-core-11.0.18.jar:11.0.18]
	at org.springframework.web.filter.RequestContextFilter.doFilterInternal(RequestContextFilter.java:100) ~[spring-web-7.0.5.jar:7.0.5]
	at org.springframework.web.filter.OncePerRequestFilter.doFilter(OncePerRequestFilter.java:116) ~[spring-web-7.0.5.jar:7.0.5]
	at org.apache.catalina.core.ApplicationFilterChain.doFilter(ApplicationFilterChain.java:107) ~[tomcat-embed-core-11.0.18.jar:11.0.18]
	at org.springframework.web.filter.FormContentFilter.doFilterInternal(FormContentFilter.java:93) ~[spring-web-7.0.5.jar:7.0.5]
	at org.springframework.web.filter.OncePerRequestFilter.doFilter(OncePerRequestFilter.java:116) ~[spring-web-7.0.5.jar:7.0.5]
	at org.apache.catalina.core.ApplicationFilterChain.doFilter(ApplicationFilterChain.java:107) ~[tomcat-embed-core-11.0.18.jar:11.0.18]
	at org.springframework.web.filter.ServerHttpObservationFilter.doFilterInternal(ServerHttpObservationFilter.java:110) ~[spring-web-7.0.5.jar:7.0.5]
	at org.springframework.web.filter.OncePerRequestFilter.doFilter(OncePerRequestFilter.java:116) ~[spring-web-7.0.5.jar:7.0.5]
	at org.apache.catalina.core.ApplicationFilterChain.doFilter(ApplicationFilterChain.java:107) ~[tomcat-embed-core-11.0.18.jar:11.0.18]
	at org.springframework.web.filter.CharacterEncodingFilter.doFilterInternal(CharacterEncodingFilter.java:199) ~[spring-web-7.0.5.jar:7.0.5]
	at org.springframework.web.filter.OncePerRequestFilter.doFilter(OncePerRequestFilter.java:116) ~[spring-web-7.0.5.jar:7.0.5]
	at org.apache.catalina.core.ApplicationFilterChain.doFilter(ApplicationFilterChain.java:107) ~[tomcat-embed-core-11.0.18.jar:11.0.18]
	at org.apache.catalina.core.StandardWrapperValve.invoke(StandardWrapperValve.java:165) ~[tomcat-embed-core-11.0.18.jar:11.0.18]
	at org.apache.catalina.core.StandardContextValve.invoke(StandardContextValve.java:77) ~[tomcat-embed-core-11.0.18.jar:11.0.18]
	at org.apache.catalina.authenticator.AuthenticatorBase.invoke(AuthenticatorBase.java:492) ~[tomcat-embed-core-11.0.18.jar:11.0.18]
	at org.apache.catalina.core.StandardHostValve.invoke(StandardHostValve.java:113) ~[tomcat-embed-core-11.0.18.jar:11.0.18]
	at org.apache.catalina.valves.ErrorReportValve.invoke(ErrorReportValve.java:83) ~[tomcat-embed-core-11.0.18.jar:11.0.18]
	at org.apache.catalina.core.StandardEngineValve.invoke(StandardEngineValve.java:72) ~[tomcat-embed-core-11.0.18.jar:11.0.18]
	at org.apache.catalina.connector.CoyoteAdapter.service(CoyoteAdapter.java:341) ~[tomcat-embed-core-11.0.18.jar:11.0.18]
	at org.apache.coyote.http11.Http11Processor.service(Http11Processor.java:397) ~[tomcat-embed-core-11.0.18.jar:11.0.18]
	at org.apache.coyote.AbstractProcessorLight.process(AbstractProcessorLight.java:63) ~[tomcat-embed-core-11.0.18.jar:11.0.18]
	at org.apache.coyote.AbstractProtocol$ConnectionHandler.process(AbstractProtocol.java:903) ~[tomcat-embed-core-11.0.18.jar:11.0.18]
	at org.apache.tomcat.util.net.NioEndpoint$SocketProcessor.doRun(NioEndpoint.java:1779) ~[tomcat-embed-core-11.0.18.jar:11.0.18]
	at org.apache.tomcat.util.net.SocketProcessorBase.run(SocketProcessorBase.java:52) ~[tomcat-embed-core-11.0.18.jar:11.0.18]
	at org.apache.tomcat.util.threads.ThreadPoolExecutor.runWorker(ThreadPoolExecutor.java:946) ~[tomcat-embed-core-11.0.18.jar:11.0.18]
	at org.apache.tomcat.util.threads.ThreadPoolExecutor$Worker.run(ThreadPoolExecutor.java:480) ~[tomcat-embed-core-11.0.18.jar:11.0.18]
	at org.apache.tomcat.util.threads.TaskThread$WrappingRunnable.run(TaskThread.java:57) ~[tomcat-embed-core-11.0.18.jar:11.0.18]
	at java.base/java.lang.Thread.run(Thread.java:1575) ~[na:na]

2026-03-17T16:18:26.451+05:30  INFO 17220 --- [subscriptionManagementBackend] [File Watcher] rtingClassPathChangeChangedEventListener : Restarting due to 1 class path change (0 additions, 0 deletions, 1 modification)
2026-03-17T16:18:26.468+05:30  INFO 17220 --- [subscriptionManagementBackend] [Thread-1] o.s.boot.tomcat.GracefulShutdown         : Commencing graceful shutdown. Waiting for active requests to complete
2026-03-17T16:18:26.494+05:30  INFO 17220 --- [subscriptionManagementBackend] [tomcat-shutdown] o.s.boot.tomcat.GracefulShutdown         : Graceful shutdown complete
2026-03-17T16:18:26.542+05:30  INFO 17220 --- [subscriptionManagementBackend] [Thread-1] j.LocalContainerEntityManagerFactoryBean : Closing JPA EntityManagerFactory for persistence unit 'default'
2026-03-17T16:18:26.549+05:30  INFO 17220 --- [subscriptionManagementBackend] [Thread-1] com.zaxxer.hikari.HikariDataSource       : HikariPool-1 - Shutdown initiated...
2026-03-17T16:18:27.375+05:30  INFO 17220 --- [subscriptionManagementBackend] [Thread-1] com.zaxxer.hikari.HikariDataSource       : HikariPool-1 - Shutdown completed.
2026-03-17T16:18:27.534+05:30  INFO 17220 --- [subscriptionManagementBackend] [restartedMain] SubscriptionManagementBackendApplication : Starting SubscriptionManagementBackendApplication using Java 23.0.2 with PID 17220 (C:\GitHub\Pratiti Training\Mini Project\subscriptionManagementBackend\target\classes started by rohan in C:\GitHub\Pratiti Training\Mini Project\subscriptionManagementBackend)
2026-03-17T16:18:27.535+05:30 DEBUG 17220 --- [subscriptionManagementBackend] [restartedMain] SubscriptionManagementBackendApplication : Running with Spring Boot v4.0.3, Spring v7.0.5
2026-03-17T16:18:27.535+05:30  INFO 17220 --- [subscriptionManagementBackend] [restartedMain] SubscriptionManagementBackendApplication : No active profile set, falling back to 1 default profile: "default"
2026-03-17T16:18:28.187+05:30  INFO 17220 --- [subscriptionManagementBackend] [restartedMain] .s.d.r.c.RepositoryConfigurationDelegate : Multiple Spring Data modules found, entering strict repository configuration mode
2026-03-17T16:18:28.188+05:30  INFO 17220 --- [subscriptionManagementBackend] [restartedMain] .s.d.r.c.RepositoryConfigurationDelegate : Bootstrapping Spring Data JPA repositories in DEFAULT mode.
2026-03-17T16:18:28.211+05:30  INFO 17220 --- [subscriptionManagementBackend] [restartedMain] .s.d.r.c.RepositoryConfigurationDelegate : Finished Spring Data repository scanning in 20 ms. Found 1 JPA repository interface.
2026-03-17T16:18:28.227+05:30  INFO 17220 --- [subscriptionManagementBackend] [restartedMain] .s.d.r.c.RepositoryConfigurationDelegate : Multiple Spring Data modules found, entering strict repository configuration mode
2026-03-17T16:18:28.227+05:30  INFO 17220 --- [subscriptionManagementBackend] [restartedMain] .s.d.r.c.RepositoryConfigurationDelegate : Bootstrapping Spring Data Redis repositories in DEFAULT mode.
2026-03-17T16:18:28.237+05:30  INFO 17220 --- [subscriptionManagementBackend] [restartedMain] .RepositoryConfigurationExtensionSupport : Spring Data Redis - Could not safely identify store assignment for repository candidate interface com.rohan.repository.UserRepository; If you want this repository to be a Redis repository, consider annotating your entities with one of these annotations: org.springframework.data.redis.core.RedisHash (preferred), or consider extending one of the following types with your repository: org.springframework.data.keyvalue.repository.KeyValueRepository
2026-03-17T16:18:28.238+05:30  INFO 17220 --- [subscriptionManagementBackend] [restartedMain] .s.d.r.c.RepositoryConfigurationDelegate : Finished Spring Data repository scanning in 7 ms. Found 0 Redis repository interfaces.
2026-03-17T16:18:28.515+05:30  INFO 17220 --- [subscriptionManagementBackend] [restartedMain] o.s.boot.tomcat.TomcatWebServer          : Tomcat initialized with port 1234 (http)
2026-03-17T16:18:28.519+05:30  INFO 17220 --- [subscriptionManagementBackend] [restartedMain] o.apache.catalina.core.StandardService   : Starting service [Tomcat]
2026-03-17T16:18:28.519+05:30  INFO 17220 --- [subscriptionManagementBackend] [restartedMain] o.apache.catalina.core.StandardEngine    : Starting Servlet engine: [Apache Tomcat/11.0.18]
2026-03-17T16:18:28.595+05:30  INFO 17220 --- [subscriptionManagementBackend] [restartedMain] b.w.c.s.WebApplicationContextInitializer : Root WebApplicationContext: initialization completed in 1054 ms
2026-03-17T16:18:28.733+05:30  INFO 17220 --- [subscriptionManagementBackend] [restartedMain] org.hibernate.orm.jpa                    : HHH008540: Processing PersistenceUnitInfo [name: default]
2026-03-17T16:18:28.833+05:30  INFO 17220 --- [subscriptionManagementBackend] [restartedMain] o.s.o.j.p.SpringPersistenceUnitInfo      : No LoadTimeWeaver setup: ignoring JPA class transformer
2026-03-17T16:18:28.837+05:30  INFO 17220 --- [subscriptionManagementBackend] [restartedMain] com.zaxxer.hikari.HikariDataSource       : HikariPool-2 - Starting...
2026-03-17T16:18:29.629+05:30  INFO 17220 --- [subscriptionManagementBackend] [restartedMain] com.zaxxer.hikari.pool.HikariPool        : HikariPool-2 - Added connection org.postgresql.jdbc.PgConnection@4d6a015d
2026-03-17T16:18:29.631+05:30  INFO 17220 --- [subscriptionManagementBackend] [restartedMain] com.zaxxer.hikari.HikariDataSource       : HikariPool-2 - Start completed.
2026-03-17T16:18:29.720+05:30  WARN 17220 --- [subscriptionManagementBackend] [restartedMain] org.hibernate.orm.deprecation            : HHH90000025: PostgreSQLDialect does not need to be specified explicitly using 'hibernate.dialect' (remove the property setting and it will be selected by default)
2026-03-17T16:18:30.049+05:30  INFO 17220 --- [subscriptionManagementBackend] [restartedMain] org.hibernate.orm.connections.pooling    : HHH10001005: Database info:
	Database JDBC URL [jdbc:postgresql://ep-morning-dawn-a1z18fkr-pooler.ap-southeast-1.aws.neon.tech:5432/neondb?sslmode=require&channel_binding=require]
	Database driver: PostgreSQL JDBC Driver
	Database dialect: PostgreSQLDialect
	Database version: 17.8
	Default catalog/schema: neondb/public
	Autocommit mode: undefined/unknown
	Isolation level: READ_COMMITTED [default READ_COMMITTED]
	JDBC fetch size: none
	Pool: DataSourceConnectionProvider
	Minimum pool size: undefined/unknown
	Maximum pool size: undefined/unknown
2026-03-17T16:18:30.179+05:30  INFO 17220 --- [subscriptionManagementBackend] [restartedMain] org.hibernate.orm.core                   : HHH000489: No JTA platform available (set 'hibernate.transaction.jta.platform' to enable JTA platform integration)
2026-03-17T16:18:30.451+05:30  INFO 17220 --- [subscriptionManagementBackend] [restartedMain] j.LocalContainerEntityManagerFactoryBean : Initialized JPA EntityManagerFactory for persistence unit 'default'
2026-03-17T16:18:30.719+05:30  WARN 17220 --- [subscriptionManagementBackend] [restartedMain] JpaBaseConfiguration$JpaWebConfiguration : spring.jpa.open-in-view is enabled by default. Therefore, database queries may be performed during view rendering. Explicitly configure spring.jpa.open-in-view to disable this warning
2026-03-17T16:18:30.760+05:30  INFO 17220 --- [subscriptionManagementBackend] [restartedMain] o.s.v.b.OptionalValidatorFactoryBean     : Failed to set up a Bean Validation provider: jakarta.validation.NoProviderFoundException: Unable to create a Configuration, because no Jakarta Validation provider could be found. Add a provider like Hibernate Validator (RI) to your classpath.
2026-03-17T16:18:31.200+05:30  INFO 17220 --- [subscriptionManagementBackend] [restartedMain] o.s.b.a.e.web.EndpointLinksResolver      : Exposing 1 endpoint beneath base path '/actuator'
2026-03-17T16:18:31.251+05:30  INFO 17220 --- [subscriptionManagementBackend] [restartedMain] o.s.boot.tomcat.TomcatWebServer          : Tomcat started on port 1234 (http) with context path '/'
2026-03-17T16:18:31.264+05:30  INFO 17220 --- [subscriptionManagementBackend] [restartedMain] SubscriptionManagementBackendApplication : Started SubscriptionManagementBackendApplication in 3.789 seconds (process running for 104.557)
2026-03-17T16:18:31.269+05:30  INFO 17220 --- [subscriptionManagementBackend] [restartedMain] .ConditionEvaluationDeltaLoggingListener : Condition evaluation unchanged
2026-03-17T16:20:56.648+05:30  INFO 17220 --- [subscriptionManagementBackend] [File Watcher] rtingClassPathChangeChangedEventListener : Restarting due to 1 class path change (0 additions, 0 deletions, 1 modification)
2026-03-17T16:20:56.653+05:30  INFO 17220 --- [subscriptionManagementBackend] [Thread-6] o.s.boot.tomcat.GracefulShutdown         : Commencing graceful shutdown. Waiting for active requests to complete
2026-03-17T16:20:56.675+05:30  INFO 17220 --- [subscriptionManagementBackend] [tomcat-shutdown] o.s.boot.tomcat.GracefulShutdown         : Graceful shutdown complete
2026-03-17T16:20:56.691+05:30  INFO 17220 --- [subscriptionManagementBackend] [Thread-6] j.LocalContainerEntityManagerFactoryBean : Closing JPA EntityManagerFactory for persistence unit 'default'
2026-03-17T16:20:56.692+05:30  INFO 17220 --- [subscriptionManagementBackend] [Thread-6] com.zaxxer.hikari.HikariDataSource       : HikariPool-2 - Shutdown initiated...
2026-03-17T16:20:57.506+05:30  INFO 17220 --- [subscriptionManagementBackend] [Thread-6] com.zaxxer.hikari.HikariDataSource       : HikariPool-2 - Shutdown completed.
2026-03-17T16:20:57.653+05:30  INFO 17220 --- [subscriptionManagementBackend] [restartedMain] SubscriptionManagementBackendApplication : Starting SubscriptionManagementBackendApplication using Java 23.0.2 with PID 17220 (C:\GitHub\Pratiti Training\Mini Project\subscriptionManagementBackend\target\classes started by rohan in C:\GitHub\Pratiti Training\Mini Project\subscriptionManagementBackend)
2026-03-17T16:20:57.653+05:30 DEBUG 17220 --- [subscriptionManagementBackend] [restartedMain] SubscriptionManagementBackendApplication : Running with Spring Boot v4.0.3, Spring v7.0.5
2026-03-17T16:20:57.653+05:30  INFO 17220 --- [subscriptionManagementBackend] [restartedMain] SubscriptionManagementBackendApplication : No active profile set, falling back to 1 default profile: "default"
2026-03-17T16:20:58.213+05:30  INFO 17220 --- [subscriptionManagementBackend] [restartedMain] .s.d.r.c.RepositoryConfigurationDelegate : Multiple Spring Data modules found, entering strict repository configuration mode
2026-03-17T16:20:58.213+05:30  INFO 17220 --- [subscriptionManagementBackend] [restartedMain] .s.d.r.c.RepositoryConfigurationDelegate : Bootstrapping Spring Data JPA repositories in DEFAULT mode.
2026-03-17T16:20:58.236+05:30  INFO 17220 --- [subscriptionManagementBackend] [restartedMain] .s.d.r.c.RepositoryConfigurationDelegate : Finished Spring Data repository scanning in 20 ms. Found 1 JPA repository interface.
2026-03-17T16:20:58.254+05:30  INFO 17220 --- [subscriptionManagementBackend] [restartedMain] .s.d.r.c.RepositoryConfigurationDelegate : Multiple Spring Data modules found, entering strict repository configuration mode
2026-03-17T16:20:58.254+05:30  INFO 17220 --- [subscriptionManagementBackend] [restartedMain] .s.d.r.c.RepositoryConfigurationDelegate : Bootstrapping Spring Data Redis repositories in DEFAULT mode.
2026-03-17T16:20:58.267+05:30  INFO 17220 --- [subscriptionManagementBackend] [restartedMain] .RepositoryConfigurationExtensionSupport : Spring Data Redis - Could not safely identify store assignment for repository candidate interface com.rohan.repository.UserRepository; If you want this repository to be a Redis repository, consider annotating your entities with one of these annotations: org.springframework.data.redis.core.RedisHash (preferred), or consider extending one of the following types with your repository: org.springframework.data.keyvalue.repository.KeyValueRepository
2026-03-17T16:20:58.268+05:30  INFO 17220 --- [subscriptionManagementBackend] [restartedMain] .s.d.r.c.RepositoryConfigurationDelegate : Finished Spring Data repository scanning in 8 ms. Found 0 Redis repository interfaces.
2026-03-17T16:20:58.536+05:30  INFO 17220 --- [subscriptionManagementBackend] [restartedMain] o.s.boot.tomcat.TomcatWebServer          : Tomcat initialized with port 1234 (http)
2026-03-17T16:20:58.538+05:30  INFO 17220 --- [subscriptionManagementBackend] [restartedMain] o.apache.catalina.core.StandardService   : Starting service [Tomcat]
2026-03-17T16:20:58.538+05:30  INFO 17220 --- [subscriptionManagementBackend] [restartedMain] o.apache.catalina.core.StandardEngine    : Starting Servlet engine: [Apache Tomcat/11.0.18]
2026-03-17T16:20:58.607+05:30  INFO 17220 --- [subscriptionManagementBackend] [restartedMain] b.w.c.s.WebApplicationContextInitializer : Root WebApplicationContext: initialization completed in 951 ms
2026-03-17T16:20:58.691+05:30  INFO 17220 --- [subscriptionManagementBackend] [restartedMain] org.hibernate.orm.jpa                    : HHH008540: Processing PersistenceUnitInfo [name: default]
2026-03-17T16:20:58.764+05:30  INFO 17220 --- [subscriptionManagementBackend] [restartedMain] o.s.o.j.p.SpringPersistenceUnitInfo      : No LoadTimeWeaver setup: ignoring JPA class transformer
2026-03-17T16:20:58.766+05:30  INFO 17220 --- [subscriptionManagementBackend] [restartedMain] com.zaxxer.hikari.HikariDataSource       : HikariPool-3 - Starting...
2026-03-17T16:20:59.564+05:30  INFO 17220 --- [subscriptionManagementBackend] [restartedMain] com.zaxxer.hikari.pool.HikariPool        : HikariPool-3 - Added connection org.postgresql.jdbc.PgConnection@42248c4d
2026-03-17T16:20:59.565+05:30  INFO 17220 --- [subscriptionManagementBackend] [restartedMain] com.zaxxer.hikari.HikariDataSource       : HikariPool-3 - Start completed.
2026-03-17T16:20:59.632+05:30  WARN 17220 --- [subscriptionManagementBackend] [restartedMain] org.hibernate.orm.deprecation            : HHH90000025: PostgreSQLDialect does not need to be specified explicitly using 'hibernate.dialect' (remove the property setting and it will be selected by default)
2026-03-17T16:20:59.896+05:30  INFO 17220 --- [subscriptionManagementBackend] [restartedMain] org.hibernate.orm.connections.pooling    : HHH10001005: Database info:
	Database JDBC URL [jdbc:postgresql://ep-morning-dawn-a1z18fkr-pooler.ap-southeast-1.aws.neon.tech:5432/neondb?sslmode=require&channel_binding=require]
	Database driver: PostgreSQL JDBC Driver
	Database dialect: PostgreSQLDialect
	Database version: 17.8
	Default catalog/schema: neondb/public
	Autocommit mode: undefined/unknown
	Isolation level: READ_COMMITTED [default READ_COMMITTED]
	JDBC fetch size: none
	Pool: DataSourceConnectionProvider
	Minimum pool size: undefined/unknown
	Maximum pool size: undefined/unknown
2026-03-17T16:20:59.978+05:30  INFO 17220 --- [subscriptionManagementBackend] [restartedMain] org.hibernate.orm.core                   : HHH000489: No JTA platform available (set 'hibernate.transaction.jta.platform' to enable JTA platform integration)
2026-03-17T16:21:00.180+05:30  INFO 17220 --- [subscriptionManagementBackend] [restartedMain] j.LocalContainerEntityManagerFactoryBean : Initialized JPA EntityManagerFactory for persistence unit 'default'
2026-03-17T16:21:00.352+05:30  WARN 17220 --- [subscriptionManagementBackend] [restartedMain] JpaBaseConfiguration$JpaWebConfiguration : spring.jpa.open-in-view is enabled by default. Therefore, database queries may be performed during view rendering. Explicitly configure spring.jpa.open-in-view to disable this warning
2026-03-17T16:21:00.379+05:30  INFO 17220 --- [subscriptionManagementBackend] [restartedMain] o.s.v.b.OptionalValidatorFactoryBean     : Failed to set up a Bean Validation provider: jakarta.validation.NoProviderFoundException: Unable to create a Configuration, because no Jakarta Validation provider could be found. Add a provider like Hibernate Validator (RI) to your classpath.
2026-03-17T16:21:00.684+05:30  INFO 17220 --- [subscriptionManagementBackend] [restartedMain] o.s.b.a.e.web.EndpointLinksResolver      : Exposing 1 endpoint beneath base path '/actuator'
2026-03-17T16:21:00.723+05:30  INFO 17220 --- [subscriptionManagementBackend] [restartedMain] o.s.boot.tomcat.TomcatWebServer          : Tomcat started on port 1234 (http) with context path '/'
2026-03-17T16:21:00.729+05:30  INFO 17220 --- [subscriptionManagementBackend] [restartedMain] SubscriptionManagementBackendApplication : Started SubscriptionManagementBackendApplication in 3.128 seconds (process running for 254.023)
2026-03-17T16:21:00.734+05:30  INFO 17220 --- [subscriptionManagementBackend] [restartedMain] .ConditionEvaluationDeltaLoggingListener : Condition evaluation unchanged
2026-03-17T16:21:10.865+05:30  INFO 17220 --- [subscriptionManagementBackend] [http-nio-1234-exec-1] o.a.c.c.C.[Tomcat].[localhost].[/]       : Initializing Spring DispatcherServlet 'dispatcherServlet'
2026-03-17T16:21:10.866+05:30  INFO 17220 --- [subscriptionManagementBackend] [http-nio-1234-exec-1] o.s.web.servlet.DispatcherServlet        : Initializing Servlet 'dispatcherServlet'
2026-03-17T16:21:10.870+05:30  INFO 17220 --- [subscriptionManagementBackend] [http-nio-1234-exec-1] o.s.web.servlet.DispatcherServlet        : Completed initialization in 4 ms
2026-03-17T16:21:11.240+05:30  INFO 17220 --- [subscriptionManagementBackend] [http-nio-1234-exec-4] o.springdoc.api.AbstractOpenApiResource  : Init duration for springdoc-openapi is: 195 ms
2026-03-17T16:21:40.536+05:30  INFO 17220 --- [subscriptionManagementBackend] [http-nio-1234-exec-5] com.rohan.controller.AuthController      : Email in Controller:null
2026-03-17T16:21:40.538+05:30  INFO 17220 --- [subscriptionManagementBackend] [http-nio-1234-exec-5] com.rohan.controller.AuthController      : Email in Controller:EmailRequest[email=null]
2026-03-17T16:21:40.643+05:30  INFO 17220 --- [subscriptionManagementBackend] [http-nio-1234-exec-5] com.rohan.service.OtpServiceImpl         : OTP sent to null :135609
2026-03-17T16:21:40.660+05:30 ERROR 17220 --- [subscriptionManagementBackend] [http-nio-1234-exec-5] o.a.c.c.C.[.[.[/].[dispatcherServlet]    : Servlet.service() for servlet [dispatcherServlet] in context with path [] threw exception [Request processing failed: java.lang.IllegalArgumentException: To address must not be null] with root cause

java.lang.IllegalArgumentException: To address must not be null
	at org.springframework.util.Assert.notNull(Assert.java:182) ~[spring-core-7.0.5.jar:7.0.5]
	at org.springframework.mail.javamail.MimeMessageHelper.setTo(MimeMessageHelper.java:609) ~[spring-context-support-7.0.5.jar:7.0.5]
	at com.rohan.service.EmailService.sendOtp(EmailService.java:22) ~[classes/:na]
	at com.rohan.service.OtpServiceImpl.sendOtp(OtpServiceImpl.java:31) ~[classes/:na]
	at com.rohan.controller.AuthController.sendOtp(AuthController.java:47) ~[classes/:na]
	at java.base/jdk.internal.reflect.DirectMethodHandleAccessor.invoke(DirectMethodHandleAccessor.java:103) ~[na:na]
	at java.base/java.lang.reflect.Method.invoke(Method.java:580) ~[na:na]
	at org.springframework.web.method.support.InvocableHandlerMethod.doInvoke(InvocableHandlerMethod.java:252) ~[spring-web-7.0.5.jar:7.0.5]
	at org.springframework.web.method.support.InvocableHandlerMethod.invokeForRequest(InvocableHandlerMethod.java:184) ~[spring-web-7.0.5.jar:7.0.5]
	at org.springframework.web.servlet.mvc.method.annotation.ServletInvocableHandlerMethod.invokeAndHandle(ServletInvocableHandlerMethod.java:117) ~[spring-webmvc-7.0.5.jar:7.0.5]
	at org.springframework.web.servlet.mvc.method.annotation.RequestMappingHandlerAdapter.invokeHandlerMethod(RequestMappingHandlerAdapter.java:934) ~[spring-webmvc-7.0.5.jar:7.0.5]
	at org.springframework.web.servlet.mvc.method.annotation.RequestMappingHandlerAdapter.handleInternal(RequestMappingHandlerAdapter.java:853) ~[spring-webmvc-7.0.5.jar:7.0.5]
	at org.springframework.web.servlet.mvc.method.AbstractHandlerMethodAdapter.handle(AbstractHandlerMethodAdapter.java:86) ~[spring-webmvc-7.0.5.jar:7.0.5]
	at org.springframework.web.servlet.DispatcherServlet.doDispatch(DispatcherServlet.java:963) ~[spring-webmvc-7.0.5.jar:7.0.5]
	at org.springframework.web.servlet.DispatcherServlet.doService(DispatcherServlet.java:866) ~[spring-webmvc-7.0.5.jar:7.0.5]
	at org.springframework.web.servlet.FrameworkServlet.processRequest(FrameworkServlet.java:1000) ~[spring-webmvc-7.0.5.jar:7.0.5]
	at org.springframework.web.servlet.FrameworkServlet.doPost(FrameworkServlet.java:903) ~[spring-webmvc-7.0.5.jar:7.0.5]
	at jakarta.servlet.http.HttpServlet.service(HttpServlet.java:649) ~[tomcat-embed-core-11.0.18.jar:6.1]
	at org.springframework.web.servlet.FrameworkServlet.service(FrameworkServlet.java:874) ~[spring-webmvc-7.0.5.jar:7.0.5]
	at jakarta.servlet.http.HttpServlet.service(HttpServlet.java:710) ~[tomcat-embed-core-11.0.18.jar:6.1]
	at org.apache.catalina.core.ApplicationFilterChain.doFilter(ApplicationFilterChain.java:128) ~[tomcat-embed-core-11.0.18.jar:11.0.18]
	at org.apache.tomcat.websocket.server.WsFilter.doFilter(WsFilter.java:53) ~[tomcat-embed-websocket-11.0.18.jar:11.0.18]
	at org.apache.catalina.core.ApplicationFilterChain.doFilter(ApplicationFilterChain.java:107) ~[tomcat-embed-core-11.0.18.jar:11.0.18]
	at org.springframework.web.filter.RequestContextFilter.doFilterInternal(RequestContextFilter.java:100) ~[spring-web-7.0.5.jar:7.0.5]
	at org.springframework.web.filter.OncePerRequestFilter.doFilter(OncePerRequestFilter.java:116) ~[spring-web-7.0.5.jar:7.0.5]
	at org.apache.catalina.core.ApplicationFilterChain.doFilter(ApplicationFilterChain.java:107) ~[tomcat-embed-core-11.0.18.jar:11.0.18]
	at org.springframework.web.filter.FormContentFilter.doFilterInternal(FormContentFilter.java:93) ~[spring-web-7.0.5.jar:7.0.5]
	at org.springframework.web.filter.OncePerRequestFilter.doFilter(OncePerRequestFilter.java:116) ~[spring-web-7.0.5.jar:7.0.5]
	at org.apache.catalina.core.ApplicationFilterChain.doFilter(ApplicationFilterChain.java:107) ~[tomcat-embed-core-11.0.18.jar:11.0.18]
	at org.springframework.web.filter.ServerHttpObservationFilter.doFilterInternal(ServerHttpObservationFilter.java:110) ~[spring-web-7.0.5.jar:7.0.5]
	at org.springframework.web.filter.OncePerRequestFilter.doFilter(OncePerRequestFilter.java:116) ~[spring-web-7.0.5.jar:7.0.5]
	at org.apache.catalina.core.ApplicationFilterChain.doFilter(ApplicationFilterChain.java:107) ~[tomcat-embed-core-11.0.18.jar:11.0.18]
	at org.springframework.web.filter.CharacterEncodingFilter.doFilterInternal(CharacterEncodingFilter.java:199) ~[spring-web-7.0.5.jar:7.0.5]
	at org.springframework.web.filter.OncePerRequestFilter.doFilter(OncePerRequestFilter.java:116) ~[spring-web-7.0.5.jar:7.0.5]
	at org.apache.catalina.core.ApplicationFilterChain.doFilter(ApplicationFilterChain.java:107) ~[tomcat-embed-core-11.0.18.jar:11.0.18]
	at org.apache.catalina.core.StandardWrapperValve.invoke(StandardWrapperValve.java:165) ~[tomcat-embed-core-11.0.18.jar:11.0.18]
	at org.apache.catalina.core.StandardContextValve.invoke(StandardContextValve.java:77) ~[tomcat-embed-core-11.0.18.jar:11.0.18]
	at org.apache.catalina.authenticator.AuthenticatorBase.invoke(AuthenticatorBase.java:492) ~[tomcat-embed-core-11.0.18.jar:11.0.18]
	at org.apache.catalina.core.StandardHostValve.invoke(StandardHostValve.java:113) ~[tomcat-embed-core-11.0.18.jar:11.0.18]
	at org.apache.catalina.valves.ErrorReportValve.invoke(ErrorReportValve.java:83) ~[tomcat-embed-core-11.0.18.jar:11.0.18]
	at org.apache.catalina.core.StandardEngineValve.invoke(StandardEngineValve.java:72) ~[tomcat-embed-core-11.0.18.jar:11.0.18]
	at org.apache.catalina.connector.CoyoteAdapter.service(CoyoteAdapter.java:341) ~[tomcat-embed-core-11.0.18.jar:11.0.18]
	at org.apache.coyote.http11.Http11Processor.service(Http11Processor.java:397) ~[tomcat-embed-core-11.0.18.jar:11.0.18]
	at org.apache.coyote.AbstractProcessorLight.process(AbstractProcessorLight.java:63) ~[tomcat-embed-core-11.0.18.jar:11.0.18]
	at org.apache.coyote.AbstractProtocol$ConnectionHandler.process(AbstractProtocol.java:903) ~[tomcat-embed-core-11.0.18.jar:11.0.18]
	at org.apache.tomcat.util.net.NioEndpoint$SocketProcessor.doRun(NioEndpoint.java:1779) ~[tomcat-embed-core-11.0.18.jar:11.0.18]
	at org.apache.tomcat.util.net.SocketProcessorBase.run(SocketProcessorBase.java:52) ~[tomcat-embed-core-11.0.18.jar:11.0.18]
	at org.apache.tomcat.util.threads.ThreadPoolExecutor.runWorker(ThreadPoolExecutor.java:946) ~[tomcat-embed-core-11.0.18.jar:11.0.18]
	at org.apache.tomcat.util.threads.ThreadPoolExecutor$Worker.run(ThreadPoolExecutor.java:480) ~[tomcat-embed-core-11.0.18.jar:11.0.18]
	at org.apache.tomcat.util.threads.TaskThread$WrappingRunnable.run(TaskThread.java:57) ~[tomcat-embed-core-11.0.18.jar:11.0.18]
	at java.base/java.lang.Thread.run(Thread.java:1575) ~[na:na]

2026-03-17T16:32:16.146+05:30  INFO 17220 --- [subscriptionManagementBackend] [File Watcher] rtingClassPathChangeChangedEventListener : Restarting due to 1 class path change (0 additions, 0 deletions, 1 modification)
2026-03-17T16:32:16.151+05:30  INFO 17220 --- [subscriptionManagementBackend] [Thread-10] o.s.boot.tomcat.GracefulShutdown         : Commencing graceful shutdown. Waiting for active requests to complete
2026-03-17T16:32:16.175+05:30  INFO 17220 --- [subscriptionManagementBackend] [tomcat-shutdown] o.s.boot.tomcat.GracefulShutdown         : Graceful shutdown complete
2026-03-17T16:32:16.194+05:30  INFO 17220 --- [subscriptionManagementBackend] [Thread-10] j.LocalContainerEntityManagerFactoryBean : Closing JPA EntityManagerFactory for persistence unit 'default'
2026-03-17T16:32:16.197+05:30  INFO 17220 --- [subscriptionManagementBackend] [Thread-10] com.zaxxer.hikari.HikariDataSource       : HikariPool-3 - Shutdown initiated...
2026-03-17T16:32:16.852+05:30  INFO 17220 --- [subscriptionManagementBackend] [Thread-10] com.zaxxer.hikari.HikariDataSource       : HikariPool-3 - Shutdown completed.
2026-03-17T16:32:17.038+05:30  INFO 17220 --- [subscriptionManagementBackend] [restartedMain] SubscriptionManagementBackendApplication : Starting SubscriptionManagementBackendApplication using Java 23.0.2 with PID 17220 (C:\GitHub\Pratiti Training\Mini Project\subscriptionManagementBackend\target\classes started by rohan in C:\GitHub\Pratiti Training\Mini Project\subscriptionManagementBackend)
2026-03-17T16:32:17.038+05:30 DEBUG 17220 --- [subscriptionManagementBackend] [restartedMain] SubscriptionManagementBackendApplication : Running with Spring Boot v4.0.3, Spring v7.0.5
2026-03-17T16:32:17.038+05:30  INFO 17220 --- [subscriptionManagementBackend] [restartedMain] SubscriptionManagementBackendApplication : No active profile set, falling back to 1 default profile: "default"
2026-03-17T16:32:17.737+05:30  INFO 17220 --- [subscriptionManagementBackend] [restartedMain] .s.d.r.c.RepositoryConfigurationDelegate : Multiple Spring Data modules found, entering strict repository configuration mode
2026-03-17T16:32:17.737+05:30  INFO 17220 --- [subscriptionManagementBackend] [restartedMain] .s.d.r.c.RepositoryConfigurationDelegate : Bootstrapping Spring Data JPA repositories in DEFAULT mode.
2026-03-17T16:32:17.761+05:30  INFO 17220 --- [subscriptionManagementBackend] [restartedMain] .s.d.r.c.RepositoryConfigurationDelegate : Finished Spring Data repository scanning in 18 ms. Found 1 JPA repository interface.
2026-03-17T16:32:17.776+05:30  INFO 17220 --- [subscriptionManagementBackend] [restartedMain] .s.d.r.c.RepositoryConfigurationDelegate : Multiple Spring Data modules found, entering strict repository configuration mode
2026-03-17T16:32:17.776+05:30  INFO 17220 --- [subscriptionManagementBackend] [restartedMain] .s.d.r.c.RepositoryConfigurationDelegate : Bootstrapping Spring Data Redis repositories in DEFAULT mode.
2026-03-17T16:32:17.786+05:30  INFO 17220 --- [subscriptionManagementBackend] [restartedMain] .RepositoryConfigurationExtensionSupport : Spring Data Redis - Could not safely identify store assignment for repository candidate interface com.rohan.repository.UserRepository; If you want this repository to be a Redis repository, consider annotating your entities with one of these annotations: org.springframework.data.redis.core.RedisHash (preferred), or consider extending one of the following types with your repository: org.springframework.data.keyvalue.repository.KeyValueRepository
2026-03-17T16:32:17.786+05:30  INFO 17220 --- [subscriptionManagementBackend] [restartedMain] .s.d.r.c.RepositoryConfigurationDelegate : Finished Spring Data repository scanning in 5 ms. Found 0 Redis repository interfaces.
2026-03-17T16:32:18.118+05:30  INFO 17220 --- [subscriptionManagementBackend] [restartedMain] o.s.boot.tomcat.TomcatWebServer          : Tomcat initialized with port 1234 (http)
2026-03-17T16:32:18.122+05:30  INFO 17220 --- [subscriptionManagementBackend] [restartedMain] o.apache.catalina.core.StandardService   : Starting service [Tomcat]
2026-03-17T16:32:18.122+05:30  INFO 17220 --- [subscriptionManagementBackend] [restartedMain] o.apache.catalina.core.StandardEngine    : Starting Servlet engine: [Apache Tomcat/11.0.18]
2026-03-17T16:32:18.198+05:30  INFO 17220 --- [subscriptionManagementBackend] [restartedMain] b.w.c.s.WebApplicationContextInitializer : Root WebApplicationContext: initialization completed in 1153 ms
2026-03-17T16:32:18.328+05:30  INFO 17220 --- [subscriptionManagementBackend] [restartedMain] org.hibernate.orm.jpa                    : HHH008540: Processing PersistenceUnitInfo [name: default]
2026-03-17T16:32:18.417+05:30  INFO 17220 --- [subscriptionManagementBackend] [restartedMain] o.s.o.j.p.SpringPersistenceUnitInfo      : No LoadTimeWeaver setup: ignoring JPA class transformer
2026-03-17T16:32:18.420+05:30  INFO 17220 --- [subscriptionManagementBackend] [restartedMain] com.zaxxer.hikari.HikariDataSource       : HikariPool-4 - Starting...
2026-03-17T16:32:19.472+05:30  INFO 17220 --- [subscriptionManagementBackend] [restartedMain] com.zaxxer.hikari.pool.HikariPool        : HikariPool-4 - Added connection org.postgresql.jdbc.PgConnection@4d593ad6
2026-03-17T16:32:19.473+05:30  INFO 17220 --- [subscriptionManagementBackend] [restartedMain] com.zaxxer.hikari.HikariDataSource       : HikariPool-4 - Start completed.
2026-03-17T16:32:19.535+05:30  WARN 17220 --- [subscriptionManagementBackend] [restartedMain] org.hibernate.orm.deprecation            : HHH90000025: PostgreSQLDialect does not need to be specified explicitly using 'hibernate.dialect' (remove the property setting and it will be selected by default)
2026-03-17T16:32:19.775+05:30  INFO 17220 --- [subscriptionManagementBackend] [restartedMain] org.hibernate.orm.connections.pooling    : HHH10001005: Database info:
	Database JDBC URL [jdbc:postgresql://ep-morning-dawn-a1z18fkr-pooler.ap-southeast-1.aws.neon.tech:5432/neondb?sslmode=require&channel_binding=require]
	Database driver: PostgreSQL JDBC Driver
	Database dialect: PostgreSQLDialect
	Database version: 17.8
	Default catalog/schema: neondb/public
	Autocommit mode: undefined/unknown
	Isolation level: READ_COMMITTED [default READ_COMMITTED]
	JDBC fetch size: none
	Pool: DataSourceConnectionProvider
	Minimum pool size: undefined/unknown
	Maximum pool size: undefined/unknown
2026-03-17T16:32:19.871+05:30  INFO 17220 --- [subscriptionManagementBackend] [restartedMain] org.hibernate.orm.core                   : HHH000489: No JTA platform available (set 'hibernate.transaction.jta.platform' to enable JTA platform integration)
2026-03-17T16:32:20.059+05:30  INFO 17220 --- [subscriptionManagementBackend] [restartedMain] j.LocalContainerEntityManagerFactoryBean : Initialized JPA EntityManagerFactory for persistence unit 'default'
2026-03-17T16:32:20.272+05:30  WARN 17220 --- [subscriptionManagementBackend] [restartedMain] JpaBaseConfiguration$JpaWebConfiguration : spring.jpa.open-in-view is enabled by default. Therefore, database queries may be performed during view rendering. Explicitly configure spring.jpa.open-in-view to disable this warning
2026-03-17T16:32:20.301+05:30  INFO 17220 --- [subscriptionManagementBackend] [restartedMain] o.s.v.b.OptionalValidatorFactoryBean     : Failed to set up a Bean Validation provider: jakarta.validation.NoProviderFoundException: Unable to create a Configuration, because no Jakarta Validation provider could be found. Add a provider like Hibernate Validator (RI) to your classpath.
2026-03-17T16:32:20.704+05:30  INFO 17220 --- [subscriptionManagementBackend] [restartedMain] o.s.b.a.e.web.EndpointLinksResolver      : Exposing 1 endpoint beneath base path '/actuator'
2026-03-17T16:32:20.756+05:30  INFO 17220 --- [subscriptionManagementBackend] [restartedMain] o.s.boot.tomcat.TomcatWebServer          : Tomcat started on port 1234 (http) with context path '/'
2026-03-17T16:32:20.767+05:30  INFO 17220 --- [subscriptionManagementBackend] [restartedMain] SubscriptionManagementBackendApplication : Started SubscriptionManagementBackendApplication in 3.812 seconds (process running for 934.061)
2026-03-17T16:32:20.770+05:30  INFO 17220 --- [subscriptionManagementBackend] [restartedMain] .ConditionEvaluationDeltaLoggingListener : Condition evaluation unchanged
2026-03-17T16:33:39.383+05:30  INFO 17220 --- [subscriptionManagementBackend] [File Watcher] rtingClassPathChangeChangedEventListener : Restarting due to 1 class path change (0 additions, 0 deletions, 1 modification)
2026-03-17T16:33:39.386+05:30  INFO 17220 --- [subscriptionManagementBackend] [Thread-14] o.s.boot.tomcat.GracefulShutdown         : Commencing graceful shutdown. Waiting for active requests to complete
2026-03-17T16:33:39.411+05:30  INFO 17220 --- [subscriptionManagementBackend] [tomcat-shutdown] o.s.boot.tomcat.GracefulShutdown         : Graceful shutdown complete
2026-03-17T16:33:39.423+05:30  INFO 17220 --- [subscriptionManagementBackend] [Thread-14] j.LocalContainerEntityManagerFactoryBean : Closing JPA EntityManagerFactory for persistence unit 'default'
2026-03-17T16:33:39.425+05:30  INFO 17220 --- [subscriptionManagementBackend] [Thread-14] com.zaxxer.hikari.HikariDataSource       : HikariPool-4 - Shutdown initiated...
2026-03-17T16:33:40.068+05:30  INFO 17220 --- [subscriptionManagementBackend] [Thread-14] com.zaxxer.hikari.HikariDataSource       : HikariPool-4 - Shutdown completed.
2026-03-17T16:33:40.223+05:30  INFO 17220 --- [subscriptionManagementBackend] [restartedMain] SubscriptionManagementBackendApplication : Starting SubscriptionManagementBackendApplication using Java 23.0.2 with PID 17220 (C:\GitHub\Pratiti Training\Mini Project\subscriptionManagementBackend\target\classes started by rohan in C:\GitHub\Pratiti Training\Mini Project\subscriptionManagementBackend)
2026-03-17T16:33:40.223+05:30 DEBUG 17220 --- [subscriptionManagementBackend] [restartedMain] SubscriptionManagementBackendApplication : Running with Spring Boot v4.0.3, Spring v7.0.5
2026-03-17T16:33:40.225+05:30  INFO 17220 --- [subscriptionManagementBackend] [restartedMain] SubscriptionManagementBackendApplication : No active profile set, falling back to 1 default profile: "default"
2026-03-17T16:33:40.739+05:30  INFO 17220 --- [subscriptionManagementBackend] [restartedMain] .s.d.r.c.RepositoryConfigurationDelegate : Multiple Spring Data modules found, entering strict repository configuration mode
2026-03-17T16:33:40.739+05:30  INFO 17220 --- [subscriptionManagementBackend] [restartedMain] .s.d.r.c.RepositoryConfigurationDelegate : Bootstrapping Spring Data JPA repositories in DEFAULT mode.
2026-03-17T16:33:40.757+05:30  INFO 17220 --- [subscriptionManagementBackend] [restartedMain] .s.d.r.c.RepositoryConfigurationDelegate : Finished Spring Data repository scanning in 15 ms. Found 1 JPA repository interface.
2026-03-17T16:33:40.771+05:30  INFO 17220 --- [subscriptionManagementBackend] [restartedMain] .s.d.r.c.RepositoryConfigurationDelegate : Multiple Spring Data modules found, entering strict repository configuration mode
2026-03-17T16:33:40.772+05:30  INFO 17220 --- [subscriptionManagementBackend] [restartedMain] .s.d.r.c.RepositoryConfigurationDelegate : Bootstrapping Spring Data Redis repositories in DEFAULT mode.
2026-03-17T16:33:40.780+05:30  INFO 17220 --- [subscriptionManagementBackend] [restartedMain] .RepositoryConfigurationExtensionSupport : Spring Data Redis - Could not safely identify store assignment for repository candidate interface com.rohan.repository.UserRepository; If you want this repository to be a Redis repository, consider annotating your entities with one of these annotations: org.springframework.data.redis.core.RedisHash (preferred), or consider extending one of the following types with your repository: org.springframework.data.keyvalue.repository.KeyValueRepository
2026-03-17T16:33:40.780+05:30  INFO 17220 --- [subscriptionManagementBackend] [restartedMain] .s.d.r.c.RepositoryConfigurationDelegate : Finished Spring Data repository scanning in 6 ms. Found 0 Redis repository interfaces.
2026-03-17T16:33:41.027+05:30  INFO 17220 --- [subscriptionManagementBackend] [restartedMain] o.s.boot.tomcat.TomcatWebServer          : Tomcat initialized with port 1234 (http)
2026-03-17T16:33:41.031+05:30  INFO 17220 --- [subscriptionManagementBackend] [restartedMain] o.apache.catalina.core.StandardService   : Starting service [Tomcat]
2026-03-17T16:33:41.031+05:30  INFO 17220 --- [subscriptionManagementBackend] [restartedMain] o.apache.catalina.core.StandardEngine    : Starting Servlet engine: [Apache Tomcat/11.0.18]
2026-03-17T16:33:41.101+05:30  INFO 17220 --- [subscriptionManagementBackend] [restartedMain] b.w.c.s.WebApplicationContextInitializer : Root WebApplicationContext: initialization completed in 872 ms
2026-03-17T16:33:41.198+05:30  INFO 17220 --- [subscriptionManagementBackend] [restartedMain] org.hibernate.orm.jpa                    : HHH008540: Processing PersistenceUnitInfo [name: default]
2026-03-17T16:33:41.278+05:30  INFO 17220 --- [subscriptionManagementBackend] [restartedMain] o.s.o.j.p.SpringPersistenceUnitInfo      : No LoadTimeWeaver setup: ignoring JPA class transformer
2026-03-17T16:33:41.280+05:30  INFO 17220 --- [subscriptionManagementBackend] [restartedMain] com.zaxxer.hikari.HikariDataSource       : HikariPool-5 - Starting...
2026-03-17T16:33:41.934+05:30  INFO 17220 --- [subscriptionManagementBackend] [restartedMain] com.zaxxer.hikari.pool.HikariPool        : HikariPool-5 - Added connection org.postgresql.jdbc.PgConnection@42273318
2026-03-17T16:33:41.935+05:30  INFO 17220 --- [subscriptionManagementBackend] [restartedMain] com.zaxxer.hikari.HikariDataSource       : HikariPool-5 - Start completed.
2026-03-17T16:33:42.007+05:30  WARN 17220 --- [subscriptionManagementBackend] [restartedMain] org.hibernate.orm.deprecation            : HHH90000025: PostgreSQLDialect does not need to be specified explicitly using 'hibernate.dialect' (remove the property setting and it will be selected by default)
2026-03-17T16:33:42.272+05:30  INFO 17220 --- [subscriptionManagementBackend] [restartedMain] org.hibernate.orm.connections.pooling    : HHH10001005: Database info:
	Database JDBC URL [jdbc:postgresql://ep-morning-dawn-a1z18fkr-pooler.ap-southeast-1.aws.neon.tech:5432/neondb?sslmode=require&channel_binding=require]
	Database driver: PostgreSQL JDBC Driver
	Database dialect: PostgreSQLDialect
	Database version: 17.8
	Default catalog/schema: neondb/public
	Autocommit mode: undefined/unknown
	Isolation level: READ_COMMITTED [default READ_COMMITTED]
	JDBC fetch size: none
	Pool: DataSourceConnectionProvider
	Minimum pool size: undefined/unknown
	Maximum pool size: undefined/unknown
2026-03-17T16:33:42.362+05:30  INFO 17220 --- [subscriptionManagementBackend] [restartedMain] org.hibernate.orm.core                   : HHH000489: No JTA platform available (set 'hibernate.transaction.jta.platform' to enable JTA platform integration)
2026-03-17T16:33:42.572+05:30  INFO 17220 --- [subscriptionManagementBackend] [restartedMain] j.LocalContainerEntityManagerFactoryBean : Initialized JPA EntityManagerFactory for persistence unit 'default'
2026-03-17T16:33:42.762+05:30  WARN 17220 --- [subscriptionManagementBackend] [restartedMain] JpaBaseConfiguration$JpaWebConfiguration : spring.jpa.open-in-view is enabled by default. Therefore, database queries may be performed during view rendering. Explicitly configure spring.jpa.open-in-view to disable this warning
2026-03-17T16:33:42.787+05:30  INFO 17220 --- [subscriptionManagementBackend] [restartedMain] o.s.v.b.OptionalValidatorFactoryBean     : Failed to set up a Bean Validation provider: jakarta.validation.NoProviderFoundException: Unable to create a Configuration, because no Jakarta Validation provider could be found. Add a provider like Hibernate Validator (RI) to your classpath.
2026-03-17T16:33:43.142+05:30  INFO 17220 --- [subscriptionManagementBackend] [restartedMain] o.s.b.a.e.web.EndpointLinksResolver      : Exposing 1 endpoint beneath base path '/actuator'
2026-03-17T16:33:43.193+05:30  INFO 17220 --- [subscriptionManagementBackend] [restartedMain] o.s.boot.tomcat.TomcatWebServer          : Tomcat started on port 1234 (http) with context path '/'
2026-03-17T16:33:43.203+05:30  INFO 17220 --- [subscriptionManagementBackend] [restartedMain] SubscriptionManagementBackendApplication : Started SubscriptionManagementBackendApplication in 3.029 seconds (process running for 1016.497)
2026-03-17T16:33:43.207+05:30  INFO 17220 --- [subscriptionManagementBackend] [restartedMain] .ConditionEvaluationDeltaLoggingListener : Condition evaluation unchanged
2026-03-17T16:34:21.623+05:30  INFO 17220 --- [subscriptionManagementBackend] [File Watcher] rtingClassPathChangeChangedEventListener : Restarting due to 1 class path change (0 additions, 0 deletions, 1 modification)
2026-03-17T16:34:21.625+05:30  INFO 17220 --- [subscriptionManagementBackend] [Thread-18] o.s.boot.tomcat.GracefulShutdown         : Commencing graceful shutdown. Waiting for active requests to complete
2026-03-17T16:34:21.649+05:30  INFO 17220 --- [subscriptionManagementBackend] [tomcat-shutdown] o.s.boot.tomcat.GracefulShutdown         : Graceful shutdown complete
2026-03-17T16:34:21.660+05:30  INFO 17220 --- [subscriptionManagementBackend] [Thread-18] j.LocalContainerEntityManagerFactoryBean : Closing JPA EntityManagerFactory for persistence unit 'default'
2026-03-17T16:34:21.661+05:30  INFO 17220 --- [subscriptionManagementBackend] [Thread-18] com.zaxxer.hikari.HikariDataSource       : HikariPool-5 - Shutdown initiated...
2026-03-17T16:34:22.279+05:30  INFO 17220 --- [subscriptionManagementBackend] [Thread-18] com.zaxxer.hikari.HikariDataSource       : HikariPool-5 - Shutdown completed.
2026-03-17T16:34:22.444+05:30  INFO 17220 --- [subscriptionManagementBackend] [restartedMain] SubscriptionManagementBackendApplication : Starting SubscriptionManagementBackendApplication using Java 23.0.2 with PID 17220 (C:\GitHub\Pratiti Training\Mini Project\subscriptionManagementBackend\target\classes started by rohan in C:\GitHub\Pratiti Training\Mini Project\subscriptionManagementBackend)
2026-03-17T16:34:22.445+05:30 DEBUG 17220 --- [subscriptionManagementBackend] [restartedMain] SubscriptionManagementBackendApplication : Running with Spring Boot v4.0.3, Spring v7.0.5
2026-03-17T16:34:22.445+05:30  INFO 17220 --- [subscriptionManagementBackend] [restartedMain] SubscriptionManagementBackendApplication : No active profile set, falling back to 1 default profile: "default"
2026-03-17T16:34:22.960+05:30  INFO 17220 --- [subscriptionManagementBackend] [restartedMain] .s.d.r.c.RepositoryConfigurationDelegate : Multiple Spring Data modules found, entering strict repository configuration mode
2026-03-17T16:34:22.960+05:30  INFO 17220 --- [subscriptionManagementBackend] [restartedMain] .s.d.r.c.RepositoryConfigurationDelegate : Bootstrapping Spring Data JPA repositories in DEFAULT mode.
2026-03-17T16:34:22.988+05:30  INFO 17220 --- [subscriptionManagementBackend] [restartedMain] .s.d.r.c.RepositoryConfigurationDelegate : Finished Spring Data repository scanning in 24 ms. Found 1 JPA repository interface.
2026-03-17T16:34:23.001+05:30  INFO 17220 --- [subscriptionManagementBackend] [restartedMain] .s.d.r.c.RepositoryConfigurationDelegate : Multiple Spring Data modules found, entering strict repository configuration mode
2026-03-17T16:34:23.001+05:30  INFO 17220 --- [subscriptionManagementBackend] [restartedMain] .s.d.r.c.RepositoryConfigurationDelegate : Bootstrapping Spring Data Redis repositories in DEFAULT mode.
2026-03-17T16:34:23.008+05:30  INFO 17220 --- [subscriptionManagementBackend] [restartedMain] .RepositoryConfigurationExtensionSupport : Spring Data Redis - Could not safely identify store assignment for repository candidate interface com.rohan.repository.UserRepository; If you want this repository to be a Redis repository, consider annotating your entities with one of these annotations: org.springframework.data.redis.core.RedisHash (preferred), or consider extending one of the following types with your repository: org.springframework.data.keyvalue.repository.KeyValueRepository
2026-03-17T16:34:23.008+05:30  INFO 17220 --- [subscriptionManagementBackend] [restartedMain] .s.d.r.c.RepositoryConfigurationDelegate : Finished Spring Data repository scanning in 4 ms. Found 0 Redis repository interfaces.
2026-03-17T16:34:23.236+05:30  INFO 17220 --- [subscriptionManagementBackend] [restartedMain] o.s.boot.tomcat.TomcatWebServer          : Tomcat initialized with port 1234 (http)
2026-03-17T16:34:23.237+05:30  INFO 17220 --- [subscriptionManagementBackend] [restartedMain] o.apache.catalina.core.StandardService   : Starting service [Tomcat]
2026-03-17T16:34:23.237+05:30  INFO 17220 --- [subscriptionManagementBackend] [restartedMain] o.apache.catalina.core.StandardEngine    : Starting Servlet engine: [Apache Tomcat/11.0.18]
2026-03-17T16:34:23.302+05:30  INFO 17220 --- [subscriptionManagementBackend] [restartedMain] b.w.c.s.WebApplicationContextInitializer : Root WebApplicationContext: initialization completed in 853 ms
2026-03-17T16:34:23.390+05:30  INFO 17220 --- [subscriptionManagementBackend] [restartedMain] org.hibernate.orm.jpa                    : HHH008540: Processing PersistenceUnitInfo [name: default]
2026-03-17T16:34:23.460+05:30  INFO 17220 --- [subscriptionManagementBackend] [restartedMain] o.s.o.j.p.SpringPersistenceUnitInfo      : No LoadTimeWeaver setup: ignoring JPA class transformer
2026-03-17T16:34:23.462+05:30  INFO 17220 --- [subscriptionManagementBackend] [restartedMain] com.zaxxer.hikari.HikariDataSource       : HikariPool-6 - Starting...
2026-03-17T16:34:24.058+05:30  INFO 17220 --- [subscriptionManagementBackend] [restartedMain] com.zaxxer.hikari.pool.HikariPool        : HikariPool-6 - Added connection org.postgresql.jdbc.PgConnection@25c8bc55
2026-03-17T16:34:24.059+05:30  INFO 17220 --- [subscriptionManagementBackend] [restartedMain] com.zaxxer.hikari.HikariDataSource       : HikariPool-6 - Start completed.
2026-03-17T16:34:24.120+05:30  WARN 17220 --- [subscriptionManagementBackend] [restartedMain] org.hibernate.orm.deprecation            : HHH90000025: PostgreSQLDialect does not need to be specified explicitly using 'hibernate.dialect' (remove the property setting and it will be selected by default)
2026-03-17T16:34:24.359+05:30  INFO 17220 --- [subscriptionManagementBackend] [restartedMain] org.hibernate.orm.connections.pooling    : HHH10001005: Database info:
	Database JDBC URL [jdbc:postgresql://ep-morning-dawn-a1z18fkr-pooler.ap-southeast-1.aws.neon.tech:5432/neondb?sslmode=require&channel_binding=require]
	Database driver: PostgreSQL JDBC Driver
	Database dialect: PostgreSQLDialect
	Database version: 17.8
	Default catalog/schema: neondb/public
	Autocommit mode: undefined/unknown
	Isolation level: READ_COMMITTED [default READ_COMMITTED]
	JDBC fetch size: none
	Pool: DataSourceConnectionProvider
	Minimum pool size: undefined/unknown
	Maximum pool size: undefined/unknown
2026-03-17T16:34:24.443+05:30  INFO 17220 --- [subscriptionManagementBackend] [restartedMain] org.hibernate.orm.core                   : HHH000489: No JTA platform available (set 'hibernate.transaction.jta.platform' to enable JTA platform integration)
2026-03-17T16:34:24.936+05:30  INFO 17220 --- [subscriptionManagementBackend] [restartedMain] j.LocalContainerEntityManagerFactoryBean : Initialized JPA EntityManagerFactory for persistence unit 'default'
2026-03-17T16:34:25.094+05:30  WARN 17220 --- [subscriptionManagementBackend] [restartedMain] JpaBaseConfiguration$JpaWebConfiguration : spring.jpa.open-in-view is enabled by default. Therefore, database queries may be performed during view rendering. Explicitly configure spring.jpa.open-in-view to disable this warning
2026-03-17T16:34:25.119+05:30  INFO 17220 --- [subscriptionManagementBackend] [restartedMain] o.s.v.b.OptionalValidatorFactoryBean     : Failed to set up a Bean Validation provider: jakarta.validation.NoProviderFoundException: Unable to create a Configuration, because no Jakarta Validation provider could be found. Add a provider like Hibernate Validator (RI) to your classpath.
2026-03-17T16:34:25.426+05:30  INFO 17220 --- [subscriptionManagementBackend] [restartedMain] o.s.b.a.e.web.EndpointLinksResolver      : Exposing 1 endpoint beneath base path '/actuator'
2026-03-17T16:34:25.473+05:30  INFO 17220 --- [subscriptionManagementBackend] [restartedMain] o.s.boot.tomcat.TomcatWebServer          : Tomcat started on port 1234 (http) with context path '/'
2026-03-17T16:34:25.481+05:30  INFO 17220 --- [subscriptionManagementBackend] [restartedMain] SubscriptionManagementBackendApplication : Started SubscriptionManagementBackendApplication in 3.09 seconds (process running for 1058.775)
2026-03-17T16:34:25.489+05:30  INFO 17220 --- [subscriptionManagementBackend] [restartedMain] .ConditionEvaluationDeltaLoggingListener : Condition evaluation unchanged
2026-03-17T16:56:13.867+05:30  WARN 17220 --- [subscriptionManagementBackend] [HikariPool-6:housekeeper] com.zaxxer.hikari.pool.PoolBase          : HikariPool-6 - Failed to validate connection org.postgresql.jdbc.PgConnection@2911611f (This connection has been closed.). Possibly consider using a shorter maxLifetime value.
2026-03-17T16:56:13.868+05:30  WARN 17220 --- [subscriptionManagementBackend] [HikariPool-6:housekeeper] com.zaxxer.hikari.pool.HikariPool        : HikariPool-6 - Thread starvation or clock leap detected (housekeeper delta=17m19s635ms775µs200ns).
2026-03-17T16:56:13.934+05:30  WARN 17220 --- [subscriptionManagementBackend] [HikariPool-6:housekeeper] com.zaxxer.hikari.pool.PoolBase          : HikariPool-6 - Failed to validate connection org.postgresql.jdbc.PgConnection@5fe4230b (This connection has been closed.). Possibly consider using a shorter maxLifetime value.
2026-03-17T16:56:14.003+05:30  WARN 17220 --- [subscriptionManagementBackend] [HikariPool-6:housekeeper] com.zaxxer.hikari.pool.PoolBase          : HikariPool-6 - Failed to validate connection org.postgresql.jdbc.PgConnection@f44b49f (This connection has been closed.). Possibly consider using a shorter maxLifetime value.
2026-03-17T16:56:14.072+05:30  WARN 17220 --- [subscriptionManagementBackend] [HikariPool-6:housekeeper] com.zaxxer.hikari.pool.PoolBase          : HikariPool-6 - Failed to validate connection org.postgresql.jdbc.PgConnection@2dff35f1 (This connection has been closed.). Possibly consider using a shorter maxLifetime value.
2026-03-17T16:56:14.138+05:30  WARN 17220 --- [subscriptionManagementBackend] [HikariPool-6:housekeeper] com.zaxxer.hikari.pool.PoolBase          : HikariPool-6 - Failed to validate connection org.postgresql.jdbc.PgConnection@49939966 (This connection has been closed.). Possibly consider using a shorter maxLifetime value.
2026-03-17T16:56:14.197+05:30  WARN 17220 --- [subscriptionManagementBackend] [HikariPool-6:housekeeper] com.zaxxer.hikari.pool.PoolBase          : HikariPool-6 - Failed to validate connection org.postgresql.jdbc.PgConnection@37111724 (This connection has been closed.). Possibly consider using a shorter maxLifetime value.
2026-03-17T16:56:14.256+05:30  WARN 17220 --- [subscriptionManagementBackend] [HikariPool-6:housekeeper] com.zaxxer.hikari.pool.PoolBase          : HikariPool-6 - Failed to validate connection org.postgresql.jdbc.PgConnection@25c8bc55 (This connection has been closed.). Possibly consider using a shorter maxLifetime value.
2026-03-17T16:56:14.319+05:30  WARN 17220 --- [subscriptionManagementBackend] [HikariPool-6:housekeeper] com.zaxxer.hikari.pool.PoolBase          : HikariPool-6 - Failed to validate connection org.postgresql.jdbc.PgConnection@1ddbbd15 (This connection has been closed.). Possibly consider using a shorter maxLifetime value.
2026-03-17T16:56:14.387+05:30  WARN 17220 --- [subscriptionManagementBackend] [HikariPool-6:housekeeper] com.zaxxer.hikari.pool.PoolBase          : HikariPool-6 - Failed to validate connection org.postgresql.jdbc.PgConnection@49df53e2 (This connection has been closed.). Possibly consider using a shorter maxLifetime value.
2026-03-17T16:56:14.448+05:30  WARN 17220 --- [subscriptionManagementBackend] [HikariPool-6:housekeeper] com.zaxxer.hikari.pool.PoolBase          : HikariPool-6 - Failed to validate connection org.postgresql.jdbc.PgConnection@1c52ab16 (This connection has been closed.). Possibly consider using a shorter maxLifetime value.
2026-03-17T16:56:43.433+05:30  INFO 17220 --- [subscriptionManagementBackend] [File Watcher] rtingClassPathChangeChangedEventListener : Restarting due to 1 class path change (0 additions, 0 deletions, 1 modification)
2026-03-17T16:56:43.658+05:30  INFO 17220 --- [subscriptionManagementBackend] [Thread-22] o.s.boot.tomcat.GracefulShutdown         : Commencing graceful shutdown. Waiting for active requests to complete
2026-03-17T16:56:43.766+05:30  INFO 17220 --- [subscriptionManagementBackend] [tomcat-shutdown] o.s.boot.tomcat.GracefulShutdown         : Graceful shutdown complete
2026-03-17T16:56:44.143+05:30  INFO 17220 --- [subscriptionManagementBackend] [Thread-22] j.LocalContainerEntityManagerFactoryBean : Closing JPA EntityManagerFactory for persistence unit 'default'
2026-03-17T16:56:44.208+05:30  INFO 17220 --- [subscriptionManagementBackend] [Thread-22] com.zaxxer.hikari.HikariDataSource       : HikariPool-6 - Shutdown initiated...
2026-03-17T16:56:44.889+05:30  INFO 17220 --- [subscriptionManagementBackend] [Thread-22] com.zaxxer.hikari.HikariDataSource       : HikariPool-6 - Shutdown completed.
2026-03-17T16:56:45.832+05:30  INFO 17220 --- [subscriptionManagementBackend] [restartedMain] SubscriptionManagementBackendApplication : Starting SubscriptionManagementBackendApplication using Java 23.0.2 with PID 17220 (C:\GitHub\Pratiti Training\Mini Project\subscriptionManagementBackend\target\classes started by rohan in C:\GitHub\Pratiti Training\Mini Project\subscriptionManagementBackend)
2026-03-17T16:56:45.832+05:30 DEBUG 17220 --- [subscriptionManagementBackend] [restartedMain] SubscriptionManagementBackendApplication : Running with Spring Boot v4.0.3, Spring v7.0.5
2026-03-17T16:56:45.833+05:30  INFO 17220 --- [subscriptionManagementBackend] [restartedMain] SubscriptionManagementBackendApplication : No active profile set, falling back to 1 default profile: "default"
2026-03-17T16:56:46.577+05:30  INFO 17220 --- [subscriptionManagementBackend] [restartedMain] .s.d.r.c.RepositoryConfigurationDelegate : Multiple Spring Data modules found, entering strict repository configuration mode
2026-03-17T16:56:46.577+05:30  INFO 17220 --- [subscriptionManagementBackend] [restartedMain] .s.d.r.c.RepositoryConfigurationDelegate : Bootstrapping Spring Data JPA repositories in DEFAULT mode.
2026-03-17T16:56:46.613+05:30  INFO 17220 --- [subscriptionManagementBackend] [restartedMain] .s.d.r.c.RepositoryConfigurationDelegate : Finished Spring Data repository scanning in 30 ms. Found 1 JPA repository interface.
2026-03-17T16:56:46.645+05:30  INFO 17220 --- [subscriptionManagementBackend] [restartedMain] .s.d.r.c.RepositoryConfigurationDelegate : Multiple Spring Data modules found, entering strict repository configuration mode
2026-03-17T16:56:46.646+05:30  INFO 17220 --- [subscriptionManagementBackend] [restartedMain] .s.d.r.c.RepositoryConfigurationDelegate : Bootstrapping Spring Data Redis repositories in DEFAULT mode.
2026-03-17T16:56:46.663+05:30  INFO 17220 --- [subscriptionManagementBackend] [restartedMain] .RepositoryConfigurationExtensionSupport : Spring Data Redis - Could not safely identify store assignment for repository candidate interface com.rohan.repository.UserRepository; If you want this repository to be a Redis repository, consider annotating your entities with one of these annotations: org.springframework.data.redis.core.RedisHash (preferred), or consider extending one of the following types with your repository: org.springframework.data.keyvalue.repository.KeyValueRepository
2026-03-17T16:56:46.663+05:30  INFO 17220 --- [subscriptionManagementBackend] [restartedMain] .s.d.r.c.RepositoryConfigurationDelegate : Finished Spring Data repository scanning in 9 ms. Found 0 Redis repository interfaces.
2026-03-17T16:56:47.111+05:30  INFO 17220 --- [subscriptionManagementBackend] [restartedMain] o.s.boot.tomcat.TomcatWebServer          : Tomcat initialized with port 1234 (http)
2026-03-17T16:56:47.117+05:30  INFO 17220 --- [subscriptionManagementBackend] [restartedMain] o.apache.catalina.core.StandardService   : Starting service [Tomcat]
2026-03-17T16:56:47.118+05:30  INFO 17220 --- [subscriptionManagementBackend] [restartedMain] o.apache.catalina.core.StandardEngine    : Starting Servlet engine: [Apache Tomcat/11.0.18]
2026-03-17T16:56:47.204+05:30  INFO 17220 --- [subscriptionManagementBackend] [restartedMain] b.w.c.s.WebApplicationContextInitializer : Root WebApplicationContext: initialization completed in 1362 ms
2026-03-17T16:56:47.327+05:30  INFO 17220 --- [subscriptionManagementBackend] [restartedMain] org.hibernate.orm.jpa                    : HHH008540: Processing PersistenceUnitInfo [name: default]
2026-03-17T16:56:47.409+05:30  INFO 17220 --- [subscriptionManagementBackend] [restartedMain] o.s.o.j.p.SpringPersistenceUnitInfo      : No LoadTimeWeaver setup: ignoring JPA class transformer
2026-03-17T16:56:47.411+05:30  INFO 17220 --- [subscriptionManagementBackend] [restartedMain] com.zaxxer.hikari.HikariDataSource       : HikariPool-7 - Starting...
2026-03-17T16:56:47.975+05:30  INFO 17220 --- [subscriptionManagementBackend] [restartedMain] com.zaxxer.hikari.pool.HikariPool        : HikariPool-7 - Added connection org.postgresql.jdbc.PgConnection@71639d13
2026-03-17T16:56:47.975+05:30  INFO 17220 --- [subscriptionManagementBackend] [restartedMain] com.zaxxer.hikari.HikariDataSource       : HikariPool-7 - Start completed.
2026-03-17T16:56:48.097+05:30  WARN 17220 --- [subscriptionManagementBackend] [restartedMain] org.hibernate.orm.deprecation            : HHH90000025: PostgreSQLDialect does not need to be specified explicitly using 'hibernate.dialect' (remove the property setting and it will be selected by default)
2026-03-17T16:56:48.351+05:30  INFO 17220 --- [subscriptionManagementBackend] [restartedMain] org.hibernate.orm.connections.pooling    : HHH10001005: Database info:
	Database JDBC URL [jdbc:postgresql://ep-morning-dawn-a1z18fkr-pooler.ap-southeast-1.aws.neon.tech:5432/neondb?sslmode=require&channel_binding=require]
	Database driver: PostgreSQL JDBC Driver
	Database dialect: PostgreSQLDialect
	Database version: 17.8
	Default catalog/schema: neondb/public
	Autocommit mode: undefined/unknown
	Isolation level: READ_COMMITTED [default READ_COMMITTED]
	JDBC fetch size: none
	Pool: DataSourceConnectionProvider
	Minimum pool size: undefined/unknown
	Maximum pool size: undefined/unknown
2026-03-17T16:56:48.428+05:30  INFO 17220 --- [subscriptionManagementBackend] [restartedMain] org.hibernate.orm.core                   : HHH000489: No JTA platform available (set 'hibernate.transaction.jta.platform' to enable JTA platform integration)
2026-03-17T16:56:48.762+05:30  INFO 17220 --- [subscriptionManagementBackend] [restartedMain] j.LocalContainerEntityManagerFactoryBean : Initialized JPA EntityManagerFactory for persistence unit 'default'
2026-03-17T16:56:48.956+05:30  WARN 17220 --- [subscriptionManagementBackend] [restartedMain] JpaBaseConfiguration$JpaWebConfiguration : spring.jpa.open-in-view is enabled by default. Therefore, database queries may be performed during view rendering. Explicitly configure spring.jpa.open-in-view to disable this warning
2026-03-17T16:56:48.987+05:30  INFO 17220 --- [subscriptionManagementBackend] [restartedMain] o.s.v.b.OptionalValidatorFactoryBean     : Failed to set up a Bean Validation provider: jakarta.validation.NoProviderFoundException: Unable to create a Configuration, because no Jakarta Validation provider could be found. Add a provider like Hibernate Validator (RI) to your classpath.
2026-03-17T16:56:49.356+05:30  INFO 17220 --- [subscriptionManagementBackend] [restartedMain] o.s.b.a.e.web.EndpointLinksResolver      : Exposing 1 endpoint beneath base path '/actuator'
2026-03-17T16:56:49.400+05:30  INFO 17220 --- [subscriptionManagementBackend] [restartedMain] o.s.boot.tomcat.TomcatWebServer          : Tomcat started on port 1234 (http) with context path '/'
2026-03-17T16:56:49.406+05:30  INFO 17220 --- [subscriptionManagementBackend] [restartedMain] SubscriptionManagementBackendApplication : Started SubscriptionManagementBackendApplication in 3.687 seconds (process running for 2402.7)
2026-03-17T16:56:49.409+05:30  INFO 17220 --- [subscriptionManagementBackend] [restartedMain] .ConditionEvaluationDeltaLoggingListener : Condition evaluation unchanged
2026-03-17T16:57:57.976+05:30  INFO 17220 --- [subscriptionManagementBackend] [File Watcher] rtingClassPathChangeChangedEventListener : Restarting due to 1 class path change (0 additions, 0 deletions, 1 modification)
2026-03-17T16:57:57.979+05:30  INFO 17220 --- [subscriptionManagementBackend] [Thread-26] o.s.boot.tomcat.GracefulShutdown         : Commencing graceful shutdown. Waiting for active requests to complete
2026-03-17T16:57:57.995+05:30  INFO 17220 --- [subscriptionManagementBackend] [tomcat-shutdown] o.s.boot.tomcat.GracefulShutdown         : Graceful shutdown complete
2026-03-17T16:57:58.002+05:30  INFO 17220 --- [subscriptionManagementBackend] [Thread-26] j.LocalContainerEntityManagerFactoryBean : Closing JPA EntityManagerFactory for persistence unit 'default'
2026-03-17T16:57:58.003+05:30  INFO 17220 --- [subscriptionManagementBackend] [Thread-26] com.zaxxer.hikari.HikariDataSource       : HikariPool-7 - Shutdown initiated...
2026-03-17T16:57:58.594+05:30  INFO 17220 --- [subscriptionManagementBackend] [Thread-26] com.zaxxer.hikari.HikariDataSource       : HikariPool-7 - Shutdown completed.
2026-03-17T16:57:58.732+05:30  INFO 17220 --- [subscriptionManagementBackend] [restartedMain] SubscriptionManagementBackendApplication : Starting SubscriptionManagementBackendApplication using Java 23.0.2 with PID 17220 (C:\GitHub\Pratiti Training\Mini Project\subscriptionManagementBackend\target\classes started by rohan in C:\GitHub\Pratiti Training\Mini Project\subscriptionManagementBackend)
2026-03-17T16:57:58.732+05:30 DEBUG 17220 --- [subscriptionManagementBackend] [restartedMain] SubscriptionManagementBackendApplication : Running with Spring Boot v4.0.3, Spring v7.0.5
2026-03-17T16:57:58.732+05:30  INFO 17220 --- [subscriptionManagementBackend] [restartedMain] SubscriptionManagementBackendApplication : No active profile set, falling back to 1 default profile: "default"
2026-03-17T16:57:59.225+05:30  INFO 17220 --- [subscriptionManagementBackend] [restartedMain] .s.d.r.c.RepositoryConfigurationDelegate : Multiple Spring Data modules found, entering strict repository configuration mode
2026-03-17T16:57:59.225+05:30  INFO 17220 --- [subscriptionManagementBackend] [restartedMain] .s.d.r.c.RepositoryConfigurationDelegate : Bootstrapping Spring Data JPA repositories in DEFAULT mode.
2026-03-17T16:57:59.244+05:30  INFO 17220 --- [subscriptionManagementBackend] [restartedMain] .s.d.r.c.RepositoryConfigurationDelegate : Finished Spring Data repository scanning in 15 ms. Found 1 JPA repository interface.
2026-03-17T16:57:59.257+05:30  INFO 17220 --- [subscriptionManagementBackend] [restartedMain] .s.d.r.c.RepositoryConfigurationDelegate : Multiple Spring Data modules found, entering strict repository configuration mode
2026-03-17T16:57:59.258+05:30  INFO 17220 --- [subscriptionManagementBackend] [restartedMain] .s.d.r.c.RepositoryConfigurationDelegate : Bootstrapping Spring Data Redis repositories in DEFAULT mode.
2026-03-17T16:57:59.264+05:30  INFO 17220 --- [subscriptionManagementBackend] [restartedMain] .RepositoryConfigurationExtensionSupport : Spring Data Redis - Could not safely identify store assignment for repository candidate interface com.rohan.repository.UserRepository; If you want this repository to be a Redis repository, consider annotating your entities with one of these annotations: org.springframework.data.redis.core.RedisHash (preferred), or consider extending one of the following types with your repository: org.springframework.data.keyvalue.repository.KeyValueRepository
2026-03-17T16:57:59.265+05:30  INFO 17220 --- [subscriptionManagementBackend] [restartedMain] .s.d.r.c.RepositoryConfigurationDelegate : Finished Spring Data repository scanning in 4 ms. Found 0 Redis repository interfaces.
2026-03-17T16:57:59.502+05:30  INFO 17220 --- [subscriptionManagementBackend] [restartedMain] o.s.boot.tomcat.TomcatWebServer          : Tomcat initialized with port 1234 (http)
2026-03-17T16:57:59.505+05:30  INFO 17220 --- [subscriptionManagementBackend] [restartedMain] o.apache.catalina.core.StandardService   : Starting service [Tomcat]
2026-03-17T16:57:59.505+05:30  INFO 17220 --- [subscriptionManagementBackend] [restartedMain] o.apache.catalina.core.StandardEngine    : Starting Servlet engine: [Apache Tomcat/11.0.18]
2026-03-17T16:57:59.580+05:30  INFO 17220 --- [subscriptionManagementBackend] [restartedMain] b.w.c.s.WebApplicationContextInitializer : Root WebApplicationContext: initialization completed in 844 ms
2026-03-17T16:57:59.682+05:30  INFO 17220 --- [subscriptionManagementBackend] [restartedMain] org.hibernate.orm.jpa                    : HHH008540: Processing PersistenceUnitInfo [name: default]
2026-03-17T16:57:59.770+05:30  INFO 17220 --- [subscriptionManagementBackend] [restartedMain] o.s.o.j.p.SpringPersistenceUnitInfo      : No LoadTimeWeaver setup: ignoring JPA class transformer
2026-03-17T16:57:59.772+05:30  INFO 17220 --- [subscriptionManagementBackend] [restartedMain] com.zaxxer.hikari.HikariDataSource       : HikariPool-8 - Starting...
2026-03-17T16:58:00.728+05:30  INFO 17220 --- [subscriptionManagementBackend] [restartedMain] com.zaxxer.hikari.pool.HikariPool        : HikariPool-8 - Added connection org.postgresql.jdbc.PgConnection@4e732ca7
2026-03-17T16:58:00.729+05:30  INFO 17220 --- [subscriptionManagementBackend] [restartedMain] com.zaxxer.hikari.HikariDataSource       : HikariPool-8 - Start completed.
2026-03-17T16:58:00.815+05:30  WARN 17220 --- [subscriptionManagementBackend] [restartedMain] org.hibernate.orm.deprecation            : HHH90000025: PostgreSQLDialect does not need to be specified explicitly using 'hibernate.dialect' (remove the property setting and it will be selected by default)
2026-03-17T16:58:01.148+05:30  INFO 17220 --- [subscriptionManagementBackend] [restartedMain] org.hibernate.orm.connections.pooling    : HHH10001005: Database info:
	Database JDBC URL [jdbc:postgresql://ep-morning-dawn-a1z18fkr-pooler.ap-southeast-1.aws.neon.tech:5432/neondb?sslmode=require&channel_binding=require]
	Database driver: PostgreSQL JDBC Driver
	Database dialect: PostgreSQLDialect
	Database version: 17.8
	Default catalog/schema: neondb/public
	Autocommit mode: undefined/unknown
	Isolation level: READ_COMMITTED [default READ_COMMITTED]
	JDBC fetch size: none
	Pool: DataSourceConnectionProvider
	Minimum pool size: undefined/unknown
	Maximum pool size: undefined/unknown
2026-03-17T16:58:01.216+05:30  INFO 17220 --- [subscriptionManagementBackend] [restartedMain] org.hibernate.orm.core                   : HHH000489: No JTA platform available (set 'hibernate.transaction.jta.platform' to enable JTA platform integration)
2026-03-17T16:58:01.463+05:30  INFO 17220 --- [subscriptionManagementBackend] [restartedMain] j.LocalContainerEntityManagerFactoryBean : Initialized JPA EntityManagerFactory for persistence unit 'default'
2026-03-17T16:58:01.620+05:30  WARN 17220 --- [subscriptionManagementBackend] [restartedMain] JpaBaseConfiguration$JpaWebConfiguration : spring.jpa.open-in-view is enabled by default. Therefore, database queries may be performed during view rendering. Explicitly configure spring.jpa.open-in-view to disable this warning
2026-03-17T16:58:01.646+05:30  INFO 17220 --- [subscriptionManagementBackend] [restartedMain] o.s.v.b.OptionalValidatorFactoryBean     : Failed to set up a Bean Validation provider: jakarta.validation.NoProviderFoundException: Unable to create a Configuration, because no Jakarta Validation provider could be found. Add a provider like Hibernate Validator (RI) to your classpath.
2026-03-17T16:58:01.905+05:30  INFO 17220 --- [subscriptionManagementBackend] [restartedMain] o.s.b.a.e.web.EndpointLinksResolver      : Exposing 1 endpoint beneath base path '/actuator'
2026-03-17T16:58:01.941+05:30  INFO 17220 --- [subscriptionManagementBackend] [restartedMain] o.s.boot.tomcat.TomcatWebServer          : Tomcat started on port 1234 (http) with context path '/'
2026-03-17T16:58:01.947+05:30  INFO 17220 --- [subscriptionManagementBackend] [restartedMain] SubscriptionManagementBackendApplication : Started SubscriptionManagementBackendApplication in 3.266 seconds (process running for 2475.242)
2026-03-17T16:58:01.951+05:30  INFO 17220 --- [subscriptionManagementBackend] [restartedMain] .ConditionEvaluationDeltaLoggingListener : Condition evaluation unchanged
2026-03-17T16:58:16.759+05:30  INFO 17220 --- [subscriptionManagementBackend] [http-nio-1234-exec-1] o.a.c.c.C.[Tomcat].[localhost].[/]       : Initializing Spring DispatcherServlet 'dispatcherServlet'
2026-03-17T16:58:16.759+05:30  INFO 17220 --- [subscriptionManagementBackend] [http-nio-1234-exec-1] o.s.web.servlet.DispatcherServlet        : Initializing Servlet 'dispatcherServlet'
2026-03-17T16:58:16.763+05:30  INFO 17220 --- [subscriptionManagementBackend] [http-nio-1234-exec-1] o.s.web.servlet.DispatcherServlet        : Completed initialization in 3 ms
2026-03-17T16:58:16.775+05:30  INFO 17220 --- [subscriptionManagementBackend] [http-nio-1234-exec-1] com.rohan.controller.AuthController      : FUll object:null
2026-03-17T16:58:16.778+05:30  INFO 17220 --- [subscriptionManagementBackend] [http-nio-1234-exec-1] com.rohan.controller.AuthController      : Email in Controller:EmailRequest[email=null]
2026-03-17T16:58:16.928+05:30  INFO 17220 --- [subscriptionManagementBackend] [http-nio-1234-exec-1] com.rohan.service.OtpServiceImpl         : OTP sent to null :575310
2026-03-17T16:58:16.932+05:30 ERROR 17220 --- [subscriptionManagementBackend] [http-nio-1234-exec-1] o.a.c.c.C.[.[.[/].[dispatcherServlet]    : Servlet.service() for servlet [dispatcherServlet] in context with path [] threw exception [Request processing failed: java.lang.RuntimeException: Email is NULL before sending mail ❌] with root cause

java.lang.RuntimeException: Email is NULL before sending mail ❌
	at com.rohan.service.EmailService.sendOtp(EmailService.java:19) ~[classes/:na]
	at com.rohan.service.OtpServiceImpl.sendOtp(OtpServiceImpl.java:31) ~[classes/:na]
	at com.rohan.controller.AuthController.sendOtp(AuthController.java:47) ~[classes/:na]
	at java.base/jdk.internal.reflect.DirectMethodHandleAccessor.invoke(DirectMethodHandleAccessor.java:103) ~[na:na]
	at java.base/java.lang.reflect.Method.invoke(Method.java:580) ~[na:na]
	at org.springframework.web.method.support.InvocableHandlerMethod.doInvoke(InvocableHandlerMethod.java:252) ~[spring-web-7.0.5.jar:7.0.5]
	at org.springframework.web.method.support.InvocableHandlerMethod.invokeForRequest(InvocableHandlerMethod.java:184) ~[spring-web-7.0.5.jar:7.0.5]
	at org.springframework.web.servlet.mvc.method.annotation.ServletInvocableHandlerMethod.invokeAndHandle(ServletInvocableHandlerMethod.java:117) ~[spring-webmvc-7.0.5.jar:7.0.5]
	at org.springframework.web.servlet.mvc.method.annotation.RequestMappingHandlerAdapter.invokeHandlerMethod(RequestMappingHandlerAdapter.java:934) ~[spring-webmvc-7.0.5.jar:7.0.5]
	at org.springframework.web.servlet.mvc.method.annotation.RequestMappingHandlerAdapter.handleInternal(RequestMappingHandlerAdapter.java:853) ~[spring-webmvc-7.0.5.jar:7.0.5]
	at org.springframework.web.servlet.mvc.method.AbstractHandlerMethodAdapter.handle(AbstractHandlerMethodAdapter.java:86) ~[spring-webmvc-7.0.5.jar:7.0.5]
	at org.springframework.web.servlet.DispatcherServlet.doDispatch(DispatcherServlet.java:963) ~[spring-webmvc-7.0.5.jar:7.0.5]
	at org.springframework.web.servlet.DispatcherServlet.doService(DispatcherServlet.java:866) ~[spring-webmvc-7.0.5.jar:7.0.5]
	at org.springframework.web.servlet.FrameworkServlet.processRequest(FrameworkServlet.java:1000) ~[spring-webmvc-7.0.5.jar:7.0.5]
	at org.springframework.web.servlet.FrameworkServlet.doPost(FrameworkServlet.java:903) ~[spring-webmvc-7.0.5.jar:7.0.5]
	at jakarta.servlet.http.HttpServlet.service(HttpServlet.java:649) ~[tomcat-embed-core-11.0.18.jar:6.1]
	at org.springframework.web.servlet.FrameworkServlet.service(FrameworkServlet.java:874) ~[spring-webmvc-7.0.5.jar:7.0.5]
	at jakarta.servlet.http.HttpServlet.service(HttpServlet.java:710) ~[tomcat-embed-core-11.0.18.jar:6.1]
	at org.apache.catalina.core.ApplicationFilterChain.doFilter(ApplicationFilterChain.java:128) ~[tomcat-embed-core-11.0.18.jar:11.0.18]
	at org.apache.tomcat.websocket.server.WsFilter.doFilter(WsFilter.java:53) ~[tomcat-embed-websocket-11.0.18.jar:11.0.18]
	at org.apache.catalina.core.ApplicationFilterChain.doFilter(ApplicationFilterChain.java:107) ~[tomcat-embed-core-11.0.18.jar:11.0.18]
	at org.springframework.web.filter.RequestContextFilter.doFilterInternal(RequestContextFilter.java:100) ~[spring-web-7.0.5.jar:7.0.5]
	at org.springframework.web.filter.OncePerRequestFilter.doFilter(OncePerRequestFilter.java:116) ~[spring-web-7.0.5.jar:7.0.5]
	at org.apache.catalina.core.ApplicationFilterChain.doFilter(ApplicationFilterChain.java:107) ~[tomcat-embed-core-11.0.18.jar:11.0.18]
	at org.springframework.web.filter.FormContentFilter.doFilterInternal(FormContentFilter.java:93) ~[spring-web-7.0.5.jar:7.0.5]
	at org.springframework.web.filter.OncePerRequestFilter.doFilter(OncePerRequestFilter.java:116) ~[spring-web-7.0.5.jar:7.0.5]
	at org.apache.catalina.core.ApplicationFilterChain.doFilter(ApplicationFilterChain.java:107) ~[tomcat-embed-core-11.0.18.jar:11.0.18]
	at org.springframework.web.filter.ServerHttpObservationFilter.doFilterInternal(ServerHttpObservationFilter.java:110) ~[spring-web-7.0.5.jar:7.0.5]
	at org.springframework.web.filter.OncePerRequestFilter.doFilter(OncePerRequestFilter.java:116) ~[spring-web-7.0.5.jar:7.0.5]
	at org.apache.catalina.core.ApplicationFilterChain.doFilter(ApplicationFilterChain.java:107) ~[tomcat-embed-core-11.0.18.jar:11.0.18]
	at org.springframework.web.filter.CharacterEncodingFilter.doFilterInternal(CharacterEncodingFilter.java:199) ~[spring-web-7.0.5.jar:7.0.5]
	at org.springframework.web.filter.OncePerRequestFilter.doFilter(OncePerRequestFilter.java:116) ~[spring-web-7.0.5.jar:7.0.5]
	at org.apache.catalina.core.ApplicationFilterChain.doFilter(ApplicationFilterChain.java:107) ~[tomcat-embed-core-11.0.18.jar:11.0.18]
	at org.apache.catalina.core.StandardWrapperValve.invoke(StandardWrapperValve.java:165) ~[tomcat-embed-core-11.0.18.jar:11.0.18]
	at org.apache.catalina.core.StandardContextValve.invoke(StandardContextValve.java:77) ~[tomcat-embed-core-11.0.18.jar:11.0.18]
	at org.apache.catalina.authenticator.AuthenticatorBase.invoke(AuthenticatorBase.java:492) ~[tomcat-embed-core-11.0.18.jar:11.0.18]
	at org.apache.catalina.core.StandardHostValve.invoke(StandardHostValve.java:113) ~[tomcat-embed-core-11.0.18.jar:11.0.18]
	at org.apache.catalina.valves.ErrorReportValve.invoke(ErrorReportValve.java:83) ~[tomcat-embed-core-11.0.18.jar:11.0.18]
	at org.apache.catalina.core.StandardEngineValve.invoke(StandardEngineValve.java:72) ~[tomcat-embed-core-11.0.18.jar:11.0.18]
	at org.apache.catalina.connector.CoyoteAdapter.service(CoyoteAdapter.java:341) ~[tomcat-embed-core-11.0.18.jar:11.0.18]
	at org.apache.coyote.http11.Http11Processor.service(Http11Processor.java:397) ~[tomcat-embed-core-11.0.18.jar:11.0.18]
	at org.apache.coyote.AbstractProcessorLight.process(AbstractProcessorLight.java:63) ~[tomcat-embed-core-11.0.18.jar:11.0.18]
	at org.apache.coyote.AbstractProtocol$ConnectionHandler.process(AbstractProtocol.java:903) ~[tomcat-embed-core-11.0.18.jar:11.0.18]
	at org.apache.tomcat.util.net.NioEndpoint$SocketProcessor.doRun(NioEndpoint.java:1779) ~[tomcat-embed-core-11.0.18.jar:11.0.18]
	at org.apache.tomcat.util.net.SocketProcessorBase.run(SocketProcessorBase.java:52) ~[tomcat-embed-core-11.0.18.jar:11.0.18]
	at org.apache.tomcat.util.threads.ThreadPoolExecutor.runWorker(ThreadPoolExecutor.java:946) ~[tomcat-embed-core-11.0.18.jar:11.0.18]
	at org.apache.tomcat.util.threads.ThreadPoolExecutor$Worker.run(ThreadPoolExecutor.java:480) ~[tomcat-embed-core-11.0.18.jar:11.0.18]
	at org.apache.tomcat.util.threads.TaskThread$WrappingRunnable.run(TaskThread.java:57) ~[tomcat-embed-core-11.0.18.jar:11.0.18]
	at java.base/java.lang.Thread.run(Thread.java:1575) ~[na:na]

2026-03-17T17:01:12.252+05:30  INFO 17220 --- [subscriptionManagementBackend] [File Watcher] rtingClassPathChangeChangedEventListener : Restarting due to 1 class path change (0 additions, 0 deletions, 1 modification)
2026-03-17T17:01:12.337+05:30  INFO 17220 --- [subscriptionManagementBackend] [Thread-30] o.s.boot.tomcat.GracefulShutdown         : Commencing graceful shutdown. Waiting for active requests to complete
2026-03-17T17:01:12.372+05:30  INFO 17220 --- [subscriptionManagementBackend] [tomcat-shutdown] o.s.boot.tomcat.GracefulShutdown         : Graceful shutdown complete
2026-03-17T17:01:12.545+05:30  INFO 17220 --- [subscriptionManagementBackend] [Thread-30] j.LocalContainerEntityManagerFactoryBean : Closing JPA EntityManagerFactory for persistence unit 'default'
2026-03-17T17:01:12.612+05:30  INFO 17220 --- [subscriptionManagementBackend] [Thread-30] com.zaxxer.hikari.HikariDataSource       : HikariPool-8 - Shutdown initiated...
2026-03-17T17:01:13.480+05:30  INFO 17220 --- [subscriptionManagementBackend] [Thread-30] com.zaxxer.hikari.HikariDataSource       : HikariPool-8 - Shutdown completed.
2026-03-17T17:01:14.550+05:30  INFO 17220 --- [subscriptionManagementBackend] [restartedMain] SubscriptionManagementBackendApplication : Starting SubscriptionManagementBackendApplication using Java 23.0.2 with PID 17220 (C:\GitHub\Pratiti Training\Mini Project\subscriptionManagementBackend\target\classes started by rohan in C:\GitHub\Pratiti Training\Mini Project\subscriptionManagementBackend)
2026-03-17T17:01:14.550+05:30 DEBUG 17220 --- [subscriptionManagementBackend] [restartedMain] SubscriptionManagementBackendApplication : Running with Spring Boot v4.0.3, Spring v7.0.5
2026-03-17T17:01:14.551+05:30  INFO 17220 --- [subscriptionManagementBackend] [restartedMain] SubscriptionManagementBackendApplication : No active profile set, falling back to 1 default profile: "default"
2026-03-17T17:01:15.577+05:30  INFO 17220 --- [subscriptionManagementBackend] [restartedMain] .s.d.r.c.RepositoryConfigurationDelegate : Multiple Spring Data modules found, entering strict repository configuration mode
2026-03-17T17:01:15.577+05:30  INFO 17220 --- [subscriptionManagementBackend] [restartedMain] .s.d.r.c.RepositoryConfigurationDelegate : Bootstrapping Spring Data JPA repositories in DEFAULT mode.
2026-03-17T17:01:15.629+05:30  INFO 17220 --- [subscriptionManagementBackend] [restartedMain] .s.d.r.c.RepositoryConfigurationDelegate : Finished Spring Data repository scanning in 36 ms. Found 1 JPA repository interface.
2026-03-17T17:01:15.662+05:30  INFO 17220 --- [subscriptionManagementBackend] [restartedMain] .s.d.r.c.RepositoryConfigurationDelegate : Multiple Spring Data modules found, entering strict repository configuration mode
2026-03-17T17:01:15.662+05:30  INFO 17220 --- [subscriptionManagementBackend] [restartedMain] .s.d.r.c.RepositoryConfigurationDelegate : Bootstrapping Spring Data Redis repositories in DEFAULT mode.
2026-03-17T17:01:15.676+05:30  INFO 17220 --- [subscriptionManagementBackend] [restartedMain] .RepositoryConfigurationExtensionSupport : Spring Data Redis - Could not safely identify store assignment for repository candidate interface com.rohan.repository.UserRepository; If you want this repository to be a Redis repository, consider annotating your entities with one of these annotations: org.springframework.data.redis.core.RedisHash (preferred), or consider extending one of the following types with your repository: org.springframework.data.keyvalue.repository.KeyValueRepository
2026-03-17T17:01:15.677+05:30  INFO 17220 --- [subscriptionManagementBackend] [restartedMain] .s.d.r.c.RepositoryConfigurationDelegate : Finished Spring Data repository scanning in 10 ms. Found 0 Redis repository interfaces.
2026-03-17T17:01:16.209+05:30  INFO 17220 --- [subscriptionManagementBackend] [restartedMain] o.s.boot.tomcat.TomcatWebServer          : Tomcat initialized with port 1234 (http)
2026-03-17T17:01:16.217+05:30  INFO 17220 --- [subscriptionManagementBackend] [restartedMain] o.apache.catalina.core.StandardService   : Starting service [Tomcat]
2026-03-17T17:01:16.217+05:30  INFO 17220 --- [subscriptionManagementBackend] [restartedMain] o.apache.catalina.core.StandardEngine    : Starting Servlet engine: [Apache Tomcat/11.0.18]
2026-03-17T17:01:16.295+05:30  INFO 17220 --- [subscriptionManagementBackend] [restartedMain] b.w.c.s.WebApplicationContextInitializer : Root WebApplicationContext: initialization completed in 1738 ms
2026-03-17T17:01:16.461+05:30  INFO 17220 --- [subscriptionManagementBackend] [restartedMain] org.hibernate.orm.jpa                    : HHH008540: Processing PersistenceUnitInfo [name: default]
2026-03-17T17:01:16.589+05:30  INFO 17220 --- [subscriptionManagementBackend] [restartedMain] o.s.o.j.p.SpringPersistenceUnitInfo      : No LoadTimeWeaver setup: ignoring JPA class transformer
2026-03-17T17:01:16.594+05:30  INFO 17220 --- [subscriptionManagementBackend] [restartedMain] com.zaxxer.hikari.HikariDataSource       : HikariPool-9 - Starting...
2026-03-17T17:01:17.635+05:30  INFO 17220 --- [subscriptionManagementBackend] [restartedMain] com.zaxxer.hikari.pool.HikariPool        : HikariPool-9 - Added connection org.postgresql.jdbc.PgConnection@3e9b10f7
2026-03-17T17:01:17.636+05:30  INFO 17220 --- [subscriptionManagementBackend] [restartedMain] com.zaxxer.hikari.HikariDataSource       : HikariPool-9 - Start completed.
2026-03-17T17:01:17.718+05:30  WARN 17220 --- [subscriptionManagementBackend] [restartedMain] org.hibernate.orm.deprecation            : HHH90000025: PostgreSQLDialect does not need to be specified explicitly using 'hibernate.dialect' (remove the property setting and it will be selected by default)
2026-03-17T17:01:18.037+05:30  INFO 17220 --- [subscriptionManagementBackend] [restartedMain] org.hibernate.orm.connections.pooling    : HHH10001005: Database info:
	Database JDBC URL [jdbc:postgresql://ep-morning-dawn-a1z18fkr-pooler.ap-southeast-1.aws.neon.tech:5432/neondb?sslmode=require&channel_binding=require]
	Database driver: PostgreSQL JDBC Driver
	Database dialect: PostgreSQLDialect
	Database version: 17.8
	Default catalog/schema: neondb/public
	Autocommit mode: undefined/unknown
	Isolation level: READ_COMMITTED [default READ_COMMITTED]
	JDBC fetch size: none
	Pool: DataSourceConnectionProvider
	Minimum pool size: undefined/unknown
	Maximum pool size: undefined/unknown
2026-03-17T17:01:18.141+05:30  INFO 17220 --- [subscriptionManagementBackend] [restartedMain] org.hibernate.orm.core                   : HHH000489: No JTA platform available (set 'hibernate.transaction.jta.platform' to enable JTA platform integration)
2026-03-17T17:01:18.388+05:30  INFO 17220 --- [subscriptionManagementBackend] [restartedMain] j.LocalContainerEntityManagerFactoryBean : Initialized JPA EntityManagerFactory for persistence unit 'default'
2026-03-17T17:01:18.597+05:30  WARN 17220 --- [subscriptionManagementBackend] [restartedMain] JpaBaseConfiguration$JpaWebConfiguration : spring.jpa.open-in-view is enabled by default. Therefore, database queries may be performed during view rendering. Explicitly configure spring.jpa.open-in-view to disable this warning
2026-03-17T17:01:18.648+05:30  INFO 17220 --- [subscriptionManagementBackend] [restartedMain] o.s.v.b.OptionalValidatorFactoryBean     : Failed to set up a Bean Validation provider: jakarta.validation.NoProviderFoundException: Unable to create a Configuration, because no Jakarta Validation provider could be found. Add a provider like Hibernate Validator (RI) to your classpath.
2026-03-17T17:01:19.037+05:30  INFO 17220 --- [subscriptionManagementBackend] [restartedMain] o.s.b.a.e.web.EndpointLinksResolver      : Exposing 1 endpoint beneath base path '/actuator'
2026-03-17T17:01:19.091+05:30  INFO 17220 --- [subscriptionManagementBackend] [restartedMain] o.s.boot.tomcat.TomcatWebServer          : Tomcat started on port 1234 (http) with context path '/'
2026-03-17T17:01:19.101+05:30  INFO 17220 --- [subscriptionManagementBackend] [restartedMain] SubscriptionManagementBackendApplication : Started SubscriptionManagementBackendApplication in 4.636 seconds (process running for 2672.395)
2026-03-17T17:01:19.103+05:30  INFO 17220 --- [subscriptionManagementBackend] [restartedMain] .ConditionEvaluationDeltaLoggingListener : Condition evaluation unchanged
2026-03-17T17:01:41.083+05:30  INFO 17220 --- [subscriptionManagementBackend] [File Watcher] rtingClassPathChangeChangedEventListener : Restarting due to 1 class path change (0 additions, 0 deletions, 1 modification)
2026-03-17T17:01:41.085+05:30  INFO 17220 --- [subscriptionManagementBackend] [Thread-34] o.s.boot.tomcat.GracefulShutdown         : Commencing graceful shutdown. Waiting for active requests to complete
2026-03-17T17:01:41.100+05:30  INFO 17220 --- [subscriptionManagementBackend] [tomcat-shutdown] o.s.boot.tomcat.GracefulShutdown         : Graceful shutdown complete
2026-03-17T17:01:41.108+05:30  INFO 17220 --- [subscriptionManagementBackend] [Thread-34] j.LocalContainerEntityManagerFactoryBean : Closing JPA EntityManagerFactory for persistence unit 'default'
2026-03-17T17:01:41.109+05:30  INFO 17220 --- [subscriptionManagementBackend] [Thread-34] com.zaxxer.hikari.HikariDataSource       : HikariPool-9 - Shutdown initiated...
2026-03-17T17:01:41.897+05:30  INFO 17220 --- [subscriptionManagementBackend] [Thread-34] com.zaxxer.hikari.HikariDataSource       : HikariPool-9 - Shutdown completed.
2026-03-17T17:01:42.043+05:30  INFO 17220 --- [subscriptionManagementBackend] [restartedMain] SubscriptionManagementBackendApplication : Starting SubscriptionManagementBackendApplication using Java 23.0.2 with PID 17220 (C:\GitHub\Pratiti Training\Mini Project\subscriptionManagementBackend\target\classes started by rohan in C:\GitHub\Pratiti Training\Mini Project\subscriptionManagementBackend)
2026-03-17T17:01:42.043+05:30 DEBUG 17220 --- [subscriptionManagementBackend] [restartedMain] SubscriptionManagementBackendApplication : Running with Spring Boot v4.0.3, Spring v7.0.5
2026-03-17T17:01:42.043+05:30  INFO 17220 --- [subscriptionManagementBackend] [restartedMain] SubscriptionManagementBackendApplication : No active profile set, falling back to 1 default profile: "default"
2026-03-17T17:01:42.629+05:30  INFO 17220 --- [subscriptionManagementBackend] [restartedMain] .s.d.r.c.RepositoryConfigurationDelegate : Multiple Spring Data modules found, entering strict repository configuration mode
2026-03-17T17:01:42.630+05:30  INFO 17220 --- [subscriptionManagementBackend] [restartedMain] .s.d.r.c.RepositoryConfigurationDelegate : Bootstrapping Spring Data JPA repositories in DEFAULT mode.
2026-03-17T17:01:42.657+05:30  INFO 17220 --- [subscriptionManagementBackend] [restartedMain] .s.d.r.c.RepositoryConfigurationDelegate : Finished Spring Data repository scanning in 22 ms. Found 1 JPA repository interface.
2026-03-17T17:01:42.674+05:30  INFO 17220 --- [subscriptionManagementBackend] [restartedMain] .s.d.r.c.RepositoryConfigurationDelegate : Multiple Spring Data modules found, entering strict repository configuration mode
2026-03-17T17:01:42.674+05:30  INFO 17220 --- [subscriptionManagementBackend] [restartedMain] .s.d.r.c.RepositoryConfigurationDelegate : Bootstrapping Spring Data Redis repositories in DEFAULT mode.
2026-03-17T17:01:42.685+05:30  INFO 17220 --- [subscriptionManagementBackend] [restartedMain] .RepositoryConfigurationExtensionSupport : Spring Data Redis - Could not safely identify store assignment for repository candidate interface com.rohan.repository.UserRepository; If you want this repository to be a Redis repository, consider annotating your entities with one of these annotations: org.springframework.data.redis.core.RedisHash (preferred), or consider extending one of the following types with your repository: org.springframework.data.keyvalue.repository.KeyValueRepository
2026-03-17T17:01:42.685+05:30  INFO 17220 --- [subscriptionManagementBackend] [restartedMain] .s.d.r.c.RepositoryConfigurationDelegate : Finished Spring Data repository scanning in 7 ms. Found 0 Redis repository interfaces.
2026-03-17T17:01:43.005+05:30  INFO 17220 --- [subscriptionManagementBackend] [restartedMain] o.s.boot.tomcat.TomcatWebServer          : Tomcat initialized with port 1234 (http)
2026-03-17T17:01:43.007+05:30  INFO 17220 --- [subscriptionManagementBackend] [restartedMain] o.apache.catalina.core.StandardService   : Starting service [Tomcat]
2026-03-17T17:01:43.007+05:30  INFO 17220 --- [subscriptionManagementBackend] [restartedMain] o.apache.catalina.core.StandardEngine    : Starting Servlet engine: [Apache Tomcat/11.0.18]
2026-03-17T17:01:43.108+05:30  INFO 17220 --- [subscriptionManagementBackend] [restartedMain] b.w.c.s.WebApplicationContextInitializer : Root WebApplicationContext: initialization completed in 1060 ms
2026-03-17T17:01:43.225+05:30  INFO 17220 --- [subscriptionManagementBackend] [restartedMain] org.hibernate.orm.jpa                    : HHH008540: Processing PersistenceUnitInfo [name: default]
2026-03-17T17:01:43.327+05:30  INFO 17220 --- [subscriptionManagementBackend] [restartedMain] o.s.o.j.p.SpringPersistenceUnitInfo      : No LoadTimeWeaver setup: ignoring JPA class transformer
2026-03-17T17:01:43.330+05:30  INFO 17220 --- [subscriptionManagementBackend] [restartedMain] com.zaxxer.hikari.HikariDataSource       : HikariPool-10 - Starting...
2026-03-17T17:01:44.083+05:30  INFO 17220 --- [subscriptionManagementBackend] [restartedMain] com.zaxxer.hikari.pool.HikariPool        : HikariPool-10 - Added connection org.postgresql.jdbc.PgConnection@54c72f89
2026-03-17T17:01:44.084+05:30  INFO 17220 --- [subscriptionManagementBackend] [restartedMain] com.zaxxer.hikari.HikariDataSource       : HikariPool-10 - Start completed.
2026-03-17T17:01:44.166+05:30  WARN 17220 --- [subscriptionManagementBackend] [restartedMain] org.hibernate.orm.deprecation            : HHH90000025: PostgreSQLDialect does not need to be specified explicitly using 'hibernate.dialect' (remove the property setting and it will be selected by default)
2026-03-17T17:01:44.485+05:30  INFO 17220 --- [subscriptionManagementBackend] [restartedMain] org.hibernate.orm.connections.pooling    : HHH10001005: Database info:
	Database JDBC URL [jdbc:postgresql://ep-morning-dawn-a1z18fkr-pooler.ap-southeast-1.aws.neon.tech:5432/neondb?sslmode=require&channel_binding=require]
	Database driver: PostgreSQL JDBC Driver
	Database dialect: PostgreSQLDialect
	Database version: 17.8
	Default catalog/schema: neondb/public
	Autocommit mode: undefined/unknown
	Isolation level: READ_COMMITTED [default READ_COMMITTED]
	JDBC fetch size: none
	Pool: DataSourceConnectionProvider
	Minimum pool size: undefined/unknown
	Maximum pool size: undefined/unknown
2026-03-17T17:01:44.571+05:30  INFO 17220 --- [subscriptionManagementBackend] [restartedMain] org.hibernate.orm.core                   : HHH000489: No JTA platform available (set 'hibernate.transaction.jta.platform' to enable JTA platform integration)
2026-03-17T17:01:44.824+05:30  INFO 17220 --- [subscriptionManagementBackend] [restartedMain] j.LocalContainerEntityManagerFactoryBean : Initialized JPA EntityManagerFactory for persistence unit 'default'
2026-03-17T17:01:44.962+05:30  WARN 17220 --- [subscriptionManagementBackend] [restartedMain] JpaBaseConfiguration$JpaWebConfiguration : spring.jpa.open-in-view is enabled by default. Therefore, database queries may be performed during view rendering. Explicitly configure spring.jpa.open-in-view to disable this warning
2026-03-17T17:01:44.985+05:30  INFO 17220 --- [subscriptionManagementBackend] [restartedMain] o.s.v.b.OptionalValidatorFactoryBean     : Failed to set up a Bean Validation provider: jakarta.validation.NoProviderFoundException: Unable to create a Configuration, because no Jakarta Validation provider could be found. Add a provider like Hibernate Validator (RI) to your classpath.
2026-03-17T17:01:45.235+05:30  INFO 17220 --- [subscriptionManagementBackend] [restartedMain] o.s.b.a.e.web.EndpointLinksResolver      : Exposing 1 endpoint beneath base path '/actuator'
2026-03-17T17:01:45.270+05:30  INFO 17220 --- [subscriptionManagementBackend] [restartedMain] o.s.boot.tomcat.TomcatWebServer          : Tomcat started on port 1234 (http) with context path '/'
2026-03-17T17:01:45.276+05:30  INFO 17220 --- [subscriptionManagementBackend] [restartedMain] SubscriptionManagementBackendApplication : Started SubscriptionManagementBackendApplication in 3.285 seconds (process running for 2698.57)
2026-03-17T17:01:45.279+05:30  INFO 17220 --- [subscriptionManagementBackend] [restartedMain] .ConditionEvaluationDeltaLoggingListener : Condition evaluation unchanged
2026-03-17T17:01:57.579+05:30  INFO 17220 --- [subscriptionManagementBackend] [http-nio-1234-exec-1] o.a.c.c.C.[Tomcat].[localhost].[/]       : Initializing Spring DispatcherServlet 'dispatcherServlet'
2026-03-17T17:01:57.579+05:30  INFO 17220 --- [subscriptionManagementBackend] [http-nio-1234-exec-1] o.s.web.servlet.DispatcherServlet        : Initializing Servlet 'dispatcherServlet'
2026-03-17T17:01:57.582+05:30  INFO 17220 --- [subscriptionManagementBackend] [http-nio-1234-exec-1] o.s.web.servlet.DispatcherServlet        : Completed initialization in 3 ms
2026-03-17T17:01:58.351+05:30  INFO 17220 --- [subscriptionManagementBackend] [http-nio-1234-exec-4] o.springdoc.api.AbstractOpenApiResource  : Init duration for springdoc-openapi is: 220 ms
2026-03-17T17:02:20.219+05:30  INFO 17220 --- [subscriptionManagementBackend] [http-nio-1234-exec-5] com.rohan.controller.AuthController      : FUll object:rohanghotekar3225@gmail.com
2026-03-17T17:02:20.222+05:30  INFO 17220 --- [subscriptionManagementBackend] [http-nio-1234-exec-5] com.rohan.controller.AuthController      : Email in Controller:EmailRequest[email=rohanghotekar3225@gmail.com]
2026-03-17T17:02:20.316+05:30  INFO 17220 --- [subscriptionManagementBackend] [http-nio-1234-exec-5] com.rohan.service.OtpServiceImpl         : OTP sent to rohanghotekar3225@gmail.com :290473
2026-03-17T17:02:25.701+05:30 ERROR 17220 --- [subscriptionManagementBackend] [http-nio-1234-exec-5] o.a.c.c.C.[.[.[/].[dispatcherServlet]    : Servlet.service() for servlet [dispatcherServlet] in context with path [] threw exception [Request processing failed: org.springframework.mail.MailAuthenticationException: Authentication failed] with root cause

jakarta.mail.AuthenticationFailedException: 535-5.7.8 Username and Password not accepted. For more information, go to
535 5.7.8  https://support.google.com/mail/?p=BadCredentials ffacd0b85a97d-43a0b2db487sm33448252f8f.28 - gsmtp

	at org.eclipse.angus.mail.smtp.SMTPTransport$Authenticator.authenticate(SMTPTransport.java:954) ~[angus-mail-2.0.5.jar:na]
	at org.eclipse.angus.mail.smtp.SMTPTransport.authenticate(SMTPTransport.java:865) ~[angus-mail-2.0.5.jar:na]
	at org.eclipse.angus.mail.smtp.SMTPTransport.protocolConnect(SMTPTransport.java:769) ~[angus-mail-2.0.5.jar:na]
	at jakarta.mail.Service.connect(Service.java:345) ~[jakarta.mail-api-2.1.5.jar:na]
	at org.springframework.mail.javamail.JavaMailSenderImpl.connectTransport(JavaMailSenderImpl.java:467) ~[spring-context-support-7.0.5.jar:7.0.5]
	at org.springframework.mail.javamail.JavaMailSenderImpl.doSend(JavaMailSenderImpl.java:386) ~[spring-context-support-7.0.5.jar:7.0.5]
	at org.springframework.mail.javamail.JavaMailSenderImpl.send(JavaMailSenderImpl.java:337) ~[spring-context-support-7.0.5.jar:7.0.5]
	at org.springframework.mail.javamail.JavaMailSender.send(JavaMailSender.java:101) ~[spring-context-support-7.0.5.jar:7.0.5]
	at com.rohan.service.EmailService.sendOtp(EmailService.java:28) ~[classes/:na]
	at com.rohan.service.OtpServiceImpl.sendOtp(OtpServiceImpl.java:31) ~[classes/:na]
	at com.rohan.controller.AuthController.sendOtp(AuthController.java:46) ~[classes/:na]
	at java.base/jdk.internal.reflect.DirectMethodHandleAccessor.invoke(DirectMethodHandleAccessor.java:103) ~[na:na]
	at java.base/java.lang.reflect.Method.invoke(Method.java:580) ~[na:na]
	at org.springframework.web.method.support.InvocableHandlerMethod.doInvoke(InvocableHandlerMethod.java:252) ~[spring-web-7.0.5.jar:7.0.5]
	at org.springframework.web.method.support.InvocableHandlerMethod.invokeForRequest(InvocableHandlerMethod.java:184) ~[spring-web-7.0.5.jar:7.0.5]
	at org.springframework.web.servlet.mvc.method.annotation.ServletInvocableHandlerMethod.invokeAndHandle(ServletInvocableHandlerMethod.java:117) ~[spring-webmvc-7.0.5.jar:7.0.5]
	at org.springframework.web.servlet.mvc.method.annotation.RequestMappingHandlerAdapter.invokeHandlerMethod(RequestMappingHandlerAdapter.java:934) ~[spring-webmvc-7.0.5.jar:7.0.5]
	at org.springframework.web.servlet.mvc.method.annotation.RequestMappingHandlerAdapter.handleInternal(RequestMappingHandlerAdapter.java:853) ~[spring-webmvc-7.0.5.jar:7.0.5]
	at org.springframework.web.servlet.mvc.method.AbstractHandlerMethodAdapter.handle(AbstractHandlerMethodAdapter.java:86) ~[spring-webmvc-7.0.5.jar:7.0.5]
	at org.springframework.web.servlet.DispatcherServlet.doDispatch(DispatcherServlet.java:963) ~[spring-webmvc-7.0.5.jar:7.0.5]
	at org.springframework.web.servlet.DispatcherServlet.doService(DispatcherServlet.java:866) ~[spring-webmvc-7.0.5.jar:7.0.5]
	at org.springframework.web.servlet.FrameworkServlet.processRequest(FrameworkServlet.java:1000) ~[spring-webmvc-7.0.5.jar:7.0.5]
	at org.springframework.web.servlet.FrameworkServlet.doPost(FrameworkServlet.java:903) ~[spring-webmvc-7.0.5.jar:7.0.5]
	at jakarta.servlet.http.HttpServlet.service(HttpServlet.java:649) ~[tomcat-embed-core-11.0.18.jar:6.1]
	at org.springframework.web.servlet.FrameworkServlet.service(FrameworkServlet.java:874) ~[spring-webmvc-7.0.5.jar:7.0.5]
	at jakarta.servlet.http.HttpServlet.service(HttpServlet.java:710) ~[tomcat-embed-core-11.0.18.jar:6.1]
	at org.apache.catalina.core.ApplicationFilterChain.doFilter(ApplicationFilterChain.java:128) ~[tomcat-embed-core-11.0.18.jar:11.0.18]
	at org.apache.tomcat.websocket.server.WsFilter.doFilter(WsFilter.java:53) ~[tomcat-embed-websocket-11.0.18.jar:11.0.18]
	at org.apache.catalina.core.ApplicationFilterChain.doFilter(ApplicationFilterChain.java:107) ~[tomcat-embed-core-11.0.18.jar:11.0.18]
	at org.springframework.web.filter.RequestContextFilter.doFilterInternal(RequestContextFilter.java:100) ~[spring-web-7.0.5.jar:7.0.5]
	at org.springframework.web.filter.OncePerRequestFilter.doFilter(OncePerRequestFilter.java:116) ~[spring-web-7.0.5.jar:7.0.5]
	at org.apache.catalina.core.ApplicationFilterChain.doFilter(ApplicationFilterChain.java:107) ~[tomcat-embed-core-11.0.18.jar:11.0.18]
	at org.springframework.web.filter.FormContentFilter.doFilterInternal(FormContentFilter.java:93) ~[spring-web-7.0.5.jar:7.0.5]
	at org.springframework.web.filter.OncePerRequestFilter.doFilter(OncePerRequestFilter.java:116) ~[spring-web-7.0.5.jar:7.0.5]
	at org.apache.catalina.core.ApplicationFilterChain.doFilter(ApplicationFilterChain.java:107) ~[tomcat-embed-core-11.0.18.jar:11.0.18]
	at org.springframework.web.filter.ServerHttpObservationFilter.doFilterInternal(ServerHttpObservationFilter.java:110) ~[spring-web-7.0.5.jar:7.0.5]
	at org.springframework.web.filter.OncePerRequestFilter.doFilter(OncePerRequestFilter.java:116) ~[spring-web-7.0.5.jar:7.0.5]
	at org.apache.catalina.core.ApplicationFilterChain.doFilter(ApplicationFilterChain.java:107) ~[tomcat-embed-core-11.0.18.jar:11.0.18]
	at org.springframework.web.filter.CharacterEncodingFilter.doFilterInternal(CharacterEncodingFilter.java:199) ~[spring-web-7.0.5.jar:7.0.5]
	at org.springframework.web.filter.OncePerRequestFilter.doFilter(OncePerRequestFilter.java:116) ~[spring-web-7.0.5.jar:7.0.5]
	at org.apache.catalina.core.ApplicationFilterChain.doFilter(ApplicationFilterChain.java:107) ~[tomcat-embed-core-11.0.18.jar:11.0.18]
	at org.apache.catalina.core.StandardWrapperValve.invoke(StandardWrapperValve.java:165) ~[tomcat-embed-core-11.0.18.jar:11.0.18]
	at org.apache.catalina.core.StandardContextValve.invoke(StandardContextValve.java:77) ~[tomcat-embed-core-11.0.18.jar:11.0.18]
	at org.apache.catalina.authenticator.AuthenticatorBase.invoke(AuthenticatorBase.java:492) ~[tomcat-embed-core-11.0.18.jar:11.0.18]
	at org.apache.catalina.core.StandardHostValve.invoke(StandardHostValve.java:113) ~[tomcat-embed-core-11.0.18.jar:11.0.18]
	at org.apache.catalina.valves.ErrorReportValve.invoke(ErrorReportValve.java:83) ~[tomcat-embed-core-11.0.18.jar:11.0.18]
	at org.apache.catalina.core.StandardEngineValve.invoke(StandardEngineValve.java:72) ~[tomcat-embed-core-11.0.18.jar:11.0.18]
	at org.apache.catalina.connector.CoyoteAdapter.service(CoyoteAdapter.java:341) ~[tomcat-embed-core-11.0.18.jar:11.0.18]
	at org.apache.coyote.http11.Http11Processor.service(Http11Processor.java:397) ~[tomcat-embed-core-11.0.18.jar:11.0.18]
	at org.apache.coyote.AbstractProcessorLight.process(AbstractProcessorLight.java:63) ~[tomcat-embed-core-11.0.18.jar:11.0.18]
	at org.apache.coyote.AbstractProtocol$ConnectionHandler.process(AbstractProtocol.java:903) ~[tomcat-embed-core-11.0.18.jar:11.0.18]
	at org.apache.tomcat.util.net.NioEndpoint$SocketProcessor.doRun(NioEndpoint.java:1779) ~[tomcat-embed-core-11.0.18.jar:11.0.18]
	at org.apache.tomcat.util.net.SocketProcessorBase.run(SocketProcessorBase.java:52) ~[tomcat-embed-core-11.0.18.jar:11.0.18]
	at org.apache.tomcat.util.threads.ThreadPoolExecutor.runWorker(ThreadPoolExecutor.java:946) ~[tomcat-embed-core-11.0.18.jar:11.0.18]
	at org.apache.tomcat.util.threads.ThreadPoolExecutor$Worker.run(ThreadPoolExecutor.java:480) ~[tomcat-embed-core-11.0.18.jar:11.0.18]
	at org.apache.tomcat.util.threads.TaskThread$WrappingRunnable.run(TaskThread.java:57) ~[tomcat-embed-core-11.0.18.jar:11.0.18]
	at java.base/java.lang.Thread.run(Thread.java:1575) ~[na:na]

2026-03-17T17:15:43.132+05:30  INFO 17220 --- [subscriptionManagementBackend] [RMI TCP Connection(87)-127.0.0.1] inMXBeanRegistrar$SpringApplicationAdmin : Application shutdown requested.
2026-03-17T17:15:43.137+05:30  INFO 17220 --- [subscriptionManagementBackend] [RMI TCP Connection(87)-127.0.0.1] o.s.boot.tomcat.GracefulShutdown         : Commencing graceful shutdown. Waiting for active requests to complete
2026-03-17T17:15:43.154+05:30  INFO 17220 --- [subscriptionManagementBackend] [tomcat-shutdown] o.s.boot.tomcat.GracefulShutdown         : Graceful shutdown complete
2026-03-17T17:15:43.181+05:30  INFO 17220 --- [subscriptionManagementBackend] [RMI TCP Connection(87)-127.0.0.1] j.LocalContainerEntityManagerFactoryBean : Closing JPA EntityManagerFactory for persistence unit 'default'
2026-03-17T17:15:43.185+05:30  INFO 17220 --- [subscriptionManagementBackend] [RMI TCP Connection(87)-127.0.0.1] com.zaxxer.hikari.HikariDataSource       : HikariPool-10 - Shutdown initiated...
2026-03-17T17:15:43.969+05:30  INFO 17220 --- [subscriptionManagementBackend] [RMI TCP Connection(87)-127.0.0.1] com.zaxxer.hikari.HikariDataSource       : HikariPool-10 - Shutdown completed.
2026-03-17T17:15:50.167+05:30  INFO 16592 --- [subscriptionManagementBackend] [restartedMain] SubscriptionManagementBackendApplication : Starting SubscriptionManagementBackendApplication using Java 23.0.2 with PID 16592 (C:\GitHub\Pratiti Training\Mini Project\subscriptionManagementBackend\target\classes started by rohan in C:\GitHub\Pratiti Training\Mini Project\subscriptionManagementBackend)
2026-03-17T17:15:50.171+05:30 DEBUG 16592 --- [subscriptionManagementBackend] [restartedMain] SubscriptionManagementBackendApplication : Running with Spring Boot v4.0.3, Spring v7.0.5
2026-03-17T17:15:50.172+05:30  INFO 16592 --- [subscriptionManagementBackend] [restartedMain] SubscriptionManagementBackendApplication : No active profile set, falling back to 1 default profile: "default"
2026-03-17T17:15:50.291+05:30  INFO 16592 --- [subscriptionManagementBackend] [restartedMain] .e.DevToolsPropertyDefaultsPostProcessor : Devtools property defaults active! Set 'spring.devtools.add-properties' to 'false' to disable
2026-03-17T17:15:50.291+05:30  INFO 16592 --- [subscriptionManagementBackend] [restartedMain] .e.DevToolsPropertyDefaultsPostProcessor : For additional web related logging consider setting the 'logging.level.web' property to 'DEBUG'
2026-03-17T17:15:52.346+05:30  INFO 16592 --- [subscriptionManagementBackend] [restartedMain] .s.d.r.c.RepositoryConfigurationDelegate : Multiple Spring Data modules found, entering strict repository configuration mode
2026-03-17T17:15:52.350+05:30  INFO 16592 --- [subscriptionManagementBackend] [restartedMain] .s.d.r.c.RepositoryConfigurationDelegate : Bootstrapping Spring Data JPA repositories in DEFAULT mode.
2026-03-17T17:15:52.685+05:30  INFO 16592 --- [subscriptionManagementBackend] [restartedMain] .s.d.r.c.RepositoryConfigurationDelegate : Finished Spring Data repository scanning in 315 ms. Found 1 JPA repository interface.
2026-03-17T17:15:52.781+05:30  INFO 16592 --- [subscriptionManagementBackend] [restartedMain] .s.d.r.c.RepositoryConfigurationDelegate : Multiple Spring Data modules found, entering strict repository configuration mode
2026-03-17T17:15:52.784+05:30  INFO 16592 --- [subscriptionManagementBackend] [restartedMain] .s.d.r.c.RepositoryConfigurationDelegate : Bootstrapping Spring Data Redis repositories in DEFAULT mode.
2026-03-17T17:15:52.816+05:30  INFO 16592 --- [subscriptionManagementBackend] [restartedMain] .RepositoryConfigurationExtensionSupport : Spring Data Redis - Could not safely identify store assignment for repository candidate interface com.rohan.repository.UserRepository; If you want this repository to be a Redis repository, consider annotating your entities with one of these annotations: org.springframework.data.redis.core.RedisHash (preferred), or consider extending one of the following types with your repository: org.springframework.data.keyvalue.repository.KeyValueRepository
2026-03-17T17:15:52.816+05:30  INFO 16592 --- [subscriptionManagementBackend] [restartedMain] .s.d.r.c.RepositoryConfigurationDelegate : Finished Spring Data repository scanning in 11 ms. Found 0 Redis repository interfaces.
2026-03-17T17:15:53.964+05:30  INFO 16592 --- [subscriptionManagementBackend] [restartedMain] o.s.boot.tomcat.TomcatWebServer          : Tomcat initialized with port 1234 (http)
2026-03-17T17:15:53.991+05:30  INFO 16592 --- [subscriptionManagementBackend] [restartedMain] o.apache.catalina.core.StandardService   : Starting service [Tomcat]
2026-03-17T17:15:53.991+05:30  INFO 16592 --- [subscriptionManagementBackend] [restartedMain] o.apache.catalina.core.StandardEngine    : Starting Servlet engine: [Apache Tomcat/11.0.18]
2026-03-17T17:15:54.115+05:30  INFO 16592 --- [subscriptionManagementBackend] [restartedMain] b.w.c.s.WebApplicationContextInitializer : Root WebApplicationContext: initialization completed in 3822 ms
2026-03-17T17:15:54.626+05:30  INFO 16592 --- [subscriptionManagementBackend] [restartedMain] org.hibernate.orm.jpa                    : HHH008540: Processing PersistenceUnitInfo [name: default]
2026-03-17T17:15:54.774+05:30  INFO 16592 --- [subscriptionManagementBackend] [restartedMain] org.hibernate.orm.core                   : HHH000001: Hibernate ORM core version 7.2.4.Final
2026-03-17T17:15:55.846+05:30  INFO 16592 --- [subscriptionManagementBackend] [restartedMain] o.s.o.j.p.SpringPersistenceUnitInfo      : No LoadTimeWeaver setup: ignoring JPA class transformer
2026-03-17T17:15:55.929+05:30  INFO 16592 --- [subscriptionManagementBackend] [restartedMain] com.zaxxer.hikari.HikariDataSource       : HikariPool-1 - Starting...
2026-03-17T17:15:57.028+05:30  WARN 16592 --- [subscriptionManagementBackend] [restartedMain] org.hibernate.orm.jdbc.error             : HHH000247: ErrorCode: 0, SQLState: 08001
2026-03-17T17:15:57.028+05:30  WARN 16592 --- [subscriptionManagementBackend] [restartedMain] org.hibernate.orm.jdbc.error             : The connection attempt failed.
2026-03-17T17:15:57.029+05:30  WARN 16592 --- [subscriptionManagementBackend] [restartedMain] org.hibernate.orm.jdbc                   : HHH100046: Could not obtain connection to query JDBC database metadata

org.hibernate.exception.JDBCConnectionException: Unable to obtain isolated JDBC connection [The connection attempt failed.] [n/a]
	at org.hibernate.exception.internal.SQLStateConversionDelegate.convert(SQLStateConversionDelegate.java:80) ~[hibernate-core-7.2.4.Final.jar:7.2.4.Final]
	at org.hibernate.exception.internal.StandardSQLExceptionConverter.convert(StandardSQLExceptionConverter.java:34) ~[hibernate-core-7.2.4.Final.jar:7.2.4.Final]
	at org.hibernate.engine.jdbc.spi.SqlExceptionHelper.convert(SqlExceptionHelper.java:115) ~[hibernate-core-7.2.4.Final.jar:7.2.4.Final]
	at org.hibernate.engine.jdbc.spi.SqlExceptionHelper.convert(SqlExceptionHelper.java:101) ~[hibernate-core-7.2.4.Final.jar:7.2.4.Final]
	at org.hibernate.resource.transaction.backend.jdbc.internal.JdbcIsolationDelegate.delegateWork(JdbcIsolationDelegate.java:51) ~[hibernate-core-7.2.4.Final.jar:7.2.4.Final]
	at org.hibernate.engine.jdbc.env.internal.JdbcEnvironmentInitiator.getJdbcEnvironmentUsingJdbcMetadata(JdbcEnvironmentInitiator.java:366) ~[hibernate-core-7.2.4.Final.jar:7.2.4.Final]
	at org.hibernate.engine.jdbc.env.internal.JdbcEnvironmentInitiator.getJdbcEnvironment(JdbcEnvironmentInitiator.java:143) ~[hibernate-core-7.2.4.Final.jar:7.2.4.Final]
	at org.hibernate.engine.jdbc.env.internal.JdbcEnvironmentInitiator.initiateService(JdbcEnvironmentInitiator.java:120) ~[hibernate-core-7.2.4.Final.jar:7.2.4.Final]
	at org.hibernate.engine.jdbc.env.internal.JdbcEnvironmentInitiator.initiateService(JdbcEnvironmentInitiator.java:80) ~[hibernate-core-7.2.4.Final.jar:7.2.4.Final]
	at org.hibernate.boot.registry.internal.StandardServiceRegistryImpl.initiateService(StandardServiceRegistryImpl.java:133) ~[hibernate-core-7.2.4.Final.jar:7.2.4.Final]
	at org.hibernate.service.internal.AbstractServiceRegistryImpl.createService(AbstractServiceRegistryImpl.java:260) ~[hibernate-core-7.2.4.Final.jar:7.2.4.Final]
	at org.hibernate.service.internal.AbstractServiceRegistryImpl.initializeService(AbstractServiceRegistryImpl.java:235) ~[hibernate-core-7.2.4.Final.jar:7.2.4.Final]
	at org.hibernate.service.internal.AbstractServiceRegistryImpl.getService(AbstractServiceRegistryImpl.java:212) ~[hibernate-core-7.2.4.Final.jar:7.2.4.Final]
	at org.hibernate.boot.model.relational.Database.<init>(Database.java:44) ~[hibernate-core-7.2.4.Final.jar:7.2.4.Final]
	at org.hibernate.boot.internal.InFlightMetadataCollectorImpl.getDatabase(InFlightMetadataCollectorImpl.java:251) ~[hibernate-core-7.2.4.Final.jar:7.2.4.Final]
	at org.hibernate.boot.internal.InFlightMetadataCollectorImpl.<init>(InFlightMetadataCollectorImpl.java:203) ~[hibernate-core-7.2.4.Final.jar:7.2.4.Final]
	at org.hibernate.boot.model.process.spi.MetadataBuildingProcess.complete(MetadataBuildingProcess.java:170) ~[hibernate-core-7.2.4.Final.jar:7.2.4.Final]
	at org.hibernate.jpa.boot.internal.EntityManagerFactoryBuilderImpl.metadata(EntityManagerFactoryBuilderImpl.java:1392) ~[hibernate-core-7.2.4.Final.jar:7.2.4.Final]
	at org.hibernate.jpa.boot.internal.EntityManagerFactoryBuilderImpl.populateSessionFactoryBuilder(EntityManagerFactoryBuilderImpl.java:1472) ~[hibernate-core-7.2.4.Final.jar:7.2.4.Final]
	at org.hibernate.jpa.boot.internal.EntityManagerFactoryBuilderImpl.build(EntityManagerFactoryBuilderImpl.java:1454) ~[hibernate-core-7.2.4.Final.jar:7.2.4.Final]
	at org.springframework.orm.jpa.vendor.SpringHibernateJpaPersistenceProvider.createContainerEntityManagerFactory(SpringHibernateJpaPersistenceProvider.java:93) ~[spring-orm-7.0.5.jar:7.0.5]
	at org.springframework.orm.jpa.LocalContainerEntityManagerFactoryBean.createNativeEntityManagerFactory(LocalContainerEntityManagerFactoryBean.java:443) ~[spring-orm-7.0.5.jar:7.0.5]
	at org.springframework.orm.jpa.AbstractEntityManagerFactoryBean.buildNativeEntityManagerFactory(AbstractEntityManagerFactoryBean.java:436) ~[spring-orm-7.0.5.jar:7.0.5]
	at org.springframework.orm.jpa.AbstractEntityManagerFactoryBean.afterPropertiesSet(AbstractEntityManagerFactoryBean.java:411) ~[spring-orm-7.0.5.jar:7.0.5]
	at org.springframework.orm.jpa.LocalContainerEntityManagerFactoryBean.afterPropertiesSet(LocalContainerEntityManagerFactoryBean.java:419) ~[spring-orm-7.0.5.jar:7.0.5]
	at org.springframework.beans.factory.support.AbstractAutowireCapableBeanFactory.invokeInitMethods(AbstractAutowireCapableBeanFactory.java:1864) ~[spring-beans-7.0.5.jar:7.0.5]
	at org.springframework.beans.factory.support.AbstractAutowireCapableBeanFactory.initializeBean(AbstractAutowireCapableBeanFactory.java:1813) ~[spring-beans-7.0.5.jar:7.0.5]
	at org.springframework.beans.factory.support.AbstractAutowireCapableBeanFactory.doCreateBean(AbstractAutowireCapableBeanFactory.java:603) ~[spring-beans-7.0.5.jar:7.0.5]
	at org.springframework.beans.factory.support.AbstractAutowireCapableBeanFactory.createBean(AbstractAutowireCapableBeanFactory.java:525) ~[spring-beans-7.0.5.jar:7.0.5]
	at org.springframework.beans.factory.support.AbstractBeanFactory.lambda$doGetBean$0(AbstractBeanFactory.java:333) ~[spring-beans-7.0.5.jar:7.0.5]
	at org.springframework.beans.factory.support.DefaultSingletonBeanRegistry.getSingleton(DefaultSingletonBeanRegistry.java:371) ~[spring-beans-7.0.5.jar:7.0.5]
	at org.springframework.beans.factory.support.AbstractBeanFactory.doGetBean(AbstractBeanFactory.java:331) ~[spring-beans-7.0.5.jar:7.0.5]
	at org.springframework.beans.factory.support.AbstractBeanFactory.getBean(AbstractBeanFactory.java:201) ~[spring-beans-7.0.5.jar:7.0.5]
	at org.springframework.context.support.AbstractApplicationContext.finishBeanFactoryInitialization(AbstractApplicationContext.java:977) ~[spring-context-7.0.5.jar:7.0.5]
	at org.springframework.context.support.AbstractApplicationContext.refresh(AbstractApplicationContext.java:621) ~[spring-context-7.0.5.jar:7.0.5]
	at org.springframework.boot.web.server.servlet.context.ServletWebServerApplicationContext.refresh(ServletWebServerApplicationContext.java:143) ~[spring-boot-web-server-4.0.3.jar:4.0.3]
	at org.springframework.boot.SpringApplication.refresh(SpringApplication.java:756) ~[spring-boot-4.0.3.jar:4.0.3]
	at org.springframework.boot.SpringApplication.refreshContext(SpringApplication.java:445) ~[spring-boot-4.0.3.jar:4.0.3]
	at org.springframework.boot.SpringApplication.run(SpringApplication.java:321) ~[spring-boot-4.0.3.jar:4.0.3]
	at org.springframework.boot.SpringApplication.run(SpringApplication.java:1365) ~[spring-boot-4.0.3.jar:4.0.3]
	at org.springframework.boot.SpringApplication.run(SpringApplication.java:1354) ~[spring-boot-4.0.3.jar:4.0.3]
	at com.rohan.SubscriptionManagementBackendApplication.main(SubscriptionManagementBackendApplication.java:10) ~[classes/:na]
	at java.base/jdk.internal.reflect.DirectMethodHandleAccessor.invoke(DirectMethodHandleAccessor.java:103) ~[na:na]
	at java.base/java.lang.reflect.Method.invoke(Method.java:580) ~[na:na]
	at org.springframework.boot.devtools.restart.RestartLauncher.run(RestartLauncher.java:52) ~[spring-boot-devtools-4.0.3.jar:4.0.3]
Caused by: org.postgresql.util.PSQLException: The connection attempt failed.
	at org.postgresql.core.v3.ConnectionFactoryImpl.openConnectionImpl(ConnectionFactoryImpl.java:385) ~[postgresql-42.7.10.jar:42.7.10]
	at org.postgresql.core.ConnectionFactory.openConnection(ConnectionFactory.java:57) ~[postgresql-42.7.10.jar:42.7.10]
	at org.postgresql.jdbc.PgConnection.<init>(PgConnection.java:290) ~[postgresql-42.7.10.jar:42.7.10]
	at org.postgresql.Driver.makeConnection(Driver.java:448) ~[postgresql-42.7.10.jar:42.7.10]
	at org.postgresql.Driver.connect(Driver.java:298) ~[postgresql-42.7.10.jar:42.7.10]
	at com.zaxxer.hikari.util.DriverDataSource.getConnection(DriverDataSource.java:144) ~[HikariCP-7.0.2.jar:na]
	at com.zaxxer.hikari.pool.PoolBase.newConnection(PoolBase.java:373) ~[HikariCP-7.0.2.jar:na]
	at com.zaxxer.hikari.pool.PoolBase.newPoolEntry(PoolBase.java:210) ~[HikariCP-7.0.2.jar:na]
	at com.zaxxer.hikari.pool.HikariPool.createPoolEntry(HikariPool.java:488) ~[HikariCP-7.0.2.jar:na]
	at com.zaxxer.hikari.pool.HikariPool.checkFailFast(HikariPool.java:576) ~[HikariCP-7.0.2.jar:na]
	at com.zaxxer.hikari.pool.HikariPool.<init>(HikariPool.java:97) ~[HikariCP-7.0.2.jar:na]
	at com.zaxxer.hikari.HikariDataSource.getConnection(HikariDataSource.java:111) ~[HikariCP-7.0.2.jar:na]
	at org.hibernate.engine.jdbc.connections.internal.DataSourceConnectionProvider.getConnection(DataSourceConnectionProvider.java:137) ~[hibernate-core-7.2.4.Final.jar:7.2.4.Final]
	at org.hibernate.engine.jdbc.env.internal.JdbcEnvironmentInitiator$ConnectionProviderJdbcConnectionAccess.obtainConnection(JdbcEnvironmentInitiator.java:508) ~[hibernate-core-7.2.4.Final.jar:7.2.4.Final]
	at org.hibernate.resource.transaction.backend.jdbc.internal.JdbcIsolationDelegate.delegateWork(JdbcIsolationDelegate.java:48) ~[hibernate-core-7.2.4.Final.jar:7.2.4.Final]
	... 40 common frames omitted
Caused by: java.net.UnknownHostException: ep-morning-dawn-a1z18fkr-pooler.ap-southeast-1.aws.neon.tech
	at java.base/sun.nio.ch.NioSocketImpl.connect(NioSocketImpl.java:567) ~[na:na]
	at java.base/java.net.SocksSocketImpl.connect(SocksSocketImpl.java:327) ~[na:na]
	at java.base/java.net.Socket.connect(Socket.java:760) ~[na:na]
	at org.postgresql.core.PGStream.createSocket(PGStream.java:261) ~[postgresql-42.7.10.jar:42.7.10]
	at org.postgresql.core.PGStream.<init>(PGStream.java:122) ~[postgresql-42.7.10.jar:42.7.10]
	at org.postgresql.core.v3.ConnectionFactoryImpl.tryConnect(ConnectionFactoryImpl.java:146) ~[postgresql-42.7.10.jar:42.7.10]
	at org.postgresql.core.v3.ConnectionFactoryImpl.openConnectionImpl(ConnectionFactoryImpl.java:289) ~[postgresql-42.7.10.jar:42.7.10]
	... 54 common frames omitted

2026-03-17T17:15:57.085+05:30  WARN 16592 --- [subscriptionManagementBackend] [restartedMain] org.hibernate.orm.deprecation            : HHH90000025: PostgreSQLDialect does not need to be specified explicitly using 'hibernate.dialect' (remove the property setting and it will be selected by default)
2026-03-17T17:15:57.114+05:30  INFO 16592 --- [subscriptionManagementBackend] [restartedMain] org.hibernate.orm.connections.pooling    : HHH10001005: Database info:
	Database JDBC URL [undefined/unknown]
	Database driver: undefined/unknown
	Database dialect: PostgreSQLDialect
	Database version: 13.0
	Default catalog/schema: unknown/unknown
	Autocommit mode: undefined/unknown
	Isolation level: NONE [default NONE]
	JDBC fetch size: undefined/unknown
	Pool: DataSourceConnectionProvider
	Minimum pool size: undefined/unknown
	Maximum pool size: undefined/unknown
2026-03-17T17:15:58.860+05:30  INFO 16592 --- [subscriptionManagementBackend] [restartedMain] org.hibernate.orm.core                   : HHH000489: No JTA platform available (set 'hibernate.transaction.jta.platform' to enable JTA platform integration)
2026-03-17T17:15:58.912+05:30  INFO 16592 --- [subscriptionManagementBackend] [restartedMain] com.zaxxer.hikari.HikariDataSource       : HikariPool-1 - Starting...
2026-03-17T17:15:59.922+05:30  WARN 16592 --- [subscriptionManagementBackend] [restartedMain] org.hibernate.orm.jdbc.error             : HHH000247: ErrorCode: 0, SQLState: 08001
2026-03-17T17:15:59.922+05:30  WARN 16592 --- [subscriptionManagementBackend] [restartedMain] org.hibernate.orm.jdbc.error             : The connection attempt failed.
2026-03-17T17:15:59.929+05:30 ERROR 16592 --- [subscriptionManagementBackend] [restartedMain] j.LocalContainerEntityManagerFactoryBean : Failed to initialize JPA EntityManagerFactory: Unable to build Hibernate SessionFactory  [persistence unit: default] ; nested exception is org.hibernate.exception.JDBCConnectionException: Unable to open JDBC Connection for DDL execution [The connection attempt failed.] [n/a]
2026-03-17T17:15:59.930+05:30  WARN 16592 --- [subscriptionManagementBackend] [restartedMain] ConfigServletWebServerApplicationContext : Exception encountered during context initialization - cancelling refresh attempt: org.springframework.beans.factory.BeanCreationException: Error creating bean with name 'entityManagerFactory' defined in class path resource [org/springframework/boot/hibernate/autoconfigure/HibernateJpaConfiguration.class]: Unable to build Hibernate SessionFactory  [persistence unit: default] ; nested exception is org.hibernate.exception.JDBCConnectionException: Unable to open JDBC Connection for DDL execution [The connection attempt failed.] [n/a]
2026-03-17T17:15:59.936+05:30  INFO 16592 --- [subscriptionManagementBackend] [restartedMain] o.apache.catalina.core.StandardService   : Stopping service [Tomcat]
2026-03-17T17:15:59.961+05:30  INFO 16592 --- [subscriptionManagementBackend] [restartedMain] .s.b.a.l.ConditionEvaluationReportLogger : 

Error starting ApplicationContext. To display the condition evaluation report re-run your application with 'debug' enabled.
2026-03-17T17:15:59.994+05:30 ERROR 16592 --- [subscriptionManagementBackend] [restartedMain] o.s.boot.SpringApplication               : Application run failed

org.springframework.beans.factory.BeanCreationException: Error creating bean with name 'entityManagerFactory' defined in class path resource [org/springframework/boot/hibernate/autoconfigure/HibernateJpaConfiguration.class]: Unable to build Hibernate SessionFactory  [persistence unit: default] ; nested exception is org.hibernate.exception.JDBCConnectionException: Unable to open JDBC Connection for DDL execution [The connection attempt failed.] [n/a]
	at org.springframework.beans.factory.support.AbstractAutowireCapableBeanFactory.initializeBean(AbstractAutowireCapableBeanFactory.java:1817) ~[spring-beans-7.0.5.jar:7.0.5]
	at org.springframework.beans.factory.support.AbstractAutowireCapableBeanFactory.doCreateBean(AbstractAutowireCapableBeanFactory.java:603) ~[spring-beans-7.0.5.jar:7.0.5]
	at org.springframework.beans.factory.support.AbstractAutowireCapableBeanFactory.createBean(AbstractAutowireCapableBeanFactory.java:525) ~[spring-beans-7.0.5.jar:7.0.5]
	at org.springframework.beans.factory.support.AbstractBeanFactory.lambda$doGetBean$0(AbstractBeanFactory.java:333) ~[spring-beans-7.0.5.jar:7.0.5]
	at org.springframework.beans.factory.support.DefaultSingletonBeanRegistry.getSingleton(DefaultSingletonBeanRegistry.java:371) ~[spring-beans-7.0.5.jar:7.0.5]
	at org.springframework.beans.factory.support.AbstractBeanFactory.doGetBean(AbstractBeanFactory.java:331) ~[spring-beans-7.0.5.jar:7.0.5]
	at org.springframework.beans.factory.support.AbstractBeanFactory.getBean(AbstractBeanFactory.java:201) ~[spring-beans-7.0.5.jar:7.0.5]
	at org.springframework.context.support.AbstractApplicationContext.finishBeanFactoryInitialization(AbstractApplicationContext.java:977) ~[spring-context-7.0.5.jar:7.0.5]
	at org.springframework.context.support.AbstractApplicationContext.refresh(AbstractApplicationContext.java:621) ~[spring-context-7.0.5.jar:7.0.5]
	at org.springframework.boot.web.server.servlet.context.ServletWebServerApplicationContext.refresh(ServletWebServerApplicationContext.java:143) ~[spring-boot-web-server-4.0.3.jar:4.0.3]
	at org.springframework.boot.SpringApplication.refresh(SpringApplication.java:756) ~[spring-boot-4.0.3.jar:4.0.3]
	at org.springframework.boot.SpringApplication.refreshContext(SpringApplication.java:445) ~[spring-boot-4.0.3.jar:4.0.3]
	at org.springframework.boot.SpringApplication.run(SpringApplication.java:321) ~[spring-boot-4.0.3.jar:4.0.3]
	at org.springframework.boot.SpringApplication.run(SpringApplication.java:1365) ~[spring-boot-4.0.3.jar:4.0.3]
	at org.springframework.boot.SpringApplication.run(SpringApplication.java:1354) ~[spring-boot-4.0.3.jar:4.0.3]
	at com.rohan.SubscriptionManagementBackendApplication.main(SubscriptionManagementBackendApplication.java:10) ~[classes/:na]
	at java.base/jdk.internal.reflect.DirectMethodHandleAccessor.invoke(DirectMethodHandleAccessor.java:103) ~[na:na]
	at java.base/java.lang.reflect.Method.invoke(Method.java:580) ~[na:na]
	at org.springframework.boot.devtools.restart.RestartLauncher.run(RestartLauncher.java:52) ~[spring-boot-devtools-4.0.3.jar:4.0.3]
Caused by: jakarta.persistence.PersistenceException: Unable to build Hibernate SessionFactory  [persistence unit: default] ; nested exception is org.hibernate.exception.JDBCConnectionException: Unable to open JDBC Connection for DDL execution [The connection attempt failed.] [n/a]
	at org.springframework.orm.jpa.AbstractEntityManagerFactoryBean.buildNativeEntityManagerFactory(AbstractEntityManagerFactoryBean.java:448) ~[spring-orm-7.0.5.jar:7.0.5]
	at org.springframework.orm.jpa.AbstractEntityManagerFactoryBean.afterPropertiesSet(AbstractEntityManagerFactoryBean.java:411) ~[spring-orm-7.0.5.jar:7.0.5]
	at org.springframework.orm.jpa.LocalContainerEntityManagerFactoryBean.afterPropertiesSet(LocalContainerEntityManagerFactoryBean.java:419) ~[spring-orm-7.0.5.jar:7.0.5]
	at org.springframework.beans.factory.support.AbstractAutowireCapableBeanFactory.invokeInitMethods(AbstractAutowireCapableBeanFactory.java:1864) ~[spring-beans-7.0.5.jar:7.0.5]
	at org.springframework.beans.factory.support.AbstractAutowireCapableBeanFactory.initializeBean(AbstractAutowireCapableBeanFactory.java:1813) ~[spring-beans-7.0.5.jar:7.0.5]
	... 18 common frames omitted
Caused by: org.hibernate.exception.JDBCConnectionException: Unable to open JDBC Connection for DDL execution [The connection attempt failed.] [n/a]
	at org.hibernate.exception.internal.SQLStateConversionDelegate.convert(SQLStateConversionDelegate.java:80) ~[hibernate-core-7.2.4.Final.jar:7.2.4.Final]
	at org.hibernate.exception.internal.StandardSQLExceptionConverter.convert(StandardSQLExceptionConverter.java:34) ~[hibernate-core-7.2.4.Final.jar:7.2.4.Final]
	at org.hibernate.engine.jdbc.spi.SqlExceptionHelper.convert(SqlExceptionHelper.java:115) ~[hibernate-core-7.2.4.Final.jar:7.2.4.Final]
	at org.hibernate.engine.jdbc.spi.SqlExceptionHelper.convert(SqlExceptionHelper.java:101) ~[hibernate-core-7.2.4.Final.jar:7.2.4.Final]
	at org.hibernate.resource.transaction.backend.jdbc.internal.DdlTransactionIsolatorNonJtaImpl.getIsolatedConnection(DdlTransactionIsolatorNonJtaImpl.java:71) ~[hibernate-core-7.2.4.Final.jar:7.2.4.Final]
	at org.hibernate.resource.transaction.backend.jdbc.internal.DdlTransactionIsolatorNonJtaImpl.getIsolatedConnection(DdlTransactionIsolatorNonJtaImpl.java:37) ~[hibernate-core-7.2.4.Final.jar:7.2.4.Final]
	at org.hibernate.tool.schema.internal.exec.ImprovedExtractionContextImpl.getJdbcConnection(ImprovedExtractionContextImpl.java:61) ~[hibernate-core-7.2.4.Final.jar:7.2.4.Final]
	at org.hibernate.tool.schema.extract.spi.ExtractionContext.getQueryResults(ExtractionContext.java:41) ~[hibernate-core-7.2.4.Final.jar:7.2.4.Final]
	at org.hibernate.tool.schema.extract.internal.SequenceInformationExtractorLegacyImpl.extractMetadata(SequenceInformationExtractorLegacyImpl.java:36) ~[hibernate-core-7.2.4.Final.jar:7.2.4.Final]
	at org.hibernate.tool.schema.extract.internal.DatabaseInformationImpl.initializeSequences(DatabaseInformationImpl.java:73) ~[hibernate-core-7.2.4.Final.jar:7.2.4.Final]
	at org.hibernate.tool.schema.extract.internal.DatabaseInformationImpl.<init>(DatabaseInformationImpl.java:63) ~[hibernate-core-7.2.4.Final.jar:7.2.4.Final]
	at org.hibernate.tool.schema.extract.internal.CachingDatabaseInformationImpl.<init>(CachingDatabaseInformationImpl.java:43) ~[hibernate-core-7.2.4.Final.jar:7.2.4.Final]
	at org.hibernate.tool.schema.internal.GroupedSchemaMigratorImpl.buildDatabaseInformation(GroupedSchemaMigratorImpl.java:112) ~[hibernate-core-7.2.4.Final.jar:7.2.4.Final]
	at org.hibernate.tool.schema.internal.AbstractSchemaMigrator.doMigration(AbstractSchemaMigrator.java:83) ~[hibernate-core-7.2.4.Final.jar:7.2.4.Final]
	at org.hibernate.tool.schema.spi.SchemaManagementToolCoordinator.performDatabaseAction(SchemaManagementToolCoordinator.java:269) ~[hibernate-core-7.2.4.Final.jar:7.2.4.Final]
	at org.hibernate.tool.schema.spi.SchemaManagementToolCoordinator.lambda$process$1(SchemaManagementToolCoordinator.java:101) ~[hibernate-core-7.2.4.Final.jar:7.2.4.Final]
	at java.base/java.util.HashMap.forEach(HashMap.java:1430) ~[na:na]
	at org.hibernate.tool.schema.spi.SchemaManagementToolCoordinator.process(SchemaManagementToolCoordinator.java:100) ~[hibernate-core-7.2.4.Final.jar:7.2.4.Final]
	at org.hibernate.boot.internal.SessionFactoryObserverForSchemaExport.sessionFactoryCreated(SessionFactoryObserverForSchemaExport.java:35) ~[hibernate-core-7.2.4.Final.jar:7.2.4.Final]
	at org.hibernate.internal.SessionFactoryObserverChain.sessionFactoryCreated(SessionFactoryObserverChain.java:33) ~[hibernate-core-7.2.4.Final.jar:7.2.4.Final]
	at org.hibernate.internal.SessionFactoryImpl.<init>(SessionFactoryImpl.java:323) ~[hibernate-core-7.2.4.Final.jar:7.2.4.Final]
	at org.hibernate.internal.SessionFactoryRegistry.instantiateSessionFactory(SessionFactoryRegistry.java:64) ~[hibernate-core-7.2.4.Final.jar:7.2.4.Final]
	at org.hibernate.boot.internal.SessionFactoryBuilderImpl.build(SessionFactoryBuilderImpl.java:437) ~[hibernate-core-7.2.4.Final.jar:7.2.4.Final]
	at org.hibernate.jpa.boot.internal.EntityManagerFactoryBuilderImpl.build(EntityManagerFactoryBuilderImpl.java:1456) ~[hibernate-core-7.2.4.Final.jar:7.2.4.Final]
	at org.springframework.orm.jpa.vendor.SpringHibernateJpaPersistenceProvider.createContainerEntityManagerFactory(SpringHibernateJpaPersistenceProvider.java:93) ~[spring-orm-7.0.5.jar:7.0.5]
	at org.springframework.orm.jpa.LocalContainerEntityManagerFactoryBean.createNativeEntityManagerFactory(LocalContainerEntityManagerFactoryBean.java:443) ~[spring-orm-7.0.5.jar:7.0.5]
	at org.springframework.orm.jpa.AbstractEntityManagerFactoryBean.buildNativeEntityManagerFactory(AbstractEntityManagerFactoryBean.java:436) ~[spring-orm-7.0.5.jar:7.0.5]
	... 22 common frames omitted
Caused by: org.postgresql.util.PSQLException: The connection attempt failed.
	at org.postgresql.core.v3.ConnectionFactoryImpl.openConnectionImpl(ConnectionFactoryImpl.java:385) ~[postgresql-42.7.10.jar:42.7.10]
	at org.postgresql.core.ConnectionFactory.openConnection(ConnectionFactory.java:57) ~[postgresql-42.7.10.jar:42.7.10]
	at org.postgresql.jdbc.PgConnection.<init>(PgConnection.java:290) ~[postgresql-42.7.10.jar:42.7.10]
	at org.postgresql.Driver.makeConnection(Driver.java:448) ~[postgresql-42.7.10.jar:42.7.10]
	at org.postgresql.Driver.connect(Driver.java:298) ~[postgresql-42.7.10.jar:42.7.10]
	at com.zaxxer.hikari.util.DriverDataSource.getConnection(DriverDataSource.java:144) ~[HikariCP-7.0.2.jar:na]
	at com.zaxxer.hikari.pool.PoolBase.newConnection(PoolBase.java:373) ~[HikariCP-7.0.2.jar:na]
	at com.zaxxer.hikari.pool.PoolBase.newPoolEntry(PoolBase.java:210) ~[HikariCP-7.0.2.jar:na]
	at com.zaxxer.hikari.pool.HikariPool.createPoolEntry(HikariPool.java:488) ~[HikariCP-7.0.2.jar:na]
	at com.zaxxer.hikari.pool.HikariPool.checkFailFast(HikariPool.java:576) ~[HikariCP-7.0.2.jar:na]
	at com.zaxxer.hikari.pool.HikariPool.<init>(HikariPool.java:97) ~[HikariCP-7.0.2.jar:na]
	at com.zaxxer.hikari.HikariDataSource.getConnection(HikariDataSource.java:111) ~[HikariCP-7.0.2.jar:na]
	at org.hibernate.engine.jdbc.connections.internal.DataSourceConnectionProvider.getConnection(DataSourceConnectionProvider.java:137) ~[hibernate-core-7.2.4.Final.jar:7.2.4.Final]
	at org.hibernate.engine.jdbc.env.internal.JdbcEnvironmentInitiator$ConnectionProviderJdbcConnectionAccess.obtainConnection(JdbcEnvironmentInitiator.java:508) ~[hibernate-core-7.2.4.Final.jar:7.2.4.Final]
	at org.hibernate.resource.transaction.backend.jdbc.internal.DdlTransactionIsolatorNonJtaImpl.getIsolatedConnection(DdlTransactionIsolatorNonJtaImpl.java:44) ~[hibernate-core-7.2.4.Final.jar:7.2.4.Final]
	... 44 common frames omitted
Caused by: java.net.UnknownHostException: ep-morning-dawn-a1z18fkr-pooler.ap-southeast-1.aws.neon.tech
	at java.base/sun.nio.ch.NioSocketImpl.connect(NioSocketImpl.java:567) ~[na:na]
	at java.base/java.net.SocksSocketImpl.connect(SocksSocketImpl.java:327) ~[na:na]
	at java.base/java.net.Socket.connect(Socket.java:760) ~[na:na]
	at org.postgresql.core.PGStream.createSocket(PGStream.java:261) ~[postgresql-42.7.10.jar:42.7.10]
	at org.postgresql.core.PGStream.<init>(PGStream.java:122) ~[postgresql-42.7.10.jar:42.7.10]
	at org.postgresql.core.v3.ConnectionFactoryImpl.tryConnect(ConnectionFactoryImpl.java:146) ~[postgresql-42.7.10.jar:42.7.10]
	at org.postgresql.core.v3.ConnectionFactoryImpl.openConnectionImpl(ConnectionFactoryImpl.java:289) ~[postgresql-42.7.10.jar:42.7.10]
	... 58 common frames omitted

2026-03-17T17:16:34.096+05:30  INFO 19224 --- [subscriptionManagementBackend] [restartedMain] SubscriptionManagementBackendApplication : Starting SubscriptionManagementBackendApplication using Java 23.0.2 with PID 19224 (C:\GitHub\Pratiti Training\Mini Project\subscriptionManagementBackend\target\classes started by rohan in C:\GitHub\Pratiti Training\Mini Project\subscriptionManagementBackend)
2026-03-17T17:16:34.101+05:30 DEBUG 19224 --- [subscriptionManagementBackend] [restartedMain] SubscriptionManagementBackendApplication : Running with Spring Boot v4.0.3, Spring v7.0.5
2026-03-17T17:16:34.103+05:30  INFO 19224 --- [subscriptionManagementBackend] [restartedMain] SubscriptionManagementBackendApplication : No active profile set, falling back to 1 default profile: "default"
2026-03-17T17:16:34.235+05:30  INFO 19224 --- [subscriptionManagementBackend] [restartedMain] .e.DevToolsPropertyDefaultsPostProcessor : Devtools property defaults active! Set 'spring.devtools.add-properties' to 'false' to disable
2026-03-17T17:16:34.236+05:30  INFO 19224 --- [subscriptionManagementBackend] [restartedMain] .e.DevToolsPropertyDefaultsPostProcessor : For additional web related logging consider setting the 'logging.level.web' property to 'DEBUG'
2026-03-17T17:16:36.463+05:30  INFO 19224 --- [subscriptionManagementBackend] [restartedMain] .s.d.r.c.RepositoryConfigurationDelegate : Multiple Spring Data modules found, entering strict repository configuration mode
2026-03-17T17:16:36.468+05:30  INFO 19224 --- [subscriptionManagementBackend] [restartedMain] .s.d.r.c.RepositoryConfigurationDelegate : Bootstrapping Spring Data JPA repositories in DEFAULT mode.
2026-03-17T17:16:36.774+05:30  INFO 19224 --- [subscriptionManagementBackend] [restartedMain] .s.d.r.c.RepositoryConfigurationDelegate : Finished Spring Data repository scanning in 286 ms. Found 1 JPA repository interface.
2026-03-17T17:16:36.872+05:30  INFO 19224 --- [subscriptionManagementBackend] [restartedMain] .s.d.r.c.RepositoryConfigurationDelegate : Multiple Spring Data modules found, entering strict repository configuration mode
2026-03-17T17:16:36.875+05:30  INFO 19224 --- [subscriptionManagementBackend] [restartedMain] .s.d.r.c.RepositoryConfigurationDelegate : Bootstrapping Spring Data Redis repositories in DEFAULT mode.
2026-03-17T17:16:36.926+05:30  INFO 19224 --- [subscriptionManagementBackend] [restartedMain] .RepositoryConfigurationExtensionSupport : Spring Data Redis - Could not safely identify store assignment for repository candidate interface com.rohan.repository.UserRepository; If you want this repository to be a Redis repository, consider annotating your entities with one of these annotations: org.springframework.data.redis.core.RedisHash (preferred), or consider extending one of the following types with your repository: org.springframework.data.keyvalue.repository.KeyValueRepository
2026-03-17T17:16:36.927+05:30  INFO 19224 --- [subscriptionManagementBackend] [restartedMain] .s.d.r.c.RepositoryConfigurationDelegate : Finished Spring Data repository scanning in 18 ms. Found 0 Redis repository interfaces.
2026-03-17T17:16:38.068+05:30  INFO 19224 --- [subscriptionManagementBackend] [restartedMain] o.s.boot.tomcat.TomcatWebServer          : Tomcat initialized with port 1234 (http)
2026-03-17T17:16:38.090+05:30  INFO 19224 --- [subscriptionManagementBackend] [restartedMain] o.apache.catalina.core.StandardService   : Starting service [Tomcat]
2026-03-17T17:16:38.091+05:30  INFO 19224 --- [subscriptionManagementBackend] [restartedMain] o.apache.catalina.core.StandardEngine    : Starting Servlet engine: [Apache Tomcat/11.0.18]
2026-03-17T17:16:38.207+05:30  INFO 19224 --- [subscriptionManagementBackend] [restartedMain] b.w.c.s.WebApplicationContextInitializer : Root WebApplicationContext: initialization completed in 3970 ms
2026-03-17T17:16:38.680+05:30  INFO 19224 --- [subscriptionManagementBackend] [restartedMain] org.hibernate.orm.jpa                    : HHH008540: Processing PersistenceUnitInfo [name: default]
2026-03-17T17:16:38.794+05:30  INFO 19224 --- [subscriptionManagementBackend] [restartedMain] org.hibernate.orm.core                   : HHH000001: Hibernate ORM core version 7.2.4.Final
2026-03-17T17:16:39.776+05:30  INFO 19224 --- [subscriptionManagementBackend] [restartedMain] o.s.o.j.p.SpringPersistenceUnitInfo      : No LoadTimeWeaver setup: ignoring JPA class transformer
2026-03-17T17:16:39.841+05:30  INFO 19224 --- [subscriptionManagementBackend] [restartedMain] com.zaxxer.hikari.HikariDataSource       : HikariPool-1 - Starting...
2026-03-17T17:16:41.486+05:30  INFO 19224 --- [subscriptionManagementBackend] [restartedMain] com.zaxxer.hikari.pool.HikariPool        : HikariPool-1 - Added connection org.postgresql.jdbc.PgConnection@66041b2e
2026-03-17T17:16:41.489+05:30  INFO 19224 --- [subscriptionManagementBackend] [restartedMain] com.zaxxer.hikari.HikariDataSource       : HikariPool-1 - Start completed.
2026-03-17T17:16:41.629+05:30  WARN 19224 --- [subscriptionManagementBackend] [restartedMain] org.hibernate.orm.deprecation            : HHH90000025: PostgreSQLDialect does not need to be specified explicitly using 'hibernate.dialect' (remove the property setting and it will be selected by default)
2026-03-17T17:16:41.987+05:30  INFO 19224 --- [subscriptionManagementBackend] [restartedMain] org.hibernate.orm.connections.pooling    : HHH10001005: Database info:
	Database JDBC URL [jdbc:postgresql://ep-morning-dawn-a1z18fkr-pooler.ap-southeast-1.aws.neon.tech:5432/neondb?sslmode=require&channel_binding=require]
	Database driver: PostgreSQL JDBC Driver
	Database dialect: PostgreSQLDialect
	Database version: 17.8
	Default catalog/schema: neondb/public
	Autocommit mode: undefined/unknown
	Isolation level: READ_COMMITTED [default READ_COMMITTED]
	JDBC fetch size: none
	Pool: DataSourceConnectionProvider
	Minimum pool size: undefined/unknown
	Maximum pool size: undefined/unknown
2026-03-17T17:16:43.599+05:30  INFO 19224 --- [subscriptionManagementBackend] [restartedMain] org.hibernate.orm.core                   : HHH000489: No JTA platform available (set 'hibernate.transaction.jta.platform' to enable JTA platform integration)
2026-03-17T17:16:44.026+05:30  INFO 19224 --- [subscriptionManagementBackend] [restartedMain] j.LocalContainerEntityManagerFactoryBean : Initialized JPA EntityManagerFactory for persistence unit 'default'
2026-03-17T17:16:44.186+05:30  INFO 19224 --- [subscriptionManagementBackend] [restartedMain] o.s.d.j.r.query.QueryEnhancerFactories   : Hibernate is in classpath; If applicable, HQL parser will be used.
2026-03-17T17:16:45.522+05:30  WARN 19224 --- [subscriptionManagementBackend] [restartedMain] JpaBaseConfiguration$JpaWebConfiguration : spring.jpa.open-in-view is enabled by default. Therefore, database queries may be performed during view rendering. Explicitly configure spring.jpa.open-in-view to disable this warning
2026-03-17T17:16:45.624+05:30  INFO 19224 --- [subscriptionManagementBackend] [restartedMain] o.s.v.b.OptionalValidatorFactoryBean     : Failed to set up a Bean Validation provider: jakarta.validation.NoProviderFoundException: Unable to create a Configuration, because no Jakarta Validation provider could be found. Add a provider like Hibernate Validator (RI) to your classpath.
2026-03-17T17:16:46.749+05:30  INFO 19224 --- [subscriptionManagementBackend] [restartedMain] o.s.b.a.e.web.EndpointLinksResolver      : Exposing 1 endpoint beneath base path '/actuator'
2026-03-17T17:16:46.924+05:30  INFO 19224 --- [subscriptionManagementBackend] [restartedMain] o.s.boot.tomcat.TomcatWebServer          : Tomcat started on port 1234 (http) with context path '/'
2026-03-17T17:16:46.944+05:30  INFO 19224 --- [subscriptionManagementBackend] [restartedMain] SubscriptionManagementBackendApplication : Started SubscriptionManagementBackendApplication in 13.775 seconds (process running for 15.52)
2026-03-17T17:16:47.376+05:30  INFO 19224 --- [subscriptionManagementBackend] [RMI TCP Connection(9)-127.0.0.1] o.a.c.c.C.[Tomcat].[localhost].[/]       : Initializing Spring DispatcherServlet 'dispatcherServlet'
2026-03-17T17:16:47.376+05:30  INFO 19224 --- [subscriptionManagementBackend] [RMI TCP Connection(9)-127.0.0.1] o.s.web.servlet.DispatcherServlet        : Initializing Servlet 'dispatcherServlet'
2026-03-17T17:16:47.379+05:30  INFO 19224 --- [subscriptionManagementBackend] [RMI TCP Connection(9)-127.0.0.1] o.s.web.servlet.DispatcherServlet        : Completed initialization in 3 ms
2026-03-17T17:17:00.094+05:30  INFO 19224 --- [subscriptionManagementBackend] [http-nio-1234-exec-4] o.springdoc.api.AbstractOpenApiResource  : Init duration for springdoc-openapi is: 513 ms
2026-03-17T17:17:34.438+05:30  INFO 19224 --- [subscriptionManagementBackend] [http-nio-1234-exec-5] com.rohan.controller.AuthController      : FUll object:rohanghotekar3225@gmail.com
2026-03-17T17:17:35.523+05:30 ERROR 19224 --- [subscriptionManagementBackend] [http-nio-1234-exec-5] o.a.c.c.C.[.[.[/].[dispatcherServlet]    : Servlet.service() for servlet [dispatcherServlet] in context with path [] threw exception [Request processing failed: java.lang.RuntimeException: OTP expired or not found] with root cause

java.lang.RuntimeException: OTP expired or not found
	at com.rohan.service.OtpServiceImpl.verifyOtp(OtpServiceImpl.java:43) ~[classes/:na]
	at com.rohan.controller.AuthController.verifyOtp(AuthController.java:53) ~[classes/:na]
	at java.base/jdk.internal.reflect.DirectMethodHandleAccessor.invoke(DirectMethodHandleAccessor.java:103) ~[na:na]
	at java.base/java.lang.reflect.Method.invoke(Method.java:580) ~[na:na]
	at org.springframework.web.method.support.InvocableHandlerMethod.doInvoke(InvocableHandlerMethod.java:252) ~[spring-web-7.0.5.jar:7.0.5]
	at org.springframework.web.method.support.InvocableHandlerMethod.invokeForRequest(InvocableHandlerMethod.java:184) ~[spring-web-7.0.5.jar:7.0.5]
	at org.springframework.web.servlet.mvc.method.annotation.ServletInvocableHandlerMethod.invokeAndHandle(ServletInvocableHandlerMethod.java:117) ~[spring-webmvc-7.0.5.jar:7.0.5]
	at org.springframework.web.servlet.mvc.method.annotation.RequestMappingHandlerAdapter.invokeHandlerMethod(RequestMappingHandlerAdapter.java:934) ~[spring-webmvc-7.0.5.jar:7.0.5]
	at org.springframework.web.servlet.mvc.method.annotation.RequestMappingHandlerAdapter.handleInternal(RequestMappingHandlerAdapter.java:853) ~[spring-webmvc-7.0.5.jar:7.0.5]
	at org.springframework.web.servlet.mvc.method.AbstractHandlerMethodAdapter.handle(AbstractHandlerMethodAdapter.java:86) ~[spring-webmvc-7.0.5.jar:7.0.5]
	at org.springframework.web.servlet.DispatcherServlet.doDispatch(DispatcherServlet.java:963) ~[spring-webmvc-7.0.5.jar:7.0.5]
	at org.springframework.web.servlet.DispatcherServlet.doService(DispatcherServlet.java:866) ~[spring-webmvc-7.0.5.jar:7.0.5]
	at org.springframework.web.servlet.FrameworkServlet.processRequest(FrameworkServlet.java:1000) ~[spring-webmvc-7.0.5.jar:7.0.5]
	at org.springframework.web.servlet.FrameworkServlet.doPost(FrameworkServlet.java:903) ~[spring-webmvc-7.0.5.jar:7.0.5]
	at jakarta.servlet.http.HttpServlet.service(HttpServlet.java:649) ~[tomcat-embed-core-11.0.18.jar:6.1]
	at org.springframework.web.servlet.FrameworkServlet.service(FrameworkServlet.java:874) ~[spring-webmvc-7.0.5.jar:7.0.5]
	at jakarta.servlet.http.HttpServlet.service(HttpServlet.java:710) ~[tomcat-embed-core-11.0.18.jar:6.1]
	at org.apache.catalina.core.ApplicationFilterChain.doFilter(ApplicationFilterChain.java:128) ~[tomcat-embed-core-11.0.18.jar:11.0.18]
	at org.apache.tomcat.websocket.server.WsFilter.doFilter(WsFilter.java:53) ~[tomcat-embed-websocket-11.0.18.jar:11.0.18]
	at org.apache.catalina.core.ApplicationFilterChain.doFilter(ApplicationFilterChain.java:107) ~[tomcat-embed-core-11.0.18.jar:11.0.18]
	at org.springframework.web.filter.RequestContextFilter.doFilterInternal(RequestContextFilter.java:100) ~[spring-web-7.0.5.jar:7.0.5]
	at org.springframework.web.filter.OncePerRequestFilter.doFilter(OncePerRequestFilter.java:116) ~[spring-web-7.0.5.jar:7.0.5]
	at org.apache.catalina.core.ApplicationFilterChain.doFilter(ApplicationFilterChain.java:107) ~[tomcat-embed-core-11.0.18.jar:11.0.18]
	at org.springframework.web.filter.FormContentFilter.doFilterInternal(FormContentFilter.java:93) ~[spring-web-7.0.5.jar:7.0.5]
	at org.springframework.web.filter.OncePerRequestFilter.doFilter(OncePerRequestFilter.java:116) ~[spring-web-7.0.5.jar:7.0.5]
	at org.apache.catalina.core.ApplicationFilterChain.doFilter(ApplicationFilterChain.java:107) ~[tomcat-embed-core-11.0.18.jar:11.0.18]
	at org.springframework.web.filter.ServerHttpObservationFilter.doFilterInternal(ServerHttpObservationFilter.java:110) ~[spring-web-7.0.5.jar:7.0.5]
	at org.springframework.web.filter.OncePerRequestFilter.doFilter(OncePerRequestFilter.java:116) ~[spring-web-7.0.5.jar:7.0.5]
	at org.apache.catalina.core.ApplicationFilterChain.doFilter(ApplicationFilterChain.java:107) ~[tomcat-embed-core-11.0.18.jar:11.0.18]
	at org.springframework.web.filter.CharacterEncodingFilter.doFilterInternal(CharacterEncodingFilter.java:199) ~[spring-web-7.0.5.jar:7.0.5]
	at org.springframework.web.filter.OncePerRequestFilter.doFilter(OncePerRequestFilter.java:116) ~[spring-web-7.0.5.jar:7.0.5]
	at org.apache.catalina.core.ApplicationFilterChain.doFilter(ApplicationFilterChain.java:107) ~[tomcat-embed-core-11.0.18.jar:11.0.18]
	at org.apache.catalina.core.StandardWrapperValve.invoke(StandardWrapperValve.java:165) ~[tomcat-embed-core-11.0.18.jar:11.0.18]
	at org.apache.catalina.core.StandardContextValve.invoke(StandardContextValve.java:77) ~[tomcat-embed-core-11.0.18.jar:11.0.18]
	at org.apache.catalina.authenticator.AuthenticatorBase.invoke(AuthenticatorBase.java:492) ~[tomcat-embed-core-11.0.18.jar:11.0.18]
	at org.apache.catalina.core.StandardHostValve.invoke(StandardHostValve.java:113) ~[tomcat-embed-core-11.0.18.jar:11.0.18]
	at org.apache.catalina.valves.ErrorReportValve.invoke(ErrorReportValve.java:83) ~[tomcat-embed-core-11.0.18.jar:11.0.18]
	at org.apache.catalina.core.StandardEngineValve.invoke(StandardEngineValve.java:72) ~[tomcat-embed-core-11.0.18.jar:11.0.18]
	at org.apache.catalina.connector.CoyoteAdapter.service(CoyoteAdapter.java:341) ~[tomcat-embed-core-11.0.18.jar:11.0.18]
	at org.apache.coyote.http11.Http11Processor.service(Http11Processor.java:397) ~[tomcat-embed-core-11.0.18.jar:11.0.18]
	at org.apache.coyote.AbstractProcessorLight.process(AbstractProcessorLight.java:63) ~[tomcat-embed-core-11.0.18.jar:11.0.18]
	at org.apache.coyote.AbstractProtocol$ConnectionHandler.process(AbstractProtocol.java:903) ~[tomcat-embed-core-11.0.18.jar:11.0.18]
	at org.apache.tomcat.util.net.NioEndpoint$SocketProcessor.doRun(NioEndpoint.java:1779) ~[tomcat-embed-core-11.0.18.jar:11.0.18]
	at org.apache.tomcat.util.net.SocketProcessorBase.run(SocketProcessorBase.java:52) ~[tomcat-embed-core-11.0.18.jar:11.0.18]
	at org.apache.tomcat.util.threads.ThreadPoolExecutor.runWorker(ThreadPoolExecutor.java:946) ~[tomcat-embed-core-11.0.18.jar:11.0.18]
	at org.apache.tomcat.util.threads.ThreadPoolExecutor$Worker.run(ThreadPoolExecutor.java:480) ~[tomcat-embed-core-11.0.18.jar:11.0.18]
	at org.apache.tomcat.util.threads.TaskThread$WrappingRunnable.run(TaskThread.java:57) ~[tomcat-embed-core-11.0.18.jar:11.0.18]
	at java.base/java.lang.Thread.run(Thread.java:1575) ~[na:na]

2026-03-17T17:17:43.378+05:30  INFO 19224 --- [subscriptionManagementBackend] [RMI TCP Connection(12)-127.0.0.1] inMXBeanRegistrar$SpringApplicationAdmin : Application shutdown requested.
2026-03-17T17:17:43.385+05:30  INFO 19224 --- [subscriptionManagementBackend] [RMI TCP Connection(12)-127.0.0.1] o.s.boot.tomcat.GracefulShutdown         : Commencing graceful shutdown. Waiting for active requests to complete
2026-03-17T17:17:43.403+05:30  INFO 19224 --- [subscriptionManagementBackend] [tomcat-shutdown] o.s.boot.tomcat.GracefulShutdown         : Graceful shutdown complete
2026-03-17T17:17:43.445+05:30  INFO 19224 --- [subscriptionManagementBackend] [RMI TCP Connection(12)-127.0.0.1] j.LocalContainerEntityManagerFactoryBean : Closing JPA EntityManagerFactory for persistence unit 'default'
2026-03-17T17:17:43.452+05:30  INFO 19224 --- [subscriptionManagementBackend] [RMI TCP Connection(12)-127.0.0.1] com.zaxxer.hikari.HikariDataSource       : HikariPool-1 - Shutdown initiated...
2026-03-17T17:17:44.250+05:30  INFO 19224 --- [subscriptionManagementBackend] [RMI TCP Connection(12)-127.0.0.1] com.zaxxer.hikari.HikariDataSource       : HikariPool-1 - Shutdown completed.
2026-03-17T17:17:49.301+05:30  INFO 24588 --- [subscriptionManagementBackend] [restartedMain] SubscriptionManagementBackendApplication : Starting SubscriptionManagementBackendApplication using Java 23.0.2 with PID 24588 (C:\GitHub\Pratiti Training\Mini Project\subscriptionManagementBackend\target\classes started by rohan in C:\GitHub\Pratiti Training\Mini Project\subscriptionManagementBackend)
2026-03-17T17:17:49.307+05:30 DEBUG 24588 --- [subscriptionManagementBackend] [restartedMain] SubscriptionManagementBackendApplication : Running with Spring Boot v4.0.3, Spring v7.0.5
2026-03-17T17:17:49.308+05:30  INFO 24588 --- [subscriptionManagementBackend] [restartedMain] SubscriptionManagementBackendApplication : No active profile set, falling back to 1 default profile: "default"
2026-03-17T17:17:49.421+05:30  INFO 24588 --- [subscriptionManagementBackend] [restartedMain] .e.DevToolsPropertyDefaultsPostProcessor : Devtools property defaults active! Set 'spring.devtools.add-properties' to 'false' to disable
2026-03-17T17:17:49.422+05:30  INFO 24588 --- [subscriptionManagementBackend] [restartedMain] .e.DevToolsPropertyDefaultsPostProcessor : For additional web related logging consider setting the 'logging.level.web' property to 'DEBUG'
2026-03-17T17:17:51.211+05:30  INFO 24588 --- [subscriptionManagementBackend] [restartedMain] .s.d.r.c.RepositoryConfigurationDelegate : Multiple Spring Data modules found, entering strict repository configuration mode
2026-03-17T17:17:51.214+05:30  INFO 24588 --- [subscriptionManagementBackend] [restartedMain] .s.d.r.c.RepositoryConfigurationDelegate : Bootstrapping Spring Data JPA repositories in DEFAULT mode.
2026-03-17T17:17:51.486+05:30  INFO 24588 --- [subscriptionManagementBackend] [restartedMain] .s.d.r.c.RepositoryConfigurationDelegate : Finished Spring Data repository scanning in 255 ms. Found 1 JPA repository interface.
2026-03-17T17:17:51.564+05:30  INFO 24588 --- [subscriptionManagementBackend] [restartedMain] .s.d.r.c.RepositoryConfigurationDelegate : Multiple Spring Data modules found, entering strict repository configuration mode
2026-03-17T17:17:51.566+05:30  INFO 24588 --- [subscriptionManagementBackend] [restartedMain] .s.d.r.c.RepositoryConfigurationDelegate : Bootstrapping Spring Data Redis repositories in DEFAULT mode.
2026-03-17T17:17:51.600+05:30  INFO 24588 --- [subscriptionManagementBackend] [restartedMain] .RepositoryConfigurationExtensionSupport : Spring Data Redis - Could not safely identify store assignment for repository candidate interface com.rohan.repository.UserRepository; If you want this repository to be a Redis repository, consider annotating your entities with one of these annotations: org.springframework.data.redis.core.RedisHash (preferred), or consider extending one of the following types with your repository: org.springframework.data.keyvalue.repository.KeyValueRepository
2026-03-17T17:17:51.600+05:30  INFO 24588 --- [subscriptionManagementBackend] [restartedMain] .s.d.r.c.RepositoryConfigurationDelegate : Finished Spring Data repository scanning in 11 ms. Found 0 Redis repository interfaces.
2026-03-17T17:17:52.711+05:30  INFO 24588 --- [subscriptionManagementBackend] [restartedMain] o.s.boot.tomcat.TomcatWebServer          : Tomcat initialized with port 1234 (http)
2026-03-17T17:17:52.735+05:30  INFO 24588 --- [subscriptionManagementBackend] [restartedMain] o.apache.catalina.core.StandardService   : Starting service [Tomcat]
2026-03-17T17:17:52.736+05:30  INFO 24588 --- [subscriptionManagementBackend] [restartedMain] o.apache.catalina.core.StandardEngine    : Starting Servlet engine: [Apache Tomcat/11.0.18]
2026-03-17T17:17:52.860+05:30  INFO 24588 --- [subscriptionManagementBackend] [restartedMain] b.w.c.s.WebApplicationContextInitializer : Root WebApplicationContext: initialization completed in 3436 ms
2026-03-17T17:17:53.308+05:30  INFO 24588 --- [subscriptionManagementBackend] [restartedMain] org.hibernate.orm.jpa                    : HHH008540: Processing PersistenceUnitInfo [name: default]
2026-03-17T17:17:53.431+05:30  INFO 24588 --- [subscriptionManagementBackend] [restartedMain] org.hibernate.orm.core                   : HHH000001: Hibernate ORM core version 7.2.4.Final
2026-03-17T17:17:54.438+05:30  INFO 24588 --- [subscriptionManagementBackend] [restartedMain] o.s.o.j.p.SpringPersistenceUnitInfo      : No LoadTimeWeaver setup: ignoring JPA class transformer
2026-03-17T17:17:54.507+05:30  INFO 24588 --- [subscriptionManagementBackend] [restartedMain] com.zaxxer.hikari.HikariDataSource       : HikariPool-1 - Starting...
2026-03-17T17:17:55.846+05:30  INFO 24588 --- [subscriptionManagementBackend] [restartedMain] com.zaxxer.hikari.pool.HikariPool        : HikariPool-1 - Added connection org.postgresql.jdbc.PgConnection@66041b2e
2026-03-17T17:17:55.850+05:30  INFO 24588 --- [subscriptionManagementBackend] [restartedMain] com.zaxxer.hikari.HikariDataSource       : HikariPool-1 - Start completed.
2026-03-17T17:17:55.986+05:30  WARN 24588 --- [subscriptionManagementBackend] [restartedMain] org.hibernate.orm.deprecation            : HHH90000025: PostgreSQLDialect does not need to be specified explicitly using 'hibernate.dialect' (remove the property setting and it will be selected by default)
2026-03-17T17:17:56.345+05:30  INFO 24588 --- [subscriptionManagementBackend] [restartedMain] org.hibernate.orm.connections.pooling    : HHH10001005: Database info:
	Database JDBC URL [jdbc:postgresql://ep-morning-dawn-a1z18fkr-pooler.ap-southeast-1.aws.neon.tech:5432/neondb?sslmode=require&channel_binding=require]
	Database driver: PostgreSQL JDBC Driver
	Database dialect: PostgreSQLDialect
	Database version: 17.8
	Default catalog/schema: neondb/public
	Autocommit mode: undefined/unknown
	Isolation level: READ_COMMITTED [default READ_COMMITTED]
	JDBC fetch size: none
	Pool: DataSourceConnectionProvider
	Minimum pool size: undefined/unknown
	Maximum pool size: undefined/unknown
2026-03-17T17:17:57.995+05:30  INFO 24588 --- [subscriptionManagementBackend] [restartedMain] org.hibernate.orm.core                   : HHH000489: No JTA platform available (set 'hibernate.transaction.jta.platform' to enable JTA platform integration)
2026-03-17T17:17:58.405+05:30  INFO 24588 --- [subscriptionManagementBackend] [restartedMain] j.LocalContainerEntityManagerFactoryBean : Initialized JPA EntityManagerFactory for persistence unit 'default'
2026-03-17T17:17:58.575+05:30  INFO 24588 --- [subscriptionManagementBackend] [restartedMain] o.s.d.j.r.query.QueryEnhancerFactories   : Hibernate is in classpath; If applicable, HQL parser will be used.
2026-03-17T17:17:59.737+05:30  WARN 24588 --- [subscriptionManagementBackend] [restartedMain] JpaBaseConfiguration$JpaWebConfiguration : spring.jpa.open-in-view is enabled by default. Therefore, database queries may be performed during view rendering. Explicitly configure spring.jpa.open-in-view to disable this warning
2026-03-17T17:17:59.823+05:30  INFO 24588 --- [subscriptionManagementBackend] [restartedMain] o.s.v.b.OptionalValidatorFactoryBean     : Failed to set up a Bean Validation provider: jakarta.validation.NoProviderFoundException: Unable to create a Configuration, because no Jakarta Validation provider could be found. Add a provider like Hibernate Validator (RI) to your classpath.
2026-03-17T17:18:00.915+05:30  INFO 24588 --- [subscriptionManagementBackend] [restartedMain] o.s.b.a.e.web.EndpointLinksResolver      : Exposing 1 endpoint beneath base path '/actuator'
2026-03-17T17:18:01.075+05:30  INFO 24588 --- [subscriptionManagementBackend] [restartedMain] o.s.boot.tomcat.TomcatWebServer          : Tomcat started on port 1234 (http) with context path '/'
2026-03-17T17:18:01.100+05:30  INFO 24588 --- [subscriptionManagementBackend] [restartedMain] SubscriptionManagementBackendApplication : Started SubscriptionManagementBackendApplication in 12.575 seconds (process running for 14.178)
2026-03-17T17:18:01.501+05:30  INFO 24588 --- [subscriptionManagementBackend] [RMI TCP Connection(7)-127.0.0.1] o.a.c.c.C.[Tomcat].[localhost].[/]       : Initializing Spring DispatcherServlet 'dispatcherServlet'
2026-03-17T17:18:01.502+05:30  INFO 24588 --- [subscriptionManagementBackend] [RMI TCP Connection(7)-127.0.0.1] o.s.web.servlet.DispatcherServlet        : Initializing Servlet 'dispatcherServlet'
2026-03-17T17:18:01.504+05:30  INFO 24588 --- [subscriptionManagementBackend] [RMI TCP Connection(7)-127.0.0.1] o.s.web.servlet.DispatcherServlet        : Completed initialization in 2 ms
2026-03-17T17:18:34.788+05:30  INFO 24588 --- [subscriptionManagementBackend] [http-nio-1234-exec-1] com.rohan.controller.AuthController      : FUll object:rohanghotekar3225@gmail.com
2026-03-17T17:18:34.790+05:30  INFO 24588 --- [subscriptionManagementBackend] [http-nio-1234-exec-1] com.rohan.controller.AuthController      : Email in Controller:EmailRequest[email=rohanghotekar3225@gmail.com]
2026-03-17T17:18:35.786+05:30  INFO 24588 --- [subscriptionManagementBackend] [http-nio-1234-exec-1] com.rohan.service.OtpServiceImpl         : OTP sent to rohanghotekar3225@gmail.com :671993
2026-03-17T17:18:40.396+05:30 ERROR 24588 --- [subscriptionManagementBackend] [http-nio-1234-exec-1] o.a.c.c.C.[.[.[/].[dispatcherServlet]    : Servlet.service() for servlet [dispatcherServlet] in context with path [] threw exception [Request processing failed: org.springframework.mail.MailAuthenticationException: Authentication failed] with root cause

jakarta.mail.AuthenticationFailedException: 535-5.7.8 Username and Password not accepted. For more information, go to
535 5.7.8  https://support.google.com/mail/?p=BadCredentials ffacd0b85a97d-43b3a09e453sm28380853f8f.0 - gsmtp

	at org.eclipse.angus.mail.smtp.SMTPTransport$Authenticator.authenticate(SMTPTransport.java:954) ~[angus-mail-2.0.5.jar:na]
	at org.eclipse.angus.mail.smtp.SMTPTransport.authenticate(SMTPTransport.java:865) ~[angus-mail-2.0.5.jar:na]
	at org.eclipse.angus.mail.smtp.SMTPTransport.protocolConnect(SMTPTransport.java:769) ~[angus-mail-2.0.5.jar:na]
	at jakarta.mail.Service.connect(Service.java:345) ~[jakarta.mail-api-2.1.5.jar:na]
	at org.springframework.mail.javamail.JavaMailSenderImpl.connectTransport(JavaMailSenderImpl.java:467) ~[spring-context-support-7.0.5.jar:7.0.5]
	at org.springframework.mail.javamail.JavaMailSenderImpl.doSend(JavaMailSenderImpl.java:386) ~[spring-context-support-7.0.5.jar:7.0.5]
	at org.springframework.mail.javamail.JavaMailSenderImpl.send(JavaMailSenderImpl.java:337) ~[spring-context-support-7.0.5.jar:7.0.5]
	at org.springframework.mail.javamail.JavaMailSender.send(JavaMailSender.java:101) ~[spring-context-support-7.0.5.jar:7.0.5]
	at com.rohan.service.EmailService.sendOtp(EmailService.java:28) ~[classes/:na]
	at com.rohan.service.OtpServiceImpl.sendOtp(OtpServiceImpl.java:31) ~[classes/:na]
	at com.rohan.controller.AuthController.sendOtp(AuthController.java:46) ~[classes/:na]
	at java.base/jdk.internal.reflect.DirectMethodHandleAccessor.invoke(DirectMethodHandleAccessor.java:103) ~[na:na]
	at java.base/java.lang.reflect.Method.invoke(Method.java:580) ~[na:na]
	at org.springframework.web.method.support.InvocableHandlerMethod.doInvoke(InvocableHandlerMethod.java:252) ~[spring-web-7.0.5.jar:7.0.5]
	at org.springframework.web.method.support.InvocableHandlerMethod.invokeForRequest(InvocableHandlerMethod.java:184) ~[spring-web-7.0.5.jar:7.0.5]
	at org.springframework.web.servlet.mvc.method.annotation.ServletInvocableHandlerMethod.invokeAndHandle(ServletInvocableHandlerMethod.java:117) ~[spring-webmvc-7.0.5.jar:7.0.5]
	at org.springframework.web.servlet.mvc.method.annotation.RequestMappingHandlerAdapter.invokeHandlerMethod(RequestMappingHandlerAdapter.java:934) ~[spring-webmvc-7.0.5.jar:7.0.5]
	at org.springframework.web.servlet.mvc.method.annotation.RequestMappingHandlerAdapter.handleInternal(RequestMappingHandlerAdapter.java:853) ~[spring-webmvc-7.0.5.jar:7.0.5]
	at org.springframework.web.servlet.mvc.method.AbstractHandlerMethodAdapter.handle(AbstractHandlerMethodAdapter.java:86) ~[spring-webmvc-7.0.5.jar:7.0.5]
	at org.springframework.web.servlet.DispatcherServlet.doDispatch(DispatcherServlet.java:963) ~[spring-webmvc-7.0.5.jar:7.0.5]
	at org.springframework.web.servlet.DispatcherServlet.doService(DispatcherServlet.java:866) ~[spring-webmvc-7.0.5.jar:7.0.5]
	at org.springframework.web.servlet.FrameworkServlet.processRequest(FrameworkServlet.java:1000) ~[spring-webmvc-7.0.5.jar:7.0.5]
	at org.springframework.web.servlet.FrameworkServlet.doPost(FrameworkServlet.java:903) ~[spring-webmvc-7.0.5.jar:7.0.5]
	at jakarta.servlet.http.HttpServlet.service(HttpServlet.java:649) ~[tomcat-embed-core-11.0.18.jar:6.1]
	at org.springframework.web.servlet.FrameworkServlet.service(FrameworkServlet.java:874) ~[spring-webmvc-7.0.5.jar:7.0.5]
	at jakarta.servlet.http.HttpServlet.service(HttpServlet.java:710) ~[tomcat-embed-core-11.0.18.jar:6.1]
	at org.apache.catalina.core.ApplicationFilterChain.doFilter(ApplicationFilterChain.java:128) ~[tomcat-embed-core-11.0.18.jar:11.0.18]
	at org.apache.tomcat.websocket.server.WsFilter.doFilter(WsFilter.java:53) ~[tomcat-embed-websocket-11.0.18.jar:11.0.18]
	at org.apache.catalina.core.ApplicationFilterChain.doFilter(ApplicationFilterChain.java:107) ~[tomcat-embed-core-11.0.18.jar:11.0.18]
	at org.springframework.web.filter.RequestContextFilter.doFilterInternal(RequestContextFilter.java:100) ~[spring-web-7.0.5.jar:7.0.5]
	at org.springframework.web.filter.OncePerRequestFilter.doFilter(OncePerRequestFilter.java:116) ~[spring-web-7.0.5.jar:7.0.5]
	at org.apache.catalina.core.ApplicationFilterChain.doFilter(ApplicationFilterChain.java:107) ~[tomcat-embed-core-11.0.18.jar:11.0.18]
	at org.springframework.web.filter.FormContentFilter.doFilterInternal(FormContentFilter.java:93) ~[spring-web-7.0.5.jar:7.0.5]
	at org.springframework.web.filter.OncePerRequestFilter.doFilter(OncePerRequestFilter.java:116) ~[spring-web-7.0.5.jar:7.0.5]
	at org.apache.catalina.core.ApplicationFilterChain.doFilter(ApplicationFilterChain.java:107) ~[tomcat-embed-core-11.0.18.jar:11.0.18]
	at org.springframework.web.filter.ServerHttpObservationFilter.doFilterInternal(ServerHttpObservationFilter.java:110) ~[spring-web-7.0.5.jar:7.0.5]
	at org.springframework.web.filter.OncePerRequestFilter.doFilter(OncePerRequestFilter.java:116) ~[spring-web-7.0.5.jar:7.0.5]
	at org.apache.catalina.core.ApplicationFilterChain.doFilter(ApplicationFilterChain.java:107) ~[tomcat-embed-core-11.0.18.jar:11.0.18]
	at org.springframework.web.filter.CharacterEncodingFilter.doFilterInternal(CharacterEncodingFilter.java:199) ~[spring-web-7.0.5.jar:7.0.5]
	at org.springframework.web.filter.OncePerRequestFilter.doFilter(OncePerRequestFilter.java:116) ~[spring-web-7.0.5.jar:7.0.5]
	at org.apache.catalina.core.ApplicationFilterChain.doFilter(ApplicationFilterChain.java:107) ~[tomcat-embed-core-11.0.18.jar:11.0.18]
	at org.apache.catalina.core.StandardWrapperValve.invoke(StandardWrapperValve.java:165) ~[tomcat-embed-core-11.0.18.jar:11.0.18]
	at org.apache.catalina.core.StandardContextValve.invoke(StandardContextValve.java:77) ~[tomcat-embed-core-11.0.18.jar:11.0.18]
	at org.apache.catalina.authenticator.AuthenticatorBase.invoke(AuthenticatorBase.java:492) ~[tomcat-embed-core-11.0.18.jar:11.0.18]
	at org.apache.catalina.core.StandardHostValve.invoke(StandardHostValve.java:113) ~[tomcat-embed-core-11.0.18.jar:11.0.18]
	at org.apache.catalina.valves.ErrorReportValve.invoke(ErrorReportValve.java:83) ~[tomcat-embed-core-11.0.18.jar:11.0.18]
	at org.apache.catalina.core.StandardEngineValve.invoke(StandardEngineValve.java:72) ~[tomcat-embed-core-11.0.18.jar:11.0.18]
	at org.apache.catalina.connector.CoyoteAdapter.service(CoyoteAdapter.java:341) ~[tomcat-embed-core-11.0.18.jar:11.0.18]
	at org.apache.coyote.http11.Http11Processor.service(Http11Processor.java:397) ~[tomcat-embed-core-11.0.18.jar:11.0.18]
	at org.apache.coyote.AbstractProcessorLight.process(AbstractProcessorLight.java:63) ~[tomcat-embed-core-11.0.18.jar:11.0.18]
	at org.apache.coyote.AbstractProtocol$ConnectionHandler.process(AbstractProtocol.java:903) ~[tomcat-embed-core-11.0.18.jar:11.0.18]
	at org.apache.tomcat.util.net.NioEndpoint$SocketProcessor.doRun(NioEndpoint.java:1779) ~[tomcat-embed-core-11.0.18.jar:11.0.18]
	at org.apache.tomcat.util.net.SocketProcessorBase.run(SocketProcessorBase.java:52) ~[tomcat-embed-core-11.0.18.jar:11.0.18]
	at org.apache.tomcat.util.threads.ThreadPoolExecutor.runWorker(ThreadPoolExecutor.java:946) ~[tomcat-embed-core-11.0.18.jar:11.0.18]
	at org.apache.tomcat.util.threads.ThreadPoolExecutor$Worker.run(ThreadPoolExecutor.java:480) ~[tomcat-embed-core-11.0.18.jar:11.0.18]
	at org.apache.tomcat.util.threads.TaskThread$WrappingRunnable.run(TaskThread.java:57) ~[tomcat-embed-core-11.0.18.jar:11.0.18]
	at java.base/java.lang.Thread.run(Thread.java:1575) ~[na:na]

2026-03-17T17:21:38.955+05:30  INFO 24588 --- [subscriptionManagementBackend] [File Watcher] rtingClassPathChangeChangedEventListener : Restarting due to 1 class path change (0 additions, 0 deletions, 1 modification)
2026-03-17T17:21:39.054+05:30  INFO 24588 --- [subscriptionManagementBackend] [Thread-1] o.s.boot.tomcat.GracefulShutdown         : Commencing graceful shutdown. Waiting for active requests to complete
2026-03-17T17:21:39.080+05:30  INFO 24588 --- [subscriptionManagementBackend] [tomcat-shutdown] o.s.boot.tomcat.GracefulShutdown         : Graceful shutdown complete
2026-03-17T17:21:39.185+05:30  INFO 24588 --- [subscriptionManagementBackend] [Thread-1] j.LocalContainerEntityManagerFactoryBean : Closing JPA EntityManagerFactory for persistence unit 'default'
2026-03-17T17:21:39.213+05:30  INFO 24588 --- [subscriptionManagementBackend] [Thread-1] com.zaxxer.hikari.HikariDataSource       : HikariPool-1 - Shutdown initiated...
2026-03-17T17:21:40.012+05:30  INFO 24588 --- [subscriptionManagementBackend] [Thread-1] com.zaxxer.hikari.HikariDataSource       : HikariPool-1 - Shutdown completed.
2026-03-17T17:21:40.370+05:30  INFO 24588 --- [subscriptionManagementBackend] [restartedMain] SubscriptionManagementBackendApplication : Starting SubscriptionManagementBackendApplication using Java 23.0.2 with PID 24588 (C:\GitHub\Pratiti Training\Mini Project\subscriptionManagementBackend\target\classes started by rohan in C:\GitHub\Pratiti Training\Mini Project\subscriptionManagementBackend)
2026-03-17T17:21:40.371+05:30 DEBUG 24588 --- [subscriptionManagementBackend] [restartedMain] SubscriptionManagementBackendApplication : Running with Spring Boot v4.0.3, Spring v7.0.5
2026-03-17T17:21:40.372+05:30  INFO 24588 --- [subscriptionManagementBackend] [restartedMain] SubscriptionManagementBackendApplication : No active profile set, falling back to 1 default profile: "default"
2026-03-17T17:21:41.169+05:30  INFO 24588 --- [subscriptionManagementBackend] [restartedMain] .s.d.r.c.RepositoryConfigurationDelegate : Multiple Spring Data modules found, entering strict repository configuration mode
2026-03-17T17:21:41.169+05:30  INFO 24588 --- [subscriptionManagementBackend] [restartedMain] .s.d.r.c.RepositoryConfigurationDelegate : Bootstrapping Spring Data JPA repositories in DEFAULT mode.
2026-03-17T17:21:41.194+05:30  INFO 24588 --- [subscriptionManagementBackend] [restartedMain] .s.d.r.c.RepositoryConfigurationDelegate : Finished Spring Data repository scanning in 21 ms. Found 1 JPA repository interface.
2026-03-17T17:21:41.212+05:30  INFO 24588 --- [subscriptionManagementBackend] [restartedMain] .s.d.r.c.RepositoryConfigurationDelegate : Multiple Spring Data modules found, entering strict repository configuration mode
2026-03-17T17:21:41.212+05:30  INFO 24588 --- [subscriptionManagementBackend] [restartedMain] .s.d.r.c.RepositoryConfigurationDelegate : Bootstrapping Spring Data Redis repositories in DEFAULT mode.
2026-03-17T17:21:41.221+05:30  INFO 24588 --- [subscriptionManagementBackend] [restartedMain] .RepositoryConfigurationExtensionSupport : Spring Data Redis - Could not safely identify store assignment for repository candidate interface com.rohan.repository.UserRepository; If you want this repository to be a Redis repository, consider annotating your entities with one of these annotations: org.springframework.data.redis.core.RedisHash (preferred), or consider extending one of the following types with your repository: org.springframework.data.keyvalue.repository.KeyValueRepository
2026-03-17T17:21:41.221+05:30  INFO 24588 --- [subscriptionManagementBackend] [restartedMain] .s.d.r.c.RepositoryConfigurationDelegate : Finished Spring Data repository scanning in 6 ms. Found 0 Redis repository interfaces.
2026-03-17T17:21:41.574+05:30  INFO 24588 --- [subscriptionManagementBackend] [restartedMain] o.s.boot.tomcat.TomcatWebServer          : Tomcat initialized with port 1234 (http)
2026-03-17T17:21:41.579+05:30  INFO 24588 --- [subscriptionManagementBackend] [restartedMain] o.apache.catalina.core.StandardService   : Starting service [Tomcat]
2026-03-17T17:21:41.579+05:30  INFO 24588 --- [subscriptionManagementBackend] [restartedMain] o.apache.catalina.core.StandardEngine    : Starting Servlet engine: [Apache Tomcat/11.0.18]
2026-03-17T17:21:41.656+05:30  INFO 24588 --- [subscriptionManagementBackend] [restartedMain] b.w.c.s.WebApplicationContextInitializer : Root WebApplicationContext: initialization completed in 1277 ms
2026-03-17T17:21:41.809+05:30  INFO 24588 --- [subscriptionManagementBackend] [restartedMain] org.hibernate.orm.jpa                    : HHH008540: Processing PersistenceUnitInfo [name: default]
2026-03-17T17:21:41.908+05:30  INFO 24588 --- [subscriptionManagementBackend] [restartedMain] o.s.o.j.p.SpringPersistenceUnitInfo      : No LoadTimeWeaver setup: ignoring JPA class transformer
2026-03-17T17:21:41.911+05:30  INFO 24588 --- [subscriptionManagementBackend] [restartedMain] com.zaxxer.hikari.HikariDataSource       : HikariPool-2 - Starting...
2026-03-17T17:21:42.695+05:30  INFO 24588 --- [subscriptionManagementBackend] [restartedMain] com.zaxxer.hikari.pool.HikariPool        : HikariPool-2 - Added connection org.postgresql.jdbc.PgConnection@116c9663
2026-03-17T17:21:42.696+05:30  INFO 24588 --- [subscriptionManagementBackend] [restartedMain] com.zaxxer.hikari.HikariDataSource       : HikariPool-2 - Start completed.
2026-03-17T17:21:42.764+05:30  WARN 24588 --- [subscriptionManagementBackend] [restartedMain] org.hibernate.orm.deprecation            : HHH90000025: PostgreSQLDialect does not need to be specified explicitly using 'hibernate.dialect' (remove the property setting and it will be selected by default)
2026-03-17T17:21:43.032+05:30  INFO 24588 --- [subscriptionManagementBackend] [restartedMain] org.hibernate.orm.connections.pooling    : HHH10001005: Database info:
	Database JDBC URL [jdbc:postgresql://ep-morning-dawn-a1z18fkr-pooler.ap-southeast-1.aws.neon.tech:5432/neondb?sslmode=require&channel_binding=require]
	Database driver: PostgreSQL JDBC Driver
	Database dialect: PostgreSQLDialect
	Database version: 17.8
	Default catalog/schema: neondb/public
	Autocommit mode: undefined/unknown
	Isolation level: READ_COMMITTED [default READ_COMMITTED]
	JDBC fetch size: none
	Pool: DataSourceConnectionProvider
	Minimum pool size: undefined/unknown
	Maximum pool size: undefined/unknown
2026-03-17T17:21:43.146+05:30  INFO 24588 --- [subscriptionManagementBackend] [restartedMain] org.hibernate.orm.core                   : HHH000489: No JTA platform available (set 'hibernate.transaction.jta.platform' to enable JTA platform integration)
2026-03-17T17:21:43.357+05:30  INFO 24588 --- [subscriptionManagementBackend] [restartedMain] j.LocalContainerEntityManagerFactoryBean : Initialized JPA EntityManagerFactory for persistence unit 'default'
2026-03-17T17:21:43.596+05:30  WARN 24588 --- [subscriptionManagementBackend] [restartedMain] JpaBaseConfiguration$JpaWebConfiguration : spring.jpa.open-in-view is enabled by default. Therefore, database queries may be performed during view rendering. Explicitly configure spring.jpa.open-in-view to disable this warning
2026-03-17T17:21:43.629+05:30  INFO 24588 --- [subscriptionManagementBackend] [restartedMain] o.s.v.b.OptionalValidatorFactoryBean     : Failed to set up a Bean Validation provider: jakarta.validation.NoProviderFoundException: Unable to create a Configuration, because no Jakarta Validation provider could be found. Add a provider like Hibernate Validator (RI) to your classpath.
2026-03-17T17:21:44.089+05:30  INFO 24588 --- [subscriptionManagementBackend] [restartedMain] o.s.b.a.e.web.EndpointLinksResolver      : Exposing 1 endpoint beneath base path '/actuator'
2026-03-17T17:21:44.139+05:30  INFO 24588 --- [subscriptionManagementBackend] [restartedMain] o.s.boot.tomcat.TomcatWebServer          : Tomcat started on port 1234 (http) with context path '/'
2026-03-17T17:21:44.146+05:30  INFO 24588 --- [subscriptionManagementBackend] [restartedMain] SubscriptionManagementBackendApplication : Started SubscriptionManagementBackendApplication in 3.851 seconds (process running for 237.224)
2026-03-17T17:21:44.150+05:30  INFO 24588 --- [subscriptionManagementBackend] [restartedMain] .ConditionEvaluationDeltaLoggingListener : Condition evaluation unchanged
2026-03-17T17:22:55.444+05:30  INFO 24588 --- [subscriptionManagementBackend] [File Watcher] rtingClassPathChangeChangedEventListener : Restarting due to 1 class path change (0 additions, 0 deletions, 1 modification)
2026-03-17T17:22:55.446+05:30  INFO 24588 --- [subscriptionManagementBackend] [Thread-6] o.s.boot.tomcat.GracefulShutdown         : Commencing graceful shutdown. Waiting for active requests to complete
2026-03-17T17:22:55.461+05:30  INFO 24588 --- [subscriptionManagementBackend] [tomcat-shutdown] o.s.boot.tomcat.GracefulShutdown         : Graceful shutdown complete
2026-03-17T17:22:55.471+05:30  INFO 24588 --- [subscriptionManagementBackend] [Thread-6] j.LocalContainerEntityManagerFactoryBean : Closing JPA EntityManagerFactory for persistence unit 'default'
2026-03-17T17:22:55.473+05:30  INFO 24588 --- [subscriptionManagementBackend] [Thread-6] com.zaxxer.hikari.HikariDataSource       : HikariPool-2 - Shutdown initiated...
2026-03-17T17:22:56.092+05:30  INFO 24588 --- [subscriptionManagementBackend] [Thread-6] com.zaxxer.hikari.HikariDataSource       : HikariPool-2 - Shutdown completed.
2026-03-17T17:22:56.220+05:30  INFO 24588 --- [subscriptionManagementBackend] [restartedMain] SubscriptionManagementBackendApplication : Starting SubscriptionManagementBackendApplication using Java 23.0.2 with PID 24588 (C:\GitHub\Pratiti Training\Mini Project\subscriptionManagementBackend\target\classes started by rohan in C:\GitHub\Pratiti Training\Mini Project\subscriptionManagementBackend)
2026-03-17T17:22:56.221+05:30 DEBUG 24588 --- [subscriptionManagementBackend] [restartedMain] SubscriptionManagementBackendApplication : Running with Spring Boot v4.0.3, Spring v7.0.5
2026-03-17T17:22:56.221+05:30  INFO 24588 --- [subscriptionManagementBackend] [restartedMain] SubscriptionManagementBackendApplication : No active profile set, falling back to 1 default profile: "default"
2026-03-17T17:22:56.763+05:30  INFO 24588 --- [subscriptionManagementBackend] [restartedMain] .s.d.r.c.RepositoryConfigurationDelegate : Multiple Spring Data modules found, entering strict repository configuration mode
2026-03-17T17:22:56.764+05:30  INFO 24588 --- [subscriptionManagementBackend] [restartedMain] .s.d.r.c.RepositoryConfigurationDelegate : Bootstrapping Spring Data JPA repositories in DEFAULT mode.
2026-03-17T17:22:56.786+05:30  INFO 24588 --- [subscriptionManagementBackend] [restartedMain] .s.d.r.c.RepositoryConfigurationDelegate : Finished Spring Data repository scanning in 19 ms. Found 1 JPA repository interface.
2026-03-17T17:22:56.803+05:30  INFO 24588 --- [subscriptionManagementBackend] [restartedMain] .s.d.r.c.RepositoryConfigurationDelegate : Multiple Spring Data modules found, entering strict repository configuration mode
2026-03-17T17:22:56.803+05:30  INFO 24588 --- [subscriptionManagementBackend] [restartedMain] .s.d.r.c.RepositoryConfigurationDelegate : Bootstrapping Spring Data Redis repositories in DEFAULT mode.
2026-03-17T17:22:56.812+05:30  INFO 24588 --- [subscriptionManagementBackend] [restartedMain] .RepositoryConfigurationExtensionSupport : Spring Data Redis - Could not safely identify store assignment for repository candidate interface com.rohan.repository.UserRepository; If you want this repository to be a Redis repository, consider annotating your entities with one of these annotations: org.springframework.data.redis.core.RedisHash (preferred), or consider extending one of the following types with your repository: org.springframework.data.keyvalue.repository.KeyValueRepository
2026-03-17T17:22:56.813+05:30  INFO 24588 --- [subscriptionManagementBackend] [restartedMain] .s.d.r.c.RepositoryConfigurationDelegate : Finished Spring Data repository scanning in 7 ms. Found 0 Redis repository interfaces.
2026-03-17T17:22:57.163+05:30  INFO 24588 --- [subscriptionManagementBackend] [restartedMain] o.s.boot.tomcat.TomcatWebServer          : Tomcat initialized with port 1234 (http)
2026-03-17T17:22:57.167+05:30  INFO 24588 --- [subscriptionManagementBackend] [restartedMain] o.apache.catalina.core.StandardService   : Starting service [Tomcat]
2026-03-17T17:22:57.167+05:30  INFO 24588 --- [subscriptionManagementBackend] [restartedMain] o.apache.catalina.core.StandardEngine    : Starting Servlet engine: [Apache Tomcat/11.0.18]
2026-03-17T17:22:57.272+05:30  INFO 24588 --- [subscriptionManagementBackend] [restartedMain] b.w.c.s.WebApplicationContextInitializer : Root WebApplicationContext: initialization completed in 1048 ms
2026-03-17T17:22:57.449+05:30  INFO 24588 --- [subscriptionManagementBackend] [restartedMain] org.hibernate.orm.jpa                    : HHH008540: Processing PersistenceUnitInfo [name: default]
2026-03-17T17:22:57.552+05:30  INFO 24588 --- [subscriptionManagementBackend] [restartedMain] o.s.o.j.p.SpringPersistenceUnitInfo      : No LoadTimeWeaver setup: ignoring JPA class transformer
2026-03-17T17:22:57.555+05:30  INFO 24588 --- [subscriptionManagementBackend] [restartedMain] com.zaxxer.hikari.HikariDataSource       : HikariPool-3 - Starting...
2026-03-17T17:22:58.125+05:30  INFO 24588 --- [subscriptionManagementBackend] [restartedMain] com.zaxxer.hikari.pool.HikariPool        : HikariPool-3 - Added connection org.postgresql.jdbc.PgConnection@6ac5ae9b
2026-03-17T17:22:58.126+05:30  INFO 24588 --- [subscriptionManagementBackend] [restartedMain] com.zaxxer.hikari.HikariDataSource       : HikariPool-3 - Start completed.
2026-03-17T17:22:58.188+05:30  WARN 24588 --- [subscriptionManagementBackend] [restartedMain] org.hibernate.orm.deprecation            : HHH90000025: PostgreSQLDialect does not need to be specified explicitly using 'hibernate.dialect' (remove the property setting and it will be selected by default)
2026-03-17T17:22:58.433+05:30  INFO 24588 --- [subscriptionManagementBackend] [restartedMain] org.hibernate.orm.connections.pooling    : HHH10001005: Database info:
	Database JDBC URL [jdbc:postgresql://ep-morning-dawn-a1z18fkr-pooler.ap-southeast-1.aws.neon.tech:5432/neondb?sslmode=require&channel_binding=require]
	Database driver: PostgreSQL JDBC Driver
	Database dialect: PostgreSQLDialect
	Database version: 17.8
	Default catalog/schema: neondb/public
	Autocommit mode: undefined/unknown
	Isolation level: READ_COMMITTED [default READ_COMMITTED]
	JDBC fetch size: none
	Pool: DataSourceConnectionProvider
	Minimum pool size: undefined/unknown
	Maximum pool size: undefined/unknown
2026-03-17T17:22:58.535+05:30  INFO 24588 --- [subscriptionManagementBackend] [restartedMain] org.hibernate.orm.core                   : HHH000489: No JTA platform available (set 'hibernate.transaction.jta.platform' to enable JTA platform integration)
2026-03-17T17:22:58.722+05:30  INFO 24588 --- [subscriptionManagementBackend] [restartedMain] j.LocalContainerEntityManagerFactoryBean : Initialized JPA EntityManagerFactory for persistence unit 'default'
2026-03-17T17:22:58.952+05:30  WARN 24588 --- [subscriptionManagementBackend] [restartedMain] JpaBaseConfiguration$JpaWebConfiguration : spring.jpa.open-in-view is enabled by default. Therefore, database queries may be performed during view rendering. Explicitly configure spring.jpa.open-in-view to disable this warning
2026-03-17T17:22:58.994+05:30  INFO 24588 --- [subscriptionManagementBackend] [restartedMain] o.s.v.b.OptionalValidatorFactoryBean     : Failed to set up a Bean Validation provider: jakarta.validation.NoProviderFoundException: Unable to create a Configuration, because no Jakarta Validation provider could be found. Add a provider like Hibernate Validator (RI) to your classpath.
2026-03-17T17:22:59.507+05:30  INFO 24588 --- [subscriptionManagementBackend] [restartedMain] o.s.b.a.e.web.EndpointLinksResolver      : Exposing 1 endpoint beneath base path '/actuator'
2026-03-17T17:22:59.572+05:30  INFO 24588 --- [subscriptionManagementBackend] [restartedMain] o.s.boot.tomcat.TomcatWebServer          : Tomcat started on port 1234 (http) with context path '/'
2026-03-17T17:22:59.582+05:30  INFO 24588 --- [subscriptionManagementBackend] [restartedMain] SubscriptionManagementBackendApplication : Started SubscriptionManagementBackendApplication in 3.409 seconds (process running for 312.66)
2026-03-17T17:22:59.586+05:30  INFO 24588 --- [subscriptionManagementBackend] [restartedMain] .ConditionEvaluationDeltaLoggingListener : Condition evaluation unchanged
2026-03-17T17:23:13.377+05:30  INFO 24588 --- [subscriptionManagementBackend] [http-nio-1234-exec-1] o.a.c.c.C.[Tomcat].[localhost].[/]       : Initializing Spring DispatcherServlet 'dispatcherServlet'
2026-03-17T17:23:13.378+05:30  INFO 24588 --- [subscriptionManagementBackend] [http-nio-1234-exec-1] o.s.web.servlet.DispatcherServlet        : Initializing Servlet 'dispatcherServlet'
2026-03-17T17:23:13.382+05:30  INFO 24588 --- [subscriptionManagementBackend] [http-nio-1234-exec-1] o.s.web.servlet.DispatcherServlet        : Completed initialization in 4 ms
2026-03-17T17:23:14.185+05:30  INFO 24588 --- [subscriptionManagementBackend] [http-nio-1234-exec-4] o.springdoc.api.AbstractOpenApiResource  : Init duration for springdoc-openapi is: 537 ms
2026-03-17T17:24:09.673+05:30  INFO 24588 --- [subscriptionManagementBackend] [http-nio-1234-exec-5] com.rohan.controller.AuthController      : FUll object:rohanghotekar3225@gmail.com
2026-03-17T17:24:09.675+05:30  INFO 24588 --- [subscriptionManagementBackend] [http-nio-1234-exec-5] com.rohan.controller.AuthController      : Email in Controller:EmailRequest[email=rohanghotekar3225@gmail.com]
2026-03-17T17:24:09.758+05:30  INFO 24588 --- [subscriptionManagementBackend] [http-nio-1234-exec-5] com.rohan.service.OtpServiceImpl         : OTP sent to rohanghotekar3225@gmail.com :111388
2026-03-17T17:25:54.490+05:30  INFO 24588 --- [subscriptionManagementBackend] [http-nio-1234-exec-8] com.rohan.controller.AuthController      : FUll object:rohanghotekar3225@gmail.com
2026-03-17T17:25:54.527+05:30 ERROR 24588 --- [subscriptionManagementBackend] [http-nio-1234-exec-8] o.a.c.c.C.[.[.[/].[dispatcherServlet]    : Servlet.service() for servlet [dispatcherServlet] in context with path [] threw exception [Request processing failed: java.lang.RuntimeException: OTP expired or not found] with root cause

java.lang.RuntimeException: OTP expired or not found
	at com.rohan.service.OtpServiceImpl.verifyOtp(OtpServiceImpl.java:43) ~[classes/:na]
	at com.rohan.controller.AuthController.verifyOtp(AuthController.java:53) ~[classes/:na]
	at java.base/jdk.internal.reflect.DirectMethodHandleAccessor.invoke(DirectMethodHandleAccessor.java:103) ~[na:na]
	at java.base/java.lang.reflect.Method.invoke(Method.java:580) ~[na:na]
	at org.springframework.web.method.support.InvocableHandlerMethod.doInvoke(InvocableHandlerMethod.java:252) ~[spring-web-7.0.5.jar:7.0.5]
	at org.springframework.web.method.support.InvocableHandlerMethod.invokeForRequest(InvocableHandlerMethod.java:184) ~[spring-web-7.0.5.jar:7.0.5]
	at org.springframework.web.servlet.mvc.method.annotation.ServletInvocableHandlerMethod.invokeAndHandle(ServletInvocableHandlerMethod.java:117) ~[spring-webmvc-7.0.5.jar:7.0.5]
	at org.springframework.web.servlet.mvc.method.annotation.RequestMappingHandlerAdapter.invokeHandlerMethod(RequestMappingHandlerAdapter.java:934) ~[spring-webmvc-7.0.5.jar:7.0.5]
	at org.springframework.web.servlet.mvc.method.annotation.RequestMappingHandlerAdapter.handleInternal(RequestMappingHandlerAdapter.java:853) ~[spring-webmvc-7.0.5.jar:7.0.5]
	at org.springframework.web.servlet.mvc.method.AbstractHandlerMethodAdapter.handle(AbstractHandlerMethodAdapter.java:86) ~[spring-webmvc-7.0.5.jar:7.0.5]
	at org.springframework.web.servlet.DispatcherServlet.doDispatch(DispatcherServlet.java:963) ~[spring-webmvc-7.0.5.jar:7.0.5]
	at org.springframework.web.servlet.DispatcherServlet.doService(DispatcherServlet.java:866) ~[spring-webmvc-7.0.5.jar:7.0.5]
	at org.springframework.web.servlet.FrameworkServlet.processRequest(FrameworkServlet.java:1000) ~[spring-webmvc-7.0.5.jar:7.0.5]
	at org.springframework.web.servlet.FrameworkServlet.doPost(FrameworkServlet.java:903) ~[spring-webmvc-7.0.5.jar:7.0.5]
	at jakarta.servlet.http.HttpServlet.service(HttpServlet.java:649) ~[tomcat-embed-core-11.0.18.jar:6.1]
	at org.springframework.web.servlet.FrameworkServlet.service(FrameworkServlet.java:874) ~[spring-webmvc-7.0.5.jar:7.0.5]
	at jakarta.servlet.http.HttpServlet.service(HttpServlet.java:710) ~[tomcat-embed-core-11.0.18.jar:6.1]
	at org.apache.catalina.core.ApplicationFilterChain.doFilter(ApplicationFilterChain.java:128) ~[tomcat-embed-core-11.0.18.jar:11.0.18]
	at org.apache.tomcat.websocket.server.WsFilter.doFilter(WsFilter.java:53) ~[tomcat-embed-websocket-11.0.18.jar:11.0.18]
	at org.apache.catalina.core.ApplicationFilterChain.doFilter(ApplicationFilterChain.java:107) ~[tomcat-embed-core-11.0.18.jar:11.0.18]
	at org.springframework.web.filter.RequestContextFilter.doFilterInternal(RequestContextFilter.java:100) ~[spring-web-7.0.5.jar:7.0.5]
	at org.springframework.web.filter.OncePerRequestFilter.doFilter(OncePerRequestFilter.java:116) ~[spring-web-7.0.5.jar:7.0.5]
	at org.apache.catalina.core.ApplicationFilterChain.doFilter(ApplicationFilterChain.java:107) ~[tomcat-embed-core-11.0.18.jar:11.0.18]
	at org.springframework.web.filter.FormContentFilter.doFilterInternal(FormContentFilter.java:93) ~[spring-web-7.0.5.jar:7.0.5]
	at org.springframework.web.filter.OncePerRequestFilter.doFilter(OncePerRequestFilter.java:116) ~[spring-web-7.0.5.jar:7.0.5]
	at org.apache.catalina.core.ApplicationFilterChain.doFilter(ApplicationFilterChain.java:107) ~[tomcat-embed-core-11.0.18.jar:11.0.18]
	at org.springframework.web.filter.ServerHttpObservationFilter.doFilterInternal(ServerHttpObservationFilter.java:110) ~[spring-web-7.0.5.jar:7.0.5]
	at org.springframework.web.filter.OncePerRequestFilter.doFilter(OncePerRequestFilter.java:116) ~[spring-web-7.0.5.jar:7.0.5]
	at org.apache.catalina.core.ApplicationFilterChain.doFilter(ApplicationFilterChain.java:107) ~[tomcat-embed-core-11.0.18.jar:11.0.18]
	at org.springframework.web.filter.CharacterEncodingFilter.doFilterInternal(CharacterEncodingFilter.java:199) ~[spring-web-7.0.5.jar:7.0.5]
	at org.springframework.web.filter.OncePerRequestFilter.doFilter(OncePerRequestFilter.java:116) ~[spring-web-7.0.5.jar:7.0.5]
	at org.apache.catalina.core.ApplicationFilterChain.doFilter(ApplicationFilterChain.java:107) ~[tomcat-embed-core-11.0.18.jar:11.0.18]
	at org.apache.catalina.core.StandardWrapperValve.invoke(StandardWrapperValve.java:165) ~[tomcat-embed-core-11.0.18.jar:11.0.18]
	at org.apache.catalina.core.StandardContextValve.invoke(StandardContextValve.java:77) ~[tomcat-embed-core-11.0.18.jar:11.0.18]
	at org.apache.catalina.authenticator.AuthenticatorBase.invoke(AuthenticatorBase.java:492) ~[tomcat-embed-core-11.0.18.jar:11.0.18]
	at org.apache.catalina.core.StandardHostValve.invoke(StandardHostValve.java:113) ~[tomcat-embed-core-11.0.18.jar:11.0.18]
	at org.apache.catalina.valves.ErrorReportValve.invoke(ErrorReportValve.java:83) ~[tomcat-embed-core-11.0.18.jar:11.0.18]
	at org.apache.catalina.core.StandardEngineValve.invoke(StandardEngineValve.java:72) ~[tomcat-embed-core-11.0.18.jar:11.0.18]
	at org.apache.catalina.connector.CoyoteAdapter.service(CoyoteAdapter.java:341) ~[tomcat-embed-core-11.0.18.jar:11.0.18]
	at org.apache.coyote.http11.Http11Processor.service(Http11Processor.java:397) ~[tomcat-embed-core-11.0.18.jar:11.0.18]
	at org.apache.coyote.AbstractProcessorLight.process(AbstractProcessorLight.java:63) ~[tomcat-embed-core-11.0.18.jar:11.0.18]
	at org.apache.coyote.AbstractProtocol$ConnectionHandler.process(AbstractProtocol.java:903) ~[tomcat-embed-core-11.0.18.jar:11.0.18]
	at org.apache.tomcat.util.net.NioEndpoint$SocketProcessor.doRun(NioEndpoint.java:1779) ~[tomcat-embed-core-11.0.18.jar:11.0.18]
	at org.apache.tomcat.util.net.SocketProcessorBase.run(SocketProcessorBase.java:52) ~[tomcat-embed-core-11.0.18.jar:11.0.18]
	at org.apache.tomcat.util.threads.ThreadPoolExecutor.runWorker(ThreadPoolExecutor.java:946) ~[tomcat-embed-core-11.0.18.jar:11.0.18]
	at org.apache.tomcat.util.threads.ThreadPoolExecutor$Worker.run(ThreadPoolExecutor.java:480) ~[tomcat-embed-core-11.0.18.jar:11.0.18]
	at org.apache.tomcat.util.threads.TaskThread$WrappingRunnable.run(TaskThread.java:57) ~[tomcat-embed-core-11.0.18.jar:11.0.18]
	at java.base/java.lang.Thread.run(Thread.java:1575) ~[na:na]

2026-03-17T17:27:20.819+05:30  INFO 24588 --- [subscriptionManagementBackend] [RMI TCP Connection(29)-127.0.0.1] inMXBeanRegistrar$SpringApplicationAdmin : Application shutdown requested.
2026-03-17T17:27:20.861+05:30  INFO 24588 --- [subscriptionManagementBackend] [RMI TCP Connection(29)-127.0.0.1] o.s.boot.tomcat.GracefulShutdown         : Commencing graceful shutdown. Waiting for active requests to complete
2026-03-17T17:27:20.881+05:30  INFO 24588 --- [subscriptionManagementBackend] [tomcat-shutdown] o.s.boot.tomcat.GracefulShutdown         : Graceful shutdown complete
2026-03-17T17:27:20.967+05:30  INFO 24588 --- [subscriptionManagementBackend] [RMI TCP Connection(29)-127.0.0.1] j.LocalContainerEntityManagerFactoryBean : Closing JPA EntityManagerFactory for persistence unit 'default'
2026-03-17T17:27:20.983+05:30  INFO 24588 --- [subscriptionManagementBackend] [RMI TCP Connection(29)-127.0.0.1] com.zaxxer.hikari.HikariDataSource       : HikariPool-3 - Shutdown initiated...
2026-03-17T17:27:21.635+05:30  INFO 24588 --- [subscriptionManagementBackend] [RMI TCP Connection(29)-127.0.0.1] com.zaxxer.hikari.HikariDataSource       : HikariPool-3 - Shutdown completed.
